{
  "metadata": {
    "timestamp": "2025-06-04T16:54:07.583154",
    "iterations": 100,
    "warmup": 10,
    "datason_version": "0.5.1",
    "datasets": [
      "basic_types",
      "datetime_uuid_heavy",
      "complex_types_serialized",
      "complex_types_no_hints",
      "large_nested",
      "ml_data_serialized"
    ]
  },
  "function_comparison": {
    "basic_types": {
      "deserialize_old": {
        "mean": 5.4910319740884005e-05,
        "min": 5.199999577598646e-05,
        "max": 6.0999998822808266e-05,
        "std": 1.950022956831036e-06
      },
      "deserialize_fast": {
        "mean": 0.00010703578984248452,
        "min": 9.724999836180359e-05,
        "max": 0.0001879580013337545,
        "std": 1.1966871469027254e-05
      },
      "auto_deserialize_conservative": {
        "mean": 5.807751003885642e-05,
        "min": 5.3625000873580575e-05,
        "max": 0.00014150000060908496,
        "std": 8.945587238178635e-06
      },
      "auto_deserialize_aggressive": {
        "mean": 0.0001872529406682588,
        "min": 0.00015995900321286172,
        "max": 0.0003182500004186295,
        "std": 3.17174834931851e-05
      }
    },
    "datetime_uuid_heavy": {
      "deserialize_old": {
        "mean": 0.0005640642200160073,
        "min": 0.0005118750050314702,
        "max": 0.000680042001476977,
        "std": 3.299324878663187e-05
      },
      "deserialize_fast": {
        "mean": 0.00023819869034923612,
        "min": 0.00021600000036414713,
        "max": 0.0003200409992132336,
        "std": 1.4330314727436582e-05
      },
      "auto_deserialize_conservative": {
        "mean": 0.0004789466195506975,
        "min": 0.0004343750042608008,
        "max": 0.0006357079982990399,
        "std": 2.602261119044617e-05
      },
      "auto_deserialize_aggressive": {
        "mean": 0.0007075624301069183,
        "min": 0.000649959001748357,
        "max": 0.0008884999988367781,
        "std": 3.847641059306502e-05
      }
    },
    "complex_types_serialized": {
      "deserialize_old": {
        "mean": 7.331259766942822e-06,
        "min": 7.0829992182552814e-06,
        "max": 9.54199640545994e-06,
        "std": 5.26862735130952e-07
      },
      "deserialize_fast": {
        "mean": 6.123540020780638e-05,
        "min": 5.3333002142608166e-05,
        "max": 0.00018245799583382905,
        "std": 1.894419827750158e-05
      },
      "auto_deserialize_conservative": {
        "mean": 8.365389730897731e-06,
        "min": 8.249997335951775e-06,
        "max": 8.542003342881799e-06,
        "std": 6.28832045787079e-08
      },
      "auto_deserialize_aggressive": {
        "mean": 5.074077991594095e-05,
        "min": 4.758300201501697e-05,
        "max": 0.00013045800005784258,
        "std": 9.282878992528863e-06
      }
    },
    "complex_types_no_hints": {
      "deserialize_old": {
        "mean": 8.265440410468727e-06,
        "min": 8.082999556791037e-06,
        "max": 1.0333998943679035e-05,
        "std": 2.3825191624095885e-07
      },
      "deserialize_fast": {
        "mean": 8.005389900063164e-06,
        "min": 7.832997653167695e-06,
        "max": 1.0374998964834958e-05,
        "std": 2.9259503588546e-07
      },
      "auto_deserialize_conservative": {
        "mean": 9.852110088104382e-06,
        "min": 8.666000212542713e-06,
        "max": 8.099999831756577e-05,
        "std": 7.152114497696324e-06
      },
      "auto_deserialize_aggressive": {
        "mean": 5.3418239767779594e-05,
        "min": 4.5916000090073794e-05,
        "max": 0.000116457995318342,
        "std": 1.0142755682460437e-05
      }
    },
    "large_nested": {
      "deserialize_old": {
        "mean": 0.0004398069798480719,
        "min": 0.0004003750000265427,
        "max": 0.0005046660007792525,
        "std": 1.7137276615730337e-05
      },
      "deserialize_fast": {
        "mean": 2.7932010270887984e-05,
        "min": 2.7207999664824456e-05,
        "max": 3.216700133634731e-05,
        "std": 1.0477642092709578e-06
      },
      "auto_deserialize_conservative": {
        "mean": 0.0004768298497219803,
        "min": 0.0004382499973871745,
        "max": 0.0005499160033650696,
        "std": 1.6072887545164436e-05
      },
      "auto_deserialize_aggressive": {
        "mean": 2.7324110196786932e-05,
        "min": 2.5207998987752944e-05,
        "max": 5.5374999647028744e-05,
        "std": 4.595731381056438e-06
      }
    },
    "ml_data_serialized": {
      "deserialize_old": {
        "mean": 0.000132316629824345,
        "min": 0.00012216599861858413,
        "max": 0.0002513329964131117,
        "std": 1.571399139477993e-05
      },
      "deserialize_fast": {
        "mean": 0.00018993707024492324,
        "min": 0.00017341700004180893,
        "max": 0.00023233300453284755,
        "std": 1.0801686087268234e-05
      },
      "auto_deserialize_conservative": {
        "mean": 0.0001297428501857212,
        "min": 0.00011979200644418597,
        "max": 0.00025437500153202564,
        "std": 1.3239283344518897e-05
      },
      "auto_deserialize_aggressive": {
        "mean": 0.0012883208200219088,
        "min": 0.0011892089969478548,
        "max": 0.0016170829985640012,
        "std": 6.0167811386574135e-05
      }
    }
  },
  "hot_path_analysis": {
    "basic_types": {
      "old": {
        "mean": 5.878956952074077e-05,
        "min": 5.770799907622859e-05,
        "max": 9.333399793831632e-05,
        "std": 3.656597981463419e-06
      },
      "fast": {
        "mean": 0.00010600073990644887,
        "min": 9.591600246494636e-05,
        "max": 0.00015270799485733733,
        "std": 6.895961027573137e-06
      },
      "speedup": 0.5546147090352916
    },
    "complex_types": {
      "old": {
        "mean": 7.014140501269139e-06,
        "min": 6.9160014390945435e-06,
        "max": 7.415997970383614e-06,
        "std": 6.640496292206193e-08
      },
      "fast": {
        "mean": 6.009370983520057e-05,
        "min": 5.454100028146058e-05,
        "max": 0.0001392499980283901,
        "std": 1.110564072280274e-05
      },
      "speedup": 0.11672004475184734
    }
  }
}
