{
  "metadata": {
    "timestamp": "2025-06-04T16:57:09.738958",
    "iterations": 100,
    "warmup": 10,
    "datason_version": "0.5.1",
    "datasets": [
      "basic_types",
      "datetime_uuid_heavy",
      "complex_types_serialized",
      "complex_types_no_hints",
      "large_nested",
      "ml_data_serialized"
    ]
  },
  "function_comparison": {
    "basic_types": {
      "deserialize_old": {
        "mean": 5.8877100236713887e-05,
        "min": 5.3667004976887256e-05,
        "max": 8.758399781072512e-05,
        "std": 4.181493157284953e-06
      },
      "deserialize_fast": {
        "mean": 7.016205978288781e-05,
        "min": 6.81669989717193e-05,
        "max": 8.408299618167803e-05,
        "std": 2.5426135222495348e-06
      },
      "auto_deserialize_conservative": {
        "mean": 6.0952890053158625e-05,
        "min": 5.4957999964244664e-05,
        "max": 8.36670005810447e-05,
        "std": 5.484044737143058e-06
      },
      "auto_deserialize_aggressive": {
        "mean": 0.0001886346003448125,
        "min": 0.0001618329988559708,
        "max": 0.0004072500014444813,
        "std": 3.780724981290313e-05
      }
    },
    "datetime_uuid_heavy": {
      "deserialize_old": {
        "mean": 0.0005698470101924613,
        "min": 0.0005097499961266294,
        "max": 0.0007271669965120964,
        "std": 3.436313636570682e-05
      },
      "deserialize_fast": {
        "mean": 0.00016336920991307123,
        "min": 0.00014962499699322507,
        "max": 0.0002700830009416677,
        "std": 1.714735134234092e-05
      },
      "auto_deserialize_conservative": {
        "mean": 0.0004784782802744303,
        "min": 0.0004369160014903173,
        "max": 0.0005951659986749291,
        "std": 3.0642581106016316e-05
      },
      "auto_deserialize_aggressive": {
        "mean": 0.000720289579621749,
        "min": 0.0006400409984053113,
        "max": 0.0008690829999977723,
        "std": 3.0883090307532776e-05
      }
    },
    "complex_types_serialized": {
      "deserialize_old": {
        "mean": 7.299090138985776e-06,
        "min": 7.000002369750291e-06,
        "max": 1.012500433716923e-05,
        "std": 5.44512042071766e-07
      },
      "deserialize_fast": {
        "mean": 5.334951070835814e-05,
        "min": 4.641700070351362e-05,
        "max": 0.00011266599904047325,
        "std": 1.00025234487348e-05
      },
      "auto_deserialize_conservative": {
        "mean": 7.80668982770294e-06,
        "min": 7.458998879883438e-06,
        "max": 1.1042000551242381e-05,
        "std": 6.0817809213277e-07
      },
      "auto_deserialize_aggressive": {
        "mean": 5.0030800193781035e-05,
        "min": 4.787500074598938e-05,
        "max": 8.358299965038896e-05,
        "std": 5.383921421692508e-06
      }
    },
    "complex_types_no_hints": {
      "deserialize_old": {
        "mean": 8.920020118239336e-06,
        "min": 8.124996384140104e-06,
        "max": 2.7750000299420208e-05,
        "std": 2.064095489902899e-06
      },
      "deserialize_fast": {
        "mean": 4.688829962105956e-05,
        "min": 4.4832995627075434e-05,
        "max": 5.7749995903577656e-05,
        "std": 2.558302461032075e-06
      },
      "auto_deserialize_conservative": {
        "mean": 9.029149732668883e-06,
        "min": 8.916002116166055e-06,
        "max": 9.208000847138464e-06,
        "std": 5.158484494772309e-08
      },
      "auto_deserialize_aggressive": {
        "mean": 5.2610759375966154e-05,
        "min": 4.7583998821210116e-05,
        "max": 0.00013295900134835392,
        "std": 1.169861505552128e-05
      }
    },
    "large_nested": {
      "deserialize_old": {
        "mean": 0.00044461707970185673,
        "min": 0.0004035829988424666,
        "max": 0.00052466600027401,
        "std": 2.27085123722931e-05
      },
      "deserialize_fast": {
        "mean": 2.6372040010755882e-05,
        "min": 2.562500594649464e-05,
        "max": 3.266600106144324e-05,
        "std": 9.427175866987984e-07
      },
      "auto_deserialize_conservative": {
        "mean": 0.0004885491702589207,
        "min": 0.00044283399620326236,
        "max": 0.000610792005318217,
        "std": 2.3370310805918716e-05
      },
      "auto_deserialize_aggressive": {
        "mean": 2.5658329614088872e-05,
        "min": 2.504199801478535e-05,
        "max": 3.1584000680595636e-05,
        "std": 8.622439557433679e-07
      }
    },
    "ml_data_serialized": {
      "deserialize_old": {
        "mean": 0.00013488124081050044,
        "min": 0.00013020900223637,
        "max": 0.00019858399900840595,
        "std": 8.540155020171942e-06
      },
      "deserialize_fast": {
        "mean": 0.0001513724499818636,
        "min": 0.00013708299957215786,
        "max": 0.00027150000096298754,
        "std": 1.8850332940033227e-05
      },
      "auto_deserialize_conservative": {
        "mean": 0.00013263833985547536,
        "min": 0.00012029199569951743,
        "max": 0.00022979200002737343,
        "std": 1.392876953006089e-05
      },
      "auto_deserialize_aggressive": {
        "mean": 0.0013085953800327844,
        "min": 0.0011810410069301724,
        "max": 0.0016058749970397912,
        "std": 8.744247702623128e-05
      }
    }
  },
  "hot_path_analysis": {
    "basic_types": {
      "old": {
        "mean": 5.674118016031571e-05,
        "min": 5.1458002417348325e-05,
        "max": 9.029100328916684e-05,
        "std": 4.7725523093304745e-06
      },
      "fast": {
        "mean": 7.318579017010052e-05,
        "min": 6.425000174203888e-05,
        "max": 0.00018683300004340708,
        "std": 1.4862470885832428e-05
      },
      "speedup": 0.7753032388997403
    },
    "complex_types": {
      "old": {
        "mean": 7.270350542967208e-06,
        "min": 7.0829992182552814e-06,
        "max": 1.4707999071106315e-05,
        "std": 7.699439268261542e-07
      },
      "fast": {
        "mean": 5.276700023387093e-05,
        "min": 4.612500197254121e-05,
        "max": 0.00010387500515207648,
        "std": 9.43400066219665e-06
      },
      "speedup": 0.1377821462418551
    }
  }
}
