{
  "metadata": {
    "timestamp": "2025-06-04T16:30:44.166175",
    "iterations": 100,
    "warmup": 10,
    "datason_version": "0.5.1",
    "datasets": [
      "basic_types",
      "datetime_uuid_heavy",
      "complex_types_serialized",
      "complex_types_no_hints",
      "large_nested",
      "ml_data_serialized"
    ]
  },
  "function_comparison": {
    "basic_types": {
      "deserialize_old": {
        "mean": 5.979822963126935e-05,
        "min": 5.470799806062132e-05,
        "max": 9.362499986309558e-05,
        "std": 4.464161307547345e-06
      },
      "deserialize_fast": {
        "mean": 0.00011504620000778232,
        "min": 0.00010016699525294825,
        "max": 0.00031312500505009666,
        "std": 3.433892324253567e-05
      },
      "auto_deserialize_conservative": {
        "mean": 5.646276993502397e-05,
        "min": 5.275000148685649e-05,
        "max": 6.037499406374991e-05,
        "std": 1.3137498224238438e-06
      },
      "auto_deserialize_aggressive": {
        "mean": 0.00018046919984044508,
        "min": 0.0001553330002934672,
        "max": 0.0004318330029491335,
        "std": 3.698033865714192e-05
      }
    },
    "datetime_uuid_heavy": {
      "deserialize_old": {
        "mean": 0.0005556566001177998,
        "min": 0.0005007910003769211,
        "max": 0.0006791670020902529,
        "std": 3.63280289831762e-05
      },
      "deserialize_fast": {
        "mean": 0.0005953474294074113,
        "min": 0.000541832996532321,
        "max": 0.0007392080005956814,
        "std": 3.6749126932803356e-05
      },
      "auto_deserialize_conservative": {
        "mean": 0.00048820333999174183,
        "min": 0.0004366669963928871,
        "max": 0.0006860830035293475,
        "std": 4.0729916108059274e-05
      },
      "auto_deserialize_aggressive": {
        "mean": 0.0007247712097887415,
        "min": 0.0006780420007999055,
        "max": 0.000997625000309199,
        "std": 5.1716725072286585e-05
      }
    },
    "complex_types_serialized": {
      "deserialize_old": {
        "mean": 7.0871201023692265e-06,
        "min": 6.87500141793862e-06,
        "max": 1.741700543789193e-05,
        "std": 1.0400808267726369e-06
      },
      "deserialize_fast": {
        "mean": 5.352080959710292e-05,
        "min": 4.862500645685941e-05,
        "max": 0.00017875000048661605,
        "std": 1.6810442147467327e-05
      },
      "auto_deserialize_conservative": {
        "mean": 8.179929936886765e-06,
        "min": 8.082999556791037e-06,
        "max": 8.334005542565137e-06,
        "std": 4.96240779216549e-08
      },
      "auto_deserialize_aggressive": {
        "mean": 5.127418975462206e-05,
        "min": 4.737500421470031e-05,
        "max": 0.00015424999583046883,
        "std": 1.1521629938237355e-05
      }
    },
    "complex_types_no_hints": {
      "deserialize_old": {
        "mean": 7.610830216435716e-06,
        "min": 7.415997970383614e-06,
        "max": 9.792005585040897e-06,
        "std": 4.3569353987109745e-07
      },
      "deserialize_fast": {
        "mean": 5.142747017089277e-05,
        "min": 4.845800140174106e-05,
        "max": 0.0001327499994658865,
        "std": 8.952886899662684e-06
      },
      "auto_deserialize_conservative": {
        "mean": 9.735820422065444e-06,
        "min": 9.125003998633474e-06,
        "max": 1.995899947360158e-05,
        "std": 1.5601763738218757e-06
      },
      "auto_deserialize_aggressive": {
        "mean": 5.0391639670124276e-05,
        "min": 4.4540996896103024e-05,
        "max": 0.00016329200298059732,
        "std": 1.2609252291985298e-05
      }
    },
    "large_nested": {
      "deserialize_old": {
        "mean": 0.0004516053798579378,
        "min": 0.0004175830035819672,
        "max": 0.0005539579942706041,
        "std": 2.076854786066438e-05
      },
      "deserialize_fast": {
        "mean": 2.8876280048280023e-05,
        "min": 2.4291999579872936e-05,
        "max": 0.00011345799430273473,
        "std": 1.1743494289352803e-05
      },
      "auto_deserialize_conservative": {
        "mean": 0.0004887987497932044,
        "min": 0.0004497500049183145,
        "max": 0.0006254580002860166,
        "std": 2.896163850045835e-05
      },
      "auto_deserialize_aggressive": {
        "mean": 2.6657400085241533e-05,
        "min": 2.3332999262493104e-05,
        "max": 0.00010450000263517722,
        "std": 9.393925020461922e-06
      }
    },
    "ml_data_serialized": {
      "deserialize_old": {
        "mean": 0.00013445622033032124,
        "min": 0.00012458299897843972,
        "max": 0.00024500000290572643,
        "std": 1.4943688005778717e-05
      },
      "deserialize_fast": {
        "mean": 0.00023156874027336017,
        "min": 0.00020458299695746973,
        "max": 0.00036745800025528297,
        "std": 2.5720849394179833e-05
      },
      "auto_deserialize_conservative": {
        "mean": 0.00013260501000331715,
        "min": 0.00011929200263693929,
        "max": 0.00027033300284529105,
        "std": 1.988669479445487e-05
      },
      "auto_deserialize_aggressive": {
        "mean": 0.001345517089794157,
        "min": 0.001195750002807472,
        "max": 0.0018540830060373992,
        "std": 0.00011116841300065939
      }
    }
  },
  "hot_path_analysis": {
    "basic_types": {
      "old": {
        "mean": 6.001037036185153e-05,
        "min": 5.3916999604552984e-05,
        "max": 0.00012833300570491701,
        "std": 9.033577999566049e-06
      },
      "fast": {
        "mean": 0.00010992865994921886,
        "min": 9.891600348055363e-05,
        "max": 0.0002719170006457716,
        "std": 2.325685230120511e-05
      },
      "speedup": 0.5459028645448157
    },
    "complex_types": {
      "old": {
        "mean": 7.0590899849776175e-06,
        "min": 6.916998245287687e-06,
        "max": 9.04199987417087e-06,
        "std": 2.1996230561571975e-07
      },
      "fast": {
        "mean": 5.13520605454687e-05,
        "min": 4.5165994379203767e-05,
        "max": 0.0002091249989462085,
        "std": 1.7559205861507205e-05
      },
      "speedup": 0.13746459070960318
    }
  }
}
