{
  "metadata": {
    "timestamp": "2025-06-02T20:30:19.796156+00:00",
    "python_version": "3.12.0 (main, Feb 22 2025, 21:43:18) [Clang 16.0.0 (clang-1600.0.26.6)]",
    "datason_version": "0.4.5",
    "ml_libraries": {
      "numpy": "1.26.3",
      "pandas": "2.2.3"
    },
    "competitive_libs": {
      "orjson": "3.10.18",
      "ujson": "5.10.0"
    }
  },
  "ml_benchmarks": {
    "numpy_arrays": {
      "small_array": {
        "test_name": "numpy_arrays.small_array",
        "datason_standard": {
          "mean": 0.0002765331999398768,
          "min": 0.00021337499492801726,
          "max": 0.0004977080097887665,
          "std": 0.00012372481138005556,
          "iterations": 5,
          "result_size": 20830
        },
        "datason_performance": {
          "mean": 0.00021895840764045714,
          "min": 0.00021754199406132102,
          "max": 0.00022025001817382872,
          "std": 1.1841661512200218e-06,
          "iterations": 5,
          "result_size": 20830
        },
        "json_standard": {
          "mean": 0.00035339160240255296,
          "min": 0.00033891701605170965,
          "max": 0.0003595830057747662,
          "std": 8.228352809191006e-06,
          "iterations": 5,
          "result_size": 20830
        },
        "orjson": {
          "mean": 1.9774801330640912e-05,
          "min": 1.6582984244450927e-05,
          "max": 2.6166002498939633e-05,
          "std": 3.871663260722969e-06,
          "iterations": 5,
          "result_size": 19831
        },
        "ujson": {
          "mean": 9.473340469412506e-05,
          "min": 9.212500299327075e-05,
          "max": 0.00010000000474974513,
          "std": 3.1206167325266346e-06,
          "iterations": 5,
          "result_size": 19831
        },
        "pickle": {
          "mean": 1.0900193592533469e-05,
          "min": 1.0541989468038082e-05,
          "max": 1.1416996130719781e-05,
          "std": 3.61550578707691e-07,
          "iterations": 5,
          "result_size": 25568
        }
      },
      "medium_array": {
        "test_name": "numpy_arrays.medium_array",
        "datason_standard": {
          "mean": 0.0021921831998042763,
          "min": 0.002074000018183142,
          "max": 0.0025663749838713557,
          "std": 0.00020980691326614892,
          "iterations": 5,
          "result_size": 207282
        },
        "datason_performance": {
          "mean": 0.002140524802962318,
          "min": 0.002100791985867545,
          "max": 0.0021899160055909306,
          "std": 3.567740469550441e-05,
          "iterations": 5,
          "result_size": 207282
        },
        "json_standard": {
          "mean": 0.0034739750029984862,
          "min": 0.0033734159951563925,
          "max": 0.0036020420084241778,
          "std": 9.350665432842564e-05,
          "iterations": 5,
          "result_size": 207282
        },
        "orjson": {
          "mean": 0.0003659665992017835,
          "min": 0.00019374999101273715,
          "max": 0.0008322499925270677,
          "std": 0.00026409949631591426,
          "iterations": 5,
          "result_size": 197285
        },
        "ujson": {
          "mean": 0.0009176165971439332,
          "min": 0.0008901669934857637,
          "max": 0.0009941250027623028,
          "std": 4.3089736987056086e-05,
          "iterations": 5,
          "result_size": 197281
        },
        "pickle": {
          "mean": 0.0002506083983462304,
          "min": 8.341699140146375e-05,
          "max": 0.000654415984172374,
          "std": 0.00025228893826578655,
          "iterations": 5,
          "result_size": 250189
        }
      },
      "mixed_types": {
        "test_name": "numpy_arrays.mixed_types",
        "datason_standard": {
          "mean": 0.00020388340344652535,
          "min": 0.00020249999943189323,
          "max": 0.00020487501751631498,
          "std": 1.0303535321545838e-06,
          "iterations": 5,
          "result_size": 13447
        },
        "datason_performance": {
          "mean": 0.00020575000089593232,
          "min": 0.00020358400070108473,
          "max": 0.00020983300055377185,
          "std": 2.377834908094799e-06,
          "iterations": 5,
          "result_size": 13447
        },
        "json_standard": {
          "mean": 0.00020592480432242156,
          "min": 0.00020333300926722586,
          "max": 0.0002133329981006682,
          "std": 4.226844375819085e-06,
          "iterations": 5,
          "result_size": 13447
        },
        "orjson": {
          "mean": 1.1908001033589244e-05,
          "min": 1.1083000572398305e-05,
          "max": 1.391599653288722e-05,
          "std": 1.1831975700521303e-06,
          "iterations": 5,
          "result_size": 12445
        },
        "ujson": {
          "mean": 7.384159252978861e-05,
          "min": 7.366601494140923e-05,
          "max": 7.412498234771192e-05,
          "std": 1.7543079905018656e-07,
          "iterations": 5,
          "result_size": 12445
        },
        "pickle": {
          "mean": 1.6791402595117687e-05,
          "min": 1.6416015569120646e-05,
          "max": 1.7624988686293364e-05,
          "std": 4.913911653725876e-07,
          "iterations": 5,
          "result_size": 16240
        }
      }
    },
    "pandas_dataframes": {
      "small_df": {
        "test_name": "pandas_dataframes.small_df",
        "datason_standard": {
          "mean": 3.3933407394215465e-05,
          "min": 3.295802162028849e-05,
          "max": 3.6874989746138453e-05,
          "std": 1.6545302282406748e-06,
          "iterations": 5,
          "result_size": 3856
        },
        "datason_performance": {
          "mean": 3.4732994390651586e-05,
          "min": 3.391600330360234e-05,
          "max": 3.7416000850498676e-05,
          "std": 1.5083587917387946e-06,
          "iterations": 5,
          "result_size": 3856
        },
        "json_standard": {
          "mean": 3.761660191230476e-05,
          "min": 3.620798815973103e-05,
          "max": 4.087499110028148e-05,
          "std": 1.8844236524081781e-06,
          "iterations": 5,
          "result_size": 3856
        },
        "orjson": {
          "mean": 4.0498038288205865e-06,
          "min": 3.91600769944489e-06,
          "max": 4.250003257766366e-06,
          "std": 1.488037118859869e-07,
          "iterations": 5,
          "result_size": 3457
        },
        "ujson": {
          "mean": 3.751680487766862e-05,
          "min": 2.2666994482278824e-05,
          "max": 8.299999171867967e-05,
          "std": 2.6119176793480946e-05,
          "iterations": 5,
          "result_size": 3457
        },
        "pickle": {
          "mean": 2.135819522663951e-05,
          "min": 8.249975508078933e-06,
          "max": 5.895798676647246e-05,
          "std": 2.1487135602706956e-05,
          "iterations": 5,
          "result_size": 3999
        }
      },
      "mixed_df": {
        "test_name": "pandas_dataframes.mixed_df",
        "datason_standard": {
          "mean": 0.0006790584011469036,
          "min": 0.0005767920229118317,
          "max": 0.0010639170068316162,
          "std": 0.0002152244651030705,
          "iterations": 5,
          "result_size": 11934
        },
        "datason_performance": {
          "mean": 0.0005036584043409675,
          "min": 0.0005010830063838512,
          "max": 0.0005085830052848905,
          "std": 3.0928130689618366e-06,
          "iterations": 5,
          "result_size": 5814
        },
        "json_standard": {
          "mean": 4.607479786500335e-05,
          "min": 4.4750020606443286e-05,
          "max": 4.837499000132084e-05,
          "std": 1.533742157475222e-06,
          "iterations": 5,
          "result_size": 6014
        },
        "orjson": {
          "mean": 1.391660189256072e-05,
          "min": 1.300001167692244e-05,
          "max": 1.6000005416572094e-05,
          "std": 1.2180051279693753e-06,
          "iterations": 5,