{
  "metadata": {
    "timestamp": "2025-06-02T17:28:39.850646+00:00",
    "python_version": "3.12.0 (main, Feb 22 2025, 21:43:18) [Clang 16.0.0 (clang-1600.0.26.6)]",
    "datason_version": "0.4.5",
    "ml_libraries": {
      "numpy": "1.26.3",
      "pandas": "2.2.3"
    },
    "competitive_libs": {
      "orjson": "3.10.18",
      "ujson": "5.10.0"
    }
  },
  "ml_benchmarks": {
    "numpy_arrays": {
      "small_array": {
        "test_name": "numpy_arrays.small_array",
        "datason_standard": {
          "mean": 0.00022270859335549176,
          "min": 0.00021770899184048176,
          "max": 0.00023462498211301863,
          "std": 7.124543226557758e-06,
          "iterations": 5,
          "result_size": 20827
        },
        "datason_performance": {
          "mean": 0.00021727480343542994,
          "min": 0.0002165829937439412,
          "max": 0.00021916700643487275,
          "std": 1.0665085488164965e-06,
          "iterations": 5,
          "result_size": 20827
        },
        "json_standard": {
          "mean": 0.0003624082019086927,
          "min": 0.0003370830090716481,
          "max": 0.0003896669950336218,
          "std": 2.4515261443039274e-05,
          "iterations": 5,
          "result_size": 20827
        },
        "orjson": {
          "mean": 1.8016801914200186e-05,
          "min": 1.6250007320195436e-05,
          "max": 2.3041997337713838e-05,
          "std": 2.8827993568837086e-06,
          "iterations": 5,
          "result_size": 19828
        },
        "ujson": {
          "mean": 9.406661265529693e-05,
          "min": 9.254200267605484e-05,
          "max": 9.541600593365729e-05,
          "std": 1.383643314379023e-06,
          "iterations": 5,
          "result_size": 19828
        },
        "pickle": {
          "mean": 1.0832998668774962e-05,
          "min": 1.0416988516226411e-05,
          "max": 1.1541007552295923e-05,
          "std": 4.357054339272661e-07,
          "iterations": 5,
          "result_size": 25237
        }
      },
      "medium_array": {
        "test_name": "numpy_arrays.medium_array",
        "datason_standard": {
          "mean": 0.0020566334074828773,
          "min": 0.002004125009989366,
          "max": 0.002113916998496279,
          "std": 4.710037034994249e-05,
          "iterations": 5,
          "result_size": 207332
        },
        "datason_performance": {
          "mean": 0.0020689499971922485,
          "min": 0.0020074580097571015,
          "max": 0.002135999995516613,
          "std": 6.370911476445987e-05,
          "iterations": 5,
          "result_size": 207332
        },
        "json_standard": {
          "mean": 0.0033444082015194,
          "min": 0.003276000003097579,
          "max": 0.003423124988330528,
          "std": 5.333385598153559e-05,
          "iterations": 5,
          "result_size": 207332
        },
        "orjson": {
          "mean": 0.00021920020226389169,
          "min": 0.00018254198948852718,
          "max": 0.00025508299586363137,
          "std": 3.1008006476109917e-05,
          "iterations": 5,
          "result_size": 197333
        },
        "ujson": {
          "mean": 0.0009223499975632877,
          "min": 0.0008859999943524599,
          "max": 0.0009660420182626694,
          "std": 3.8852793726893944e-05,
          "iterations": 5,
          "result_size": 197333
        },
        "pickle": {
          "mean": 8.488340536132455e-05,
          "min": 8.437500218860805e-05,
          "max": 8.554200758226216e-05,
          "std": 4.4347917662417437e-07,
          "iterations": 5,
          "result_size": 250444
        }
      },
      "mixed_types": {
        "test_name": "numpy_arrays.mixed_types",
        "datason_standard": {
          "mean": 0.00019925020751543343,
          "min": 0.00019725001766346395,
          "max": 0.0002032499760389328,
          "std": 2.365803331925779e-06,
          "iterations": 5,
          "result_size": 13376
        },
        "datason_performance": {
          "mean": 0.00019798320136032999,
          "min": 0.00019745799363590777,
          "max": 0.00019870800315402448,
          "std": 4.962135150753318e-07,
          "iterations": 5,
          "result_size": 13376
        },
        "json_standard": {
          "mean": 0.00021168320090509952,
          "min": 0.00020012498134747148,
          "max": 0.00024262501392513514,
          "std": 1.7619989632117572e-05,
          "iterations": 5,
          "result_size": 13376
        },
        "orjson": {
          "mean": 1.2758199591189624e-05,
          "min": 1.09999964479357e-05,
          "max": 1.5458004781976342e-05,
          "std": 1.988614886305124e-06,
          "iterations": 5,
          "result_size": 12374
        },
        "ujson": {
          "mean": 8.997499826364219e-05,
          "min": 7.574999472126365e-05,
          "max": 0.00011220801388844848,
          "std": 1.5581858950261072e-05,
          "iterations": 5,
          "result_size": 12374
        },
        "pickle": {
          "mean": 1.7483200645074247e-05,
          "min": 1.695798709988594e-05,
          "max": 1.8416991224512458e-05,
          "std": 5.582082001910212e-07,
          "iterations": 5,
          "result_size": 16315
        }
      }
    },
    "pandas_dataframes": {
      "small_df": {
        "test_name": "pandas_dataframes.small_df",
        "datason_standard": {
          "mean": 3.484140033833682e-05,
          "min": 3.316599759273231e-05,
          "max": 3.708299482241273e-05,
          "std": 1.8390756818663702e-06,
          "iterations": 5,
          "result_size": 3859
        },
        "datason_performance": {
          "mean": 3.366659511812031e-05,
          "min": 3.3499993151053786e-05,
          "max": 3.374999505467713e-05,
          "std": 1.0619813579825844e-07,
          "iterations": 5,
          "result_size": 3859
        },
        "json_standard": {
          "mean": 3.6641600308939816e-05,
          "min": 3.600001218728721e-05,
          "max": 3.804199513979256e-05,
          "std": 8.180430513250298e-07,
          "iterations": 5,
          "result_size": 3859
        },
        "orjson": {
          "mean": 4.10799402743578e-06,
          "min": 3.749999450519681e-06,
          "max": 5.165988113731146e-06,
          "std": 5.960838781831139e-07,
          "iterations": 5,
          "result_size": 3460
        },
        "ujson": {
          "mean": 2.1999794989824294e-05,
          "min": 2.174999099224806e-05,
          "max": 2.2332998923957348e-05,
          "std": 2.103100317017895e-07,
          "iterations": 5,
          "result_size": 3460
        },
        "pickle": {
          "mean": 8.149800123646855e-06,
          "min": 7.5830030255019665e-06,
          "max": 9.500014130026102e-06,
          "std": 8.153204878899949e-07,
          "iterations": 5,
          "result_size": 4026
        }
      },
      "mixed_df": {
        "test_name": "pandas_dataframes.mixed_df",
        "datason_standard": {
          "mean": 0.0006326165981590748,
          "min": 0.0005448749870993197,
          "max": 0.0009634580055717379,
          "std": 0.00018497228136176214,
          "iterations": 5,
          "result_size": 11934
        },
        "datason_performance": {
          "mean": 0.00046714200871065257,
          "min": 0.00046141701750457287,
          "max": 0.0004857500025536865,
          "std": 1.0437324119938766e-05,
          "iterations": 5,
          "result_size": 5814
        },
        "json_standard": {
          "mean": 5.418300279416144e-05,
          "min": 4.549999721348286e-05,
          "max": 7.429101970046759e-05,
          "std": 1.2020656030653885e-05,
          "iterations": 5,
          "result_size": 6014
        },
        "orjson": {
          "mean": 1.358340377919376e-05,
          "min": 1.333298860117793e-05,
          "max": 1.391698606312275e-05,
          "std": 2.553972795928856e-07,
          "iterations": 5,