{
  "metadata": {
    "timestamp": "2025-06-02T17:28:25.310781+00:00",
    "python_version": "3.12.0 (main, Feb 22 2025, 21:43:18) [Clang 16.0.0 (clang-1600.0.26.6)]",
    "platform": "macOS-15.5-arm64-arm-64bit",
    "datason_version": "0.4.5",
    "git_commit": "unknown",
    "git_ref": "unknown",
    "ci_run_id": "local",
    "runner": "local"
  },
  "benchmarks": {
    "serialization": {
      "api_response": {
        "standard": {
          "mean": 0.0011087331949966028,
          "min": 0.0010524590034037828,
          "max": 0.0012001659779343754,
          "std": 4.204870275686296e-05,
          "median": 0.0010954999888781458,
          "iterations": 10
        },
        "performance_config": {
          "mean": 0.0009508208982879296,
          "min": 0.0009142500057350844,
          "max": 0.0010560840019024909,
          "std": 4.680910081839432e-05,
          "median": 0.0009290000016335398,
          "iterations": 10
        },
        "performance_improvement_pct": 14.242587614521367
      },
      "config_data": {
        "standard": {
          "mean": 1.3616899377666413e-05,
          "min": 1.2250005966052413e-05,
          "max": 1.5708996215835214e-05,
          "std": 1.5711045145187155e-06,
          "median": 1.3125012628734112e-05,
          "iterations": 10
        },
        "performance_config": {
          "mean": 1.1641799937933684e-05,
          "min": 1.1499971151351929e-05,
          "max": 1.18750031106174e-05,
          "std": 1.0611970967540584e-07,
          "median": 1.1625001206994057e-05,
          "iterations": 10
        },
        "performance_improvement_pct": 14.50476635651846
      },
      "simple_types": {
        "standard": {
          "mean": 3.10409814119339e-06,
          "min": 2.707995008677244e-06,
          "max": 3.4589902497828007e-06,
          "std": 2.851886869373609e-07,
          "median": 3.2919924706220627e-06,
          "iterations": 10
        },
        "performance_config": {
          "mean": 2.6460998924449087e-06,
          "min": 2.5840126909315586e-06,
          "max": 2.749991836026311e-06,
          "std": 4.897294103137203e-08,
          "median": 2.6669877115637064e-06,
          "iterations": 10
        },
        "performance_improvement_pct": 14.754631713171316
      }
    },
    "deserialization": {
      "api_response": {
        "standard": {
          "mean": 0.00034483729396015403,
          "min": 0.00033245899248868227,
          "max": 0.00042179098818451166,
          "std": 2.7545387430517743e-05,
          "median": 0.00033483299193903804,
          "iterations": 10
        }
      },
      "config_data": {
        "standard": {
          "mean": 4.966597771272063e-06,
          "min": 4.915986210107803e-06,
          "max": 5.083013093098998e-06,
          "std": 6.13515526452771e-08,
          "median": 4.959001671522856e-06,
          "iterations": 10
        }
      },
      "simple_types": {
        "standard": {
          "mean": 3.3457035897299647e-06,
          "min": 3.2500247471034527e-06,
          "max": 3.416993422433734e-06,
          "std": 5.209209916967941e-08,
          "median": 3.3329997677356005e-06,
          "iterations": 10
        }
      }
    },
    "type_detection": {
      "simple_dict": {
        "mean": 1.09980464912951e-06,
        "min": 1.0410149116069078e-06,
        "max": 1.1250085663050413e-06,
        "std": 2.9368131664982145e-08,
        "median": 1.1250085663050413e-06,
        "iterations": 10
      },
      "datetime_objects": {
        "mean": 0.00011733729334082455,
        "min": 0.00011570798233151436,
        "max": 0.0001253749942407012,
        "std": 2.9377131674581668e-06,
        "median": 0.00011637498391792178,
        "iterations": 10
      },
      "uuid_objects": {
        "mean": 3.3623975468799474e-06,
        "min": 3.249995643272996e-06,
        "max": 3.4999975468963385e-06,
        "std": 6.811906721170503e-08,
        "median": 3.374996595084667e-06,
        "iterations": 10
      },
      "decimal_objects": {
        "mean": 9.371260239277035e-05,
        "min": 9.250000584870577e-05,
        "max": 9.4832998001948e-05,
        "std": 7.985288900129556e-07,
        "median": 9.362501441501081e-05,
        "iterations": 10
      },
      "mixed_list": {
        "mean": 0.00014897099463269116,
        "min": 0.0001482499937992543,
        "max": 0.0001517919881734997,
        "std": 1.041827437933414e-06,
        "median": 0.00014879199443385005,
        "iterations": 10
      }
    }
  },
  "version_info": {
    "timestamp": "2025-06-02T17:28:25.242077+00:00",
    "datason_version": "0.4.5",
    "python_version": "3.12.0 (main, Feb 22 2025, 21:43:18) [Clang 16.0.0 (clang-1600.0.26.6)]",
    "git_info": {
      "commit": "05f82a5710e2cd945e5a69f8eef9f12ec7d1e6e8",
      "branch": "performance-deep-dive-investigation",
      "has_uncommitted_changes": true,
      "status": "M datason/core.py\n?? ESSENTIAL_FILES_FOR_PERFORMANCE_SYSTEM.md\n?? benchmarks/MULTI_TIER_BENCHMARKING_STRATEGY.md\n?? benchmarks/PERFORMANCE_ANALYSIS_FINDINGS.md\n?? benchmarks/PERFORMANCE_DEEP_DIVE_ANAL"
    },
    "dependencies": {
      "numpy": "1.26.3",
      "pandas": "2.2.3",
      "orjson": "3.10.18",
      "ujson": "5.10.0",
      "msgpack": [
        1,
        1,
        0
      ]
    }
  },
  "analysis_type": "quick"
}
