{"suite_type": "configurations", "metadata": {"timestamp": 1765164379.7425516, "python_version": "3.12.12", "datason_version": "0.13.0", "enhancement": "capability_based_testing_v1"}, "configurations": {"default": {"description": "Out-of-box experience", "datasets": {"small_objects": {"description": "Small API-style objects", "results": {"serialization": {"mean": 2.728230000172971e-05, "min": 2.4827000004279398e-05, "max": 3.1880000008754905e-05, "std": 2.1392670101931044e-06, "mean_ms": 0.02728230000172971}, "deserialization": {"mean": 3.4058800000025255e-05, "min": 3.0797999997389525e-05, "max": 5.002300000001014e-05, "std": 5.716313026455735e-06, "mean_ms": 0.03405880000002526}, "total_time_ms": 0.061341100001754974, "successful_runs": 10, "config": {}}}, "complex_types": {"description": "Complex type handling", "results": {"serialization": {"mean": 4.821539999966262e-05, "min": 4.6166000004177477e-05, "max": 5.314899999575573e-05, "std": 2.1678800804464323e-06, "mean_ms": 0.04821539999966262}, "deserialization": {"mean": 6.481460000031802e-05, "min": 6.235700000445377e-05, "max": 7.739500000525368e-05, "std": 4.5119654322428445e-06, "mean_ms": 0.06481460000031802}, "total_time_ms": 0.11302999999998065, "successful_runs": 10, "config": {}}}, "medium_dataset": {"description": "Medium-sized realistic dataset", "results": {"serialization": {"mean": 0.0008182861000008756, "min": 0.000801475000002938, "max": 0.000830450000009364, "std": 8.566491780793087e-06, "mean_ms": 0.8182861000008756}, "deserialization": {"mean": 0.001980942000000141, "min": 0.0019702889999990703, "max": 0.001996958999995968, "std": 8.194678243355493e-06, "mean_ms": 1.9809420000001408}, "total_time_ms": 2.7992281000010166, "successful_runs": 10, "config": {}}}}}, "api_fast": {"description": "Fast API responses", "datasets": {"small_objects": {"description": "Small API-style objects", "results": {"serialization": {"mean": 2.977490000120042e-05, "min": 2.6339000001485147e-05, "max": 4.691799999534396e-05, "std": 6.263456719077229e-06, "mean_ms": 0.02977490000120042}, "deserialization": {"mean": 3.3272500000691704e-05, "min": 3.091800000731837e-05, "max": 4.899199998931181e-05, "std": 5.559164586412121e-06, "mean_ms": 0.03327250000069171}, "total_time_ms": 0.06304740000189211, "successful_runs": 10, "config": {"date_format": "unix", "custom_date_format": null, "uuid_format": "object", "parse_uuids": true, "dataframe_orient": "values", "datetime_output": "json_safe", "series_output": "json_safe", "dataframe_output": "json_safe", "numpy_output": "json_safe", "nan_handling": "null", "type_coercion": "safe", "preserve_decimals": false, "preserve_complex": false, "max_depth": 50, "max_size": 100000, "max_string_length": 1000000, "custom_serializers": null, "sort_keys": false, "ensure_ascii": false, "check_if_serialized": false, "include_type_hints": false, "auto_detect_types": false, "redact_fields": null, "redact_patterns": null, "redact_large_objects": false, "redaction_replacement": "<REDACTED>", "include_redaction_summary": false, "audit_trail": false, "cache_scope": "operation", "cache_size_limit": 1000, "cache_warn_on_limit": true, "cache_metrics_enabled": false}}}, "complex_types": {"description": "Complex type handling", "results": {"serialization": {"mean": 6.344420000345963e-05, "min": 6.078399999864814e-05, "max": 6.752699999879042e-05, "std": 1.966948893528843e-06, "mean_ms": 0.06344420000345963}, "deserialization": {"mean": 6.524869999964266e-05, "min": 6.287899999790625e-05, "max": 7.881800000575367e-05, "std": 4.814207657039989e-06, "mean_ms": 0.06524869999964267}, "total_time_ms": 0.1286929000031023, "successful_runs": 10, "config": {"date_format": "unix", "custom_date_format": null, "uuid_format": "object", "parse_uuids": true, "dataframe_orient": "values", "datetime_output": "json_safe", "series_output": "json_safe", "dataframe_output": "json_safe", "numpy_output": "json_safe", "nan_handling": "null", "type_coercion": "safe", "preserve_decimals": false, "preserve_complex": false, "max_depth": 50, "max_size": 100000, "max_string_length": 1000000, "custom_serializers": null, "sort_keys": false, "ensure_ascii": false, "check_if_serialized": false, "include_type_hints": false, "auto_detect_types": false, "redact_fields": null, "redact_patterns": null, "redact_large_objects": false, "redaction_replacement": "<REDACTED>", "include_redaction_summary": false, "audit_trail": false, "cache_scope": "operation", "cache_size_limit": 1000, "cache_warn_on_limit": true, "cache_metrics_enabled": false}}}, "medium_dataset": {"description": "Medium-sized realistic dataset", "results": {"serialization": {"mean": 0.0009960620000029508, "min": 0.000988324999994461, "max": 0.0010066300000062256, "std": 5.754481617651041e-06, "mean_ms": 0.9960620000029508}, "deserialization": {"mean": 0.0019901091000008365, "min": 0.001975158000007582, "max": 0.002001397000000793, "std": 6.812011063872411e-06, "mean_ms": 1.9901091000008364}, "total_time_ms": 2.9861711000037876, "successful_runs": 10, "config": {"date_format": "unix", "custom_date_format": null, "uuid_format": "object", "parse_uuids": true, "dataframe_orient": "values", "datetime_output": "json_safe", "series_output": "json_safe", "dataframe_output": "json_safe", "numpy_output": "json_safe", "nan_handling": "null", "type_coercion": "safe", "preserve_decimals": false, "preserve_complex": false, "max_depth": 50, "max_size": 100000, "max_string_length": 1000000, "custom_serializers": null, "sort_keys": false, "ensure_ascii": false, "check_if_serialized": false, "include_type_hints": false, "auto_detect_types": false, "redact_fields": null, "redact_patterns": null, "redact_large_objects": false, "redaction_replacement": "<REDACTED>", "include_redaction_summary": false, "audit_trail": false, "cache_scope": "operation", "cache_size_limit": 1000, "cache_warn_on_limit": true, "cache_metrics_enabled": false}}}}}, "ml_training": {"description": "ML model serialization", "datasets": {"small_objects": {"description": "Small API-style objects", "results": {"serialization": {"mean": 3.268829999711897e-05, "min": 2.9595999990306154e-05, "max": 4.8241000001780776e-05, "std": 5.551897176022023e-06, "mean_ms": 0.032688299997118975}, "deserialization": {"mean": 3.688519999940354e-05, "min": 3.443500000344102e-05, "max": 5.102599999418089e-05, "std": 5.043446037467429e-06, "mean_ms": 0.03688519999940354}, "total_time_ms": 0.0695734999965225, "successful_runs": 10, "config": {"date_format": "unix_ms", "custom_date_format": null, "uuid_format": "object", "parse_uuids": true, "dataframe_orient": "records", "datetime_output": "json_safe", "series_output": "json_safe", "dataframe_output": "json_safe", "numpy_output": "json_safe", "nan_handling": "null", "type_coercion": "aggressive", "preserve_decimals": false, "preserve_complex": false, "max_depth": 50, "max_size": 100000, "max_string_length": 1000000, "custom_serializers": null, "sort_keys": true, "ensure_ascii": false, "check_if_serialized": false, "include_type_hints": true, "auto_detect_types": false, "redact_fields": null, "redact_patterns": null, "redact_large_objects": false, "redaction_replacement": "<REDACTED>", "include_redaction_summary": false, "audit_trail": false, "cache_scope": "operation", "cache_size_limit": 1000, "cache_warn_on_limit": true, "cache_metrics_enabled": false}}}, "complex_types": {"description": "Complex type handling", "results": {"serialization": {"mean": 6.558020000113629e-05, "min": 6.296800000882286e-05, "max": 7.068299998991279e-05, "std": 2.441431806939145e-06, "mean_ms": 0.06558020000113629}, "deserialization": {"mean": 6.605600000000322e-05, "min": 6.405099999540198e-05, "max": 7.625300000313473e-05, "std": 3.6612013219626265e-06, "mean_ms": 0.06605600000000322}, "total_time_ms": 0.13163620000113951, "successful_runs": 10, "config": {"date_format": "unix_ms", "custom_date_format": null, "uuid_format": "object", "parse_uuids": true, "dataframe_orient": "records",