{"suite_type": "configurations", "metadata": {"timestamp": 1782113510.7849267, "python_version": "3.12.13", "datason_version": "0.13.0", "enhancement": "capability_based_testing_v1"}, "configurations": {"default": {"description": "Out-of-box experience", "datasets": {"small_objects": {"description": "Small API-style objects", "results": {"serialization": {"mean": 2.9674099999965618e-05, "min": 2.5356999998393803e-05, "max": 5.874900000435446e-05, "std": 1.0315714932951557e-05, "mean_ms": 0.02967409999996562}, "deserialization": {"mean": 3.357719999996789e-05, "min": 3.17389999935358e-05, "max": 3.739900000709895e-05, "std": 2.0208223779897685e-06, "mean_ms": 0.03357719999996789}, "total_time_ms": 0.06325129999993351, "successful_runs": 10, "config": {}}}, "complex_types": {"description": "Complex type handling", "results": {"serialization": {"mean": 4.671880000302053e-05, "min": 4.4692999992435034e-05, "max": 5.0664999989180615e-05, "std": 2.0622765627954237e-06, "mean_ms": 0.04671880000302053}, "deserialization": {"mean": 6.644139999991693e-05, "min": 6.38289999983499e-05, "max": 8.353500000168879e-05, "std": 6.046580488994085e-06, "mean_ms": 0.06644139999991694}, "total_time_ms": 0.11316020000293746, "successful_runs": 10, "config": {}}}, "medium_dataset": {"description": "Medium-sized realistic dataset", "results": {"serialization": {"mean": 0.0008252718000022697, "min": 0.0008020690000023478, "max": 0.0008513400000111915, "std": 1.2867213470011147e-05, "mean_ms": 0.8252718000022696}, "deserialization": {"mean": 0.0020382082000011794, "min": 0.0020167930000098977, "max": 0.0020552149999986113, "std": 1.1223885111782376e-05, "mean_ms": 2.038208200001179}, "total_time_ms": 2.863480000003449, "successful_runs": 10, "config": {}}}}}, "api_fast": {"description": "Fast API responses", "datasets": {"small_objects": {"description": "Small API-style objects", "results": {"serialization": {"mean": 3.037030000143659e-05, "min": 2.6669000007473187e-05, "max": 5.4771999998592946e-05, "std": 8.669635132199473e-06, "mean_ms": 0.03037030000143659}, "deserialization": {"mean": 3.297010000267164e-05, "min": 3.199900000083744e-05, "max": 3.599700001188921e-05, "std": 1.213301418099036e-06, "mean_ms": 0.03297010000267164}, "total_time_ms": 0.06334040000410823, "successful_runs": 10, "config": {"date_format": "unix", "custom_date_format": null, "uuid_format": "object", "parse_uuids": true, "dataframe_orient": "values", "datetime_output": "json_safe", "series_output": "json_safe", "dataframe_output": "json_safe", "numpy_output": "json_safe", "nan_handling": "null", "type_coercion": "safe", "preserve_decimals": false, "preserve_complex": false, "max_depth": 50, "max_size": 100000, "max_string_length": 1000000, "custom_serializers": null, "sort_keys": false, "ensure_ascii": false, "check_if_serialized": false, "include_type_hints": false, "auto_detect_types": false, "redact_fields": null, "redact_patterns": null, "redact_large_objects": false, "redaction_replacement": "<REDACTED>", "include_redaction_summary": false, "audit_trail": false, "cache_scope": "operation", "cache_size_limit": 1000, "cache_warn_on_limit": true, "cache_metrics_enabled": false}}}, "complex_types": {"description": "Complex type handling", "results": {"serialization": {"mean": 5.7798300002787076e-05, "min": 5.3649000008704206e-05, "max": 8.037999999999101e-05, "std": 8.154212135190597e-06, "mean_ms": 0.05779830000278707}, "deserialization": {"mean": 5.939330000330756e-05, "min": 5.834800001025542e-05, "max": 6.169499999941763e-05, "std": 9.091683664335282e-07, "mean_ms": 0.05939330000330756}, "total_time_ms": 0.11719160000609463, "successful_runs": 10, "config": {"date_format": "unix", "custom_date_format": null, "uuid_format": "object", "parse_uuids": true, "dataframe_orient": "values", "datetime_output": "json_safe", "series_output": "json_safe", "dataframe_output": "json_safe", "numpy_output": "json_safe", "nan_handling": "null", "type_coercion": "safe", "preserve_decimals": false, "preserve_complex": false, "max_depth": 50, "max_size": 100000, "max_string_length": 1000000, "custom_serializers": null, "sort_keys": false, "ensure_ascii": false, "check_if_serialized": false, "include_type_hints": false, "auto_detect_types": false, "redact_fields": null, "redact_patterns": null, "redact_large_objects": false, "redaction_replacement": "<REDACTED>", "include_redaction_summary": false, "audit_trail": false, "cache_scope": "operation", "cache_size_limit": 1000, "cache_warn_on_limit": true, "cache_metrics_enabled": false}}}, "medium_dataset": {"description": "Medium-sized realistic dataset", "results": {"serialization": {"mean": 0.0009171594999997978, "min": 0.0009013739999943482, "max": 0.0009378310000016654, "std": 1.3699430867044685e-05, "mean_ms": 0.9171594999997978}, "deserialization": {"mean": 0.001940610199999071, "min": 0.001919442999991361, "max": 0.0019681930000103875, "std": 1.4796501224898444e-05, "mean_ms": 1.940610199999071}, "total_time_ms": 2.857769699998869, "successful_runs": 10, "config": {"date_format": "unix", "custom_date_format": null, "uuid_format": "object", "parse_uuids": true, "dataframe_orient": "values", "datetime_output": "json_safe", "series_output": "json_safe", "dataframe_output": "json_safe", "numpy_output": "json_safe", "nan_handling": "null", "type_coercion": "safe", "preserve_decimals": false, "preserve_complex": false, "max_depth": 50, "max_size": 100000, "max_string_length": 1000000, "custom_serializers": null, "sort_keys": false, "ensure_ascii": false, "check_if_serialized": false, "include_type_hints": false, "auto_detect_types": false, "redact_fields": null, "redact_patterns": null, "redact_large_objects": false, "redaction_replacement": "<REDACTED>", "include_redaction_summary": false, "audit_trail": false, "cache_scope": "operation", "cache_size_limit": 1000, "cache_warn_on_limit": true, "cache_metrics_enabled": false}}}}}, "ml_training": {"description": "ML model serialization", "datasets": {"small_objects": {"description": "Small API-style objects", "results": {"serialization": {"mean": 2.9847500002233573e-05, "min": 2.6348999995207123e-05, "max": 4.850999999916894e-05, "std": 6.64176196854232e-06, "mean_ms": 0.029847500002233573}, "deserialization": {"mean": 3.2549600001630095e-05, "min": 3.160900000409583e-05, "max": 3.5697000001277956e-05, "std": 1.182589268292166e-06, "mean_ms": 0.0325496000016301}, "total_time_ms": 0.06239710000386368, "successful_runs": 10, "config": {"date_format": "unix_ms", "custom_date_format": null, "uuid_format": "object", "parse_uuids": true, "dataframe_orient": "records", "datetime_output": "json_safe", "series_output": "json_safe", "dataframe_output": "json_safe", "numpy_output": "json_safe", "nan_handling": "null", "type_coercion": "aggressive", "preserve_decimals": false, "preserve_complex": false, "max_depth": 50, "max_size": 100000, "max_string_length": 1000000, "custom_serializers": null, "sort_keys": true, "ensure_ascii": false, "check_if_serialized": false, "include_type_hints": true, "auto_detect_types": false, "redact_fields": null, "redact_patterns": null, "redact_large_objects": false, "redaction_replacement": "<REDACTED>", "include_redaction_summary": false, "audit_trail": false, "cache_scope": "operation", "cache_size_limit": 1000, "cache_warn_on_limit": true, "cache_metrics_enabled": false}}}, "complex_types": {"description": "Complex type handling", "results": {"serialization": {"mean": 6.267949999880785e-05, "min": 5.673500000114018e-05, "max": 8.461699999884331e-05, "std": 9.555219623301227e-06, "mean_ms": 0.06267949999880784}, "deserialization": {"mean": 6.103739999900882e-05, "min": 5.996200000879526e-05, "max": 6.417000000169537e-05, "std": 1.4164659624996174e-06, "mean_ms": 0.06103739999900881}, "total_time_ms": 0.12371689999781668, "successful_runs": 10, "config": {"date_format": "unix_ms", "custom_date_format": null, "uuid_format": "object", "parse_uuids": true, "dataframe_orient": "records",