{"suite_type": "configurations", "metadata": {"timestamp": 1770611505.880419, "python_version": "3.12.12", "datason_version": "0.13.0", "enhancement": "capability_based_testing_v1"}, "configurations": {"default": {"description": "Out-of-box experience", "datasets": {"small_objects": {"description": "Small API-style objects", "results": {"serialization": {"mean": 2.674220000074001e-05, "min": 2.4756000001957545e-05, "max": 3.310200000328223e-05, "std": 2.5611196245821738e-06, "mean_ms": 0.026742200000740013}, "deserialization": {"mean": 3.280450000033852e-05, "min": 3.169900000443704e-05, "max": 3.6178000001996224e-05, "std": 1.3946664487759597e-06, "mean_ms": 0.03280450000033852}, "total_time_ms": 0.059546700001078534, "successful_runs": 10, "config": {}}}, "complex_types": {"description": "Complex type handling", "results": {"serialization": {"mean": 4.803120000076433e-05, "min": 4.531500000837241e-05, "max": 5.188700001212965e-05, "std": 2.4480381209102825e-06, "mean_ms": 0.04803120000076433}, "deserialization": {"mean": 6.770010000423099e-05, "min": 6.421100000864044e-05, "max": 8.792500000254222e-05, "std": 7.169367155706948e-06, "mean_ms": 0.06770010000423099}, "total_time_ms": 0.11573130000499532, "successful_runs": 10, "config": {}}}, "medium_dataset": {"description": "Medium-sized realistic dataset", "results": {"serialization": {"mean": 0.000826721299996791, "min": 0.000809460999988687, "max": 0.000851248999993004, "std": 1.2933860963248956e-05, "mean_ms": 0.826721299996791}, "deserialization": {"mean": 0.0020314866999996185, "min": 0.0020088939999993727, "max": 0.002045864000010056, "std": 1.133422554460163e-05, "mean_ms": 2.0314866999996184}, "total_time_ms": 2.8582079999964094, "successful_runs": 10, "config": {}}}}}, "api_fast": {"description": "Fast API responses", "datasets": {"small_objects": {"description": "Small API-style objects", "results": {"serialization": {"mean": 2.9838100002166356e-05, "min": 2.6410000003807e-05, "max": 4.978399999799876e-05, "std": 7.162785187025564e-06, "mean_ms": 0.029838100002166357}, "deserialization": {"mean": 3.5672900000349725e-05, "min": 3.1859000003464644e-05, "max": 5.000400000199079e-05, "std": 7.144083992894531e-06, "mean_ms": 0.03567290000034973}, "total_time_ms": 0.06551100000251608, "successful_runs": 10, "config": {"date_format": "unix", "custom_date_format": null, "uuid_format": "object", "parse_uuids": true, "dataframe_orient": "values", "datetime_output": "json_safe", "series_output": "json_safe", "dataframe_output": "json_safe", "numpy_output": "json_safe", "nan_handling": "null", "type_coercion": "safe", "preserve_decimals": false, "preserve_complex": false, "max_depth": 50, "max_size": 100000, "max_string_length": 1000000, "custom_serializers": null, "sort_keys": false, "ensure_ascii": false, "check_if_serialized": false, "include_type_hints": false, "auto_detect_types": false, "redact_fields": null, "redact_patterns": null, "redact_large_objects": false, "redaction_replacement": "<REDACTED>", "include_redaction_summary": false, "audit_trail": false, "cache_scope": "operation", "cache_size_limit": 1000, "cache_warn_on_limit": true, "cache_metrics_enabled": false}}}, "complex_types": {"description": "Complex type handling", "results": {"serialization": {"mean": 5.663630000185549e-05, "min": 5.2788999994390906e-05, "max": 7.209599999669081e-05, "std": 5.780498594702436e-06, "mean_ms": 0.05663630000185549}, "deserialization": {"mean": 5.932530000336555e-05, "min": 5.815000000097825e-05, "max": 6.150500000501324e-05, "std": 9.601564742894373e-07, "mean_ms": 0.059325300003365555}, "total_time_ms": 0.11596160000522104, "successful_runs": 10, "config": {"date_format": "unix", "custom_date_format": null, "uuid_format": "object", "parse_uuids": true, "dataframe_orient": "values", "datetime_output": "json_safe", "series_output": "json_safe", "dataframe_output": "json_safe", "numpy_output": "json_safe", "nan_handling": "null", "type_coercion": "safe", "preserve_decimals": false, "preserve_complex": false, "max_depth": 50, "max_size": 100000, "max_string_length": 1000000, "custom_serializers": null, "sort_keys": false, "ensure_ascii": false, "check_if_serialized": false, "include_type_hints": false, "auto_detect_types": false, "redact_fields": null, "redact_patterns": null, "redact_large_objects": false, "redaction_replacement": "<REDACTED>", "include_redaction_summary": false, "audit_trail": false, "cache_scope": "operation", "cache_size_limit": 1000, "cache_warn_on_limit": true, "cache_metrics_enabled": false}}}, "medium_dataset": {"description": "Medium-sized realistic dataset", "results": {"serialization": {"mean": 0.0009211185000026489, "min": 0.0009073949999987008, "max": 0.0009365590000101065, "std": 8.320666180788925e-06, "mean_ms": 0.9211185000026489}, "deserialization": {"mean": 0.0019220478999997681, "min": 0.001894368999998619, "max": 0.001936318000005599, "std": 1.4627808991888237e-05, "mean_ms": 1.922047899999768}, "total_time_ms": 2.843166400002417, "successful_runs": 10, "config": {"date_format": "unix", "custom_date_format": null, "uuid_format": "object", "parse_uuids": true, "dataframe_orient": "values", "datetime_output": "json_safe", "series_output": "json_safe", "dataframe_output": "json_safe", "numpy_output": "json_safe", "nan_handling": "null", "type_coercion": "safe", "preserve_decimals": false, "preserve_complex": false, "max_depth": 50, "max_size": 100000, "max_string_length": 1000000, "custom_serializers": null, "sort_keys": false, "ensure_ascii": false, "check_if_serialized": false, "include_type_hints": false, "auto_detect_types": false, "redact_fields": null, "redact_patterns": null, "redact_large_objects": false, "redaction_replacement": "<REDACTED>", "include_redaction_summary": false, "audit_trail": false, "cache_scope": "operation", "cache_size_limit": 1000, "cache_warn_on_limit": true, "cache_metrics_enabled": false}}}}}, "ml_training": {"description": "ML model serialization", "datasets": {"small_objects": {"description": "Small API-style objects", "results": {"serialization": {"mean": 3.0062300001532095e-05, "min": 2.616899999452471e-05, "max": 4.9683000000300126e-05, "std": 7.09306769694397e-06, "mean_ms": 0.030062300001532094}, "deserialization": {"mean": 3.3784499999001126e-05, "min": 3.184999999916727e-05, "max": 4.5775999993225014e-05, "std": 4.253073063557728e-06, "mean_ms": 0.03378449999900113}, "total_time_ms": 0.06384680000053322, "successful_runs": 10, "config": {"date_format": "unix_ms", "custom_date_format": null, "uuid_format": "object", "parse_uuids": true, "dataframe_orient": "records", "datetime_output": "json_safe", "series_output": "json_safe", "dataframe_output": "json_safe", "numpy_output": "json_safe", "nan_handling": "null", "type_coercion": "aggressive", "preserve_decimals": false, "preserve_complex": false, "max_depth": 50, "max_size": 100000, "max_string_length": 1000000, "custom_serializers": null, "sort_keys": true, "ensure_ascii": false, "check_if_serialized": false, "include_type_hints": true, "auto_detect_types": false, "redact_fields": null, "redact_patterns": null, "redact_large_objects": false, "redaction_replacement": "<REDACTED>", "include_redaction_summary": false, "audit_trail": false, "cache_scope": "operation", "cache_size_limit": 1000, "cache_warn_on_limit": true, "cache_metrics_enabled": false}}}, "complex_types": {"description": "Complex type handling", "results": {"serialization": {"mean": 6.102469999973437e-05, "min": 5.671599998890997e-05, "max": 7.618299999023748e-05, "std": 5.614453825594637e-06, "mean_ms": 0.061024699999734366}, "deserialization": {"mean": 6.162660000086362e-05, "min": 6.017299999427905e-05, "max": 6.427000000996941e-05, "std": 1.2836357432344217e-06, "mean_ms": 0.06162660000086362}, "total_time_ms": 0.12265130000059797, "successful_runs": 10, "config": {"date_format": "unix_ms", "custom_date_format": null, "uuid_format": "object", "parse_uuids": true, "dataframe_orient": "records",