{"suite_type": "configurations", "metadata": {"timestamp": 1765770385.356263, "python_version": "3.12.12", "datason_version": "0.13.0", "enhancement": "capability_based_testing_v1"}, "configurations": {"default": {"description": "Out-of-box experience", "datasets": {"small_objects": {"description": "Small API-style objects", "results": {"serialization": {"mean": 2.6544800005012802e-05, "min": 2.4826000000643944e-05, "max": 3.1578000005083595e-05, "std": 2.0297710759599465e-06, "mean_ms": 0.026544800005012803}, "deserialization": {"mean": 3.2536699997365304e-05, "min": 3.142799999977797e-05, "max": 3.4061999997447856e-05, "std": 8.765537360538727e-07, "mean_ms": 0.032536699997365304}, "total_time_ms": 0.05908150000237811, "successful_runs": 10, "config": {}}}, "complex_types": {"description": "Complex type handling", "results": {"serialization": {"mean": 4.8114000000509806e-05, "min": 4.5983999996224156e-05, "max": 5.173499999955311e-05, "std": 2.167209419432892e-06, "mean_ms": 0.048114000000509805}, "deserialization": {"mean": 6.596089999959532e-05, "min": 6.336599999201553e-05, "max": 8.267100000125538e-05, "std": 5.901426352648236e-06, "mean_ms": 0.06596089999959531}, "total_time_ms": 0.11407490000010513, "successful_runs": 10, "config": {}}}, "medium_dataset": {"description": "Medium-sized realistic dataset", "results": {"serialization": {"mean": 0.0008291895000027694, "min": 0.0008148950000048671, "max": 0.0008480360000078235, "std": 8.939257045726084e-06, "mean_ms": 0.8291895000027694}, "deserialization": {"mean": 0.002002079999999751, "min": 0.0019809850000029883, "max": 0.0020282800000046564, "std": 1.2089232123642985e-05, "mean_ms": 2.0020799999997507}, "total_time_ms": 2.83126950000252, "successful_runs": 10, "config": {}}}}}, "api_fast": {"description": "Fast API responses", "datasets": {"small_objects": {"description": "Small API-style objects", "results": {"serialization": {"mean": 2.966449999917131e-05, "min": 2.6679000001195163e-05, "max": 4.3039000004796435e-05, "std": 4.903280904195703e-06, "mean_ms": 0.029664499999171312}, "deserialization": {"mean": 3.209290000114606e-05, "min": 3.135700001166697e-05, "max": 3.372199999773784e-05, "std": 9.139206664692088e-07, "mean_ms": 0.03209290000114606}, "total_time_ms": 0.061757400000317375, "successful_runs": 10, "config": {"date_format": "unix", "custom_date_format": null, "uuid_format": "object", "parse_uuids": true, "dataframe_orient": "values", "datetime_output": "json_safe", "series_output": "json_safe", "dataframe_output": "json_safe", "numpy_output": "json_safe", "nan_handling": "null", "type_coercion": "safe", "preserve_decimals": false, "preserve_complex": false, "max_depth": 50, "max_size": 100000, "max_string_length": 1000000, "custom_serializers": null, "sort_keys": false, "ensure_ascii": false, "check_if_serialized": false, "include_type_hints": false, "auto_detect_types": false, "redact_fields": null, "redact_patterns": null, "redact_large_objects": false, "redaction_replacement": "<REDACTED>", "include_redaction_summary": false, "audit_trail": false, "cache_scope": "operation", "cache_size_limit": 1000, "cache_warn_on_limit": true, "cache_metrics_enabled": false}}}, "complex_types": {"description": "Complex type handling", "results": {"serialization": {"mean": 5.769100000208027e-05, "min": 5.573300001060488e-05, "max": 6.123199999308326e-05, "std": 1.8055106335662585e-06, "mean_ms": 0.05769100000208027}, "deserialization": {"mean": 6.0944900000947654e-05, "min": 5.8147000004282745e-05, "max": 7.308400000738402e-05, "std": 4.582633122260754e-06, "mean_ms": 0.060944900000947655}, "total_time_ms": 0.11863590000302793, "successful_runs": 10, "config": {"date_format": "unix", "custom_date_format": null, "uuid_format": "object", "parse_uuids": true, "dataframe_orient": "values", "datetime_output": "json_safe", "series_output": "json_safe", "dataframe_output": "json_safe", "numpy_output": "json_safe", "nan_handling": "null", "type_coercion": "safe", "preserve_decimals": false, "preserve_complex": false, "max_depth": 50, "max_size": 100000, "max_string_length": 1000000, "custom_serializers": null, "sort_keys": false, "ensure_ascii": false, "check_if_serialized": false, "include_type_hints": false, "auto_detect_types": false, "redact_fields": null, "redact_patterns": null, "redact_large_objects": false, "redaction_replacement": "<REDACTED>", "include_redaction_summary": false, "audit_trail": false, "cache_scope": "operation", "cache_size_limit": 1000, "cache_warn_on_limit": true, "cache_metrics_enabled": false}}}, "medium_dataset": {"description": "Medium-sized realistic dataset", "results": {"serialization": {"mean": 0.0009556643999985681, "min": 0.0009494220000050291, "max": 0.0009642889999952331, "std": 5.641306273114833e-06, "mean_ms": 0.9556643999985681}, "deserialization": {"mean": 0.0018990199000015195, "min": 0.001887422999999444, "max": 0.0019195510000002969, "std": 1.1015425055662624e-05, "mean_ms": 1.8990199000015195}, "total_time_ms": 2.8546843000000877, "successful_runs": 10, "config": {"date_format": "unix", "custom_date_format": null, "uuid_format": "object", "parse_uuids": true, "dataframe_orient": "values", "datetime_output": "json_safe", "series_output": "json_safe", "dataframe_output": "json_safe", "numpy_output": "json_safe", "nan_handling": "null", "type_coercion": "safe", "preserve_decimals": false, "preserve_complex": false, "max_depth": 50, "max_size": 100000, "max_string_length": 1000000, "custom_serializers": null, "sort_keys": false, "ensure_ascii": false, "check_if_serialized": false, "include_type_hints": false, "auto_detect_types": false, "redact_fields": null, "redact_patterns": null, "redact_large_objects": false, "redaction_replacement": "<REDACTED>", "include_redaction_summary": false, "audit_trail": false, "cache_scope": "operation", "cache_size_limit": 1000, "cache_warn_on_limit": true, "cache_metrics_enabled": false}}}}}, "ml_training": {"description": "ML model serialization", "datasets": {"small_objects": {"description": "Small API-style objects", "results": {"serialization": {"mean": 2.990400000015825e-05, "min": 2.6989000005528396e-05, "max": 4.507300000966552e-05, "std": 5.407127664958325e-06, "mean_ms": 0.02990400000015825}, "deserialization": {"mean": 3.221080000059828e-05, "min": 3.125700000339293e-05, "max": 3.3762000001047454e-05, "std": 7.729631027156143e-07, "mean_ms": 0.03221080000059828}, "total_time_ms": 0.062114800000756525, "successful_runs": 10, "config": {"date_format": "unix_ms", "custom_date_format": null, "uuid_format": "object", "parse_uuids": true, "dataframe_orient": "records", "datetime_output": "json_safe", "series_output": "json_safe", "dataframe_output": "json_safe", "numpy_output": "json_safe", "nan_handling": "null", "type_coercion": "aggressive", "preserve_decimals": false, "preserve_complex": false, "max_depth": 50, "max_size": 100000, "max_string_length": 1000000, "custom_serializers": null, "sort_keys": true, "ensure_ascii": false, "check_if_serialized": false, "include_type_hints": true, "auto_detect_types": false, "redact_fields": null, "redact_patterns": null, "redact_large_objects": false, "redaction_replacement": "<REDACTED>", "include_redaction_summary": false, "audit_trail": false, "cache_scope": "operation", "cache_size_limit": 1000, "cache_warn_on_limit": true, "cache_metrics_enabled": false}}}, "complex_types": {"description": "Complex type handling", "results": {"serialization": {"mean": 6.358499999805644e-05, "min": 6.0430999994309786e-05, "max": 7.16019999913442e-05, "std": 3.599339815981053e-06, "mean_ms": 0.06358499999805645}, "deserialization": {"mean": 6.308090000004541e-05, "min": 5.934899999715526e-05, "max": 7.39559999942685e-05, "std": 5.169624839206092e-06, "mean_ms": 0.0630809000000454}, "total_time_ms": 0.12666589999810185, "successful_runs": 10, "config": {"date_format": "unix_ms", "custom_date_format": null, "uuid_format": "object", "parse_uuids": true, "dataframe_orient": "records",