{"suite_type": "configurations", "metadata": {"timestamp": 1774240433.428722, "python_version": "3.12.13", "datason_version": "0.13.0", "enhancement": "capability_based_testing_v1"}, "configurations": {"default": {"description": "Out-of-box experience", "datasets": {"small_objects": {"description": "Small API-style objects", "results": {"serialization": {"mean": 2.7182599998809566e-05, "min": 2.5608000001398068e-05, "max": 3.2820999990690325e-05, "std": 2.210070694981004e-06, "mean_ms": 0.027182599998809565}, "deserialization": {"mean": 3.317379999998593e-05, "min": 3.159900001037386e-05, "max": 3.558699999928194e-05, "std": 1.1284932709682063e-06, "mean_ms": 0.03317379999998593}, "total_time_ms": 0.060356399998795496, "successful_runs": 10, "config": {}}}, "complex_types": {"description": "Complex type handling", "results": {"serialization": {"mean": 5.110830000205624e-05, "min": 4.531500000837241e-05, "max": 7.962899999824913e-05, "std": 1.030323535909878e-05, "mean_ms": 0.05110830000205624}, "deserialization": {"mean": 6.498510000341184e-05, "min": 6.221600000344552e-05, "max": 7.217400001024998e-05, "std": 2.698790366752939e-06, "mean_ms": 0.06498510000341184}, "total_time_ms": 0.11609340000546808, "successful_runs": 10, "config": {}}}, "medium_dataset": {"description": "Medium-sized realistic dataset", "results": {"serialization": {"mean": 0.0008056738000036034, "min": 0.0007863460000123723, "max": 0.0008203290000068364, "std": 9.780840155613702e-06, "mean_ms": 0.8056738000036034}, "deserialization": {"mean": 0.0020615045000013767, "min": 0.002010386999998559, "max": 0.002355200000010882, "std": 0.00010382779129400941, "mean_ms": 2.0615045000013765}, "total_time_ms": 2.8671783000049804, "successful_runs": 10, "config": {}}}}}, "api_fast": {"description": "Fast API responses", "datasets": {"small_objects": {"description": "Small API-style objects", "results": {"serialization": {"mean": 2.8649500004007676e-05, "min": 2.6750000003517016e-05, "max": 3.5586000009857344e-05, "std": 2.6634319246244284e-06, "mean_ms": 0.028649500004007677}, "deserialization": {"mean": 3.265390000137813e-05, "min": 3.201900000249225e-05, "max": 3.363300000103209e-05, "std": 5.233701576284893e-07, "mean_ms": 0.03265390000137813}, "total_time_ms": 0.06130340000538581, "successful_runs": 10, "config": {"date_format": "unix", "custom_date_format": null, "uuid_format": "object", "parse_uuids": true, "dataframe_orient": "values", "datetime_output": "json_safe", "series_output": "json_safe", "dataframe_output": "json_safe", "numpy_output": "json_safe", "nan_handling": "null", "type_coercion": "safe", "preserve_decimals": false, "preserve_complex": false, "max_depth": 50, "max_size": 100000, "max_string_length": 1000000, "custom_serializers": null, "sort_keys": false, "ensure_ascii": false, "check_if_serialized": false, "include_type_hints": false, "auto_detect_types": false, "redact_fields": null, "redact_patterns": null, "redact_large_objects": false, "redaction_replacement": "<REDACTED>", "include_redaction_summary": false, "audit_trail": false, "cache_scope": "operation", "cache_size_limit": 1000, "cache_warn_on_limit": true, "cache_metrics_enabled": false}}}, "complex_types": {"description": "Complex type handling", "results": {"serialization": {"mean": 5.4366200001254586e-05, "min": 5.149599999754173e-05, "max": 5.8980000005703914e-05, "std": 2.5227758024472286e-06, "mean_ms": 0.05436620000125458}, "deserialization": {"mean": 6.121119999988878e-05, "min": 5.857899999739402e-05, "max": 7.63129999938883e-05, "std": 5.365392016536673e-06, "mean_ms": 0.061211199999888784}, "total_time_ms": 0.11557740000114337, "successful_runs": 10, "config": {"date_format": "unix", "custom_date_format": null, "uuid_format": "object", "parse_uuids": true, "dataframe_orient": "values", "datetime_output": "json_safe", "series_output": "json_safe", "dataframe_output": "json_safe", "numpy_output": "json_safe", "nan_handling": "null", "type_coercion": "safe", "preserve_decimals": false, "preserve_complex": false, "max_depth": 50, "max_size": 100000, "max_string_length": 1000000, "custom_serializers": null, "sort_keys": false, "ensure_ascii": false, "check_if_serialized": false, "include_type_hints": false, "auto_detect_types": false, "redact_fields": null, "redact_patterns": null, "redact_large_objects": false, "redaction_replacement": "<REDACTED>", "include_redaction_summary": false, "audit_trail": false, "cache_scope": "operation", "cache_size_limit": 1000, "cache_warn_on_limit": true, "cache_metrics_enabled": false}}}, "medium_dataset": {"description": "Medium-sized realistic dataset", "results": {"serialization": {"mean": 0.000897434999994573, "min": 0.000881933999991702, "max": 0.0009038949999933266, "std": 6.3380408653273025e-06, "mean_ms": 0.897434999994573}, "deserialization": {"mean": 0.0019126489000029778, "min": 0.0019003120000036233, "max": 0.001926720999989584, "std": 8.85478608023484e-06, "mean_ms": 1.9126489000029778}, "total_time_ms": 2.810083899997551, "successful_runs": 10, "config": {"date_format": "unix", "custom_date_format": null, "uuid_format": "object", "parse_uuids": true, "dataframe_orient": "values", "datetime_output": "json_safe", "series_output": "json_safe", "dataframe_output": "json_safe", "numpy_output": "json_safe", "nan_handling": "null", "type_coercion": "safe", "preserve_decimals": false, "preserve_complex": false, "max_depth": 50, "max_size": 100000, "max_string_length": 1000000, "custom_serializers": null, "sort_keys": false, "ensure_ascii": false, "check_if_serialized": false, "include_type_hints": false, "auto_detect_types": false, "redact_fields": null, "redact_patterns": null, "redact_large_objects": false, "redaction_replacement": "<REDACTED>", "include_redaction_summary": false, "audit_trail": false, "cache_scope": "operation", "cache_size_limit": 1000, "cache_warn_on_limit": true, "cache_metrics_enabled": false}}}}}, "ml_training": {"description": "ML model serialization", "datasets": {"small_objects": {"description": "Small API-style objects", "results": {"serialization": {"mean": 2.718279999811557e-05, "min": 2.6548999997544342e-05, "max": 2.9514999994262325e-05, "std": 8.684885708601608e-07, "mean_ms": 0.02718279999811557}, "deserialization": {"mean": 3.1789199999820995e-05, "min": 3.1339000003072215e-05, "max": 3.2781000001591565e-05, "std": 4.349004478531507e-07, "mean_ms": 0.031789199999820994}, "total_time_ms": 0.058971999997936564, "successful_runs": 10, "config": {"date_format": "unix_ms", "custom_date_format": null, "uuid_format": "object", "parse_uuids": true, "dataframe_orient": "records", "datetime_output": "json_safe", "series_output": "json_safe", "dataframe_output": "json_safe", "numpy_output": "json_safe", "nan_handling": "null", "type_coercion": "aggressive", "preserve_decimals": false, "preserve_complex": false, "max_depth": 50, "max_size": 100000, "max_string_length": 1000000, "custom_serializers": null, "sort_keys": true, "ensure_ascii": false, "check_if_serialized": false, "include_type_hints": true, "auto_detect_types": false, "redact_fields": null, "redact_patterns": null, "redact_large_objects": false, "redaction_replacement": "<REDACTED>", "include_redaction_summary": false, "audit_trail": false, "cache_scope": "operation", "cache_size_limit": 1000, "cache_warn_on_limit": true, "cache_metrics_enabled": false}}}, "complex_types": {"description": "Complex type handling", "results": {"serialization": {"mean": 5.784089999707476e-05, "min": 5.581399999243786e-05, "max": 6.177499999182601e-05, "std": 1.934439765363307e-06, "mean_ms": 0.05784089999707476}, "deserialization": {"mean": 6.306760000143185e-05, "min": 6.025199999726283e-05, "max": 7.833600000139995e-05, "std": 5.390213049039688e-06, "mean_ms": 0.06306760000143186}, "total_time_ms": 0.1209084999985066, "successful_runs": 10, "config": {"date_format": "unix_ms", "custom_date_format": null, "uuid_format": "object", "parse_uuids": true, "dataframe_orient": "records",