{"suite_type": "configurations", "metadata": {"timestamp": 1778479439.4040973, "python_version": "3.12.13", "datason_version": "0.13.0", "enhancement": "capability_based_testing_v1"}, "configurations": {"default": {"description": "Out-of-box experience", "datasets": {"small_objects": {"description": "Small API-style objects", "results": {"serialization": {"mean": 2.6658899997755725e-05, "min": 2.5156999996056584e-05, "max": 3.1909999989920834e-05, "std": 2.2431354246780324e-06, "mean_ms": 0.026658899997755725}, "deserialization": {"mean": 3.249600000145847e-05, "min": 3.1578999994508195e-05, "max": 3.497600000912371e-05, "std": 1.1339419944775916e-06, "mean_ms": 0.03249600000145847}, "total_time_ms": 0.059154899999214194, "successful_runs": 10, "config": {}}}, "complex_types": {"description": "Complex type handling", "results": {"serialization": {"mean": 4.716939999980241e-05, "min": 4.4322999997348234e-05, "max": 5.245900000261372e-05, "std": 2.6825843761077456e-06, "mean_ms": 0.04716939999980241}, "deserialization": {"mean": 6.637530000119796e-05, "min": 6.297800000254483e-05, "max": 8.758399999919675e-05, "std": 7.551469540887752e-06, "mean_ms": 0.06637530000119796}, "total_time_ms": 0.11354470000100036, "successful_runs": 10, "config": {}}}, "medium_dataset": {"description": "Medium-sized realistic dataset", "results": {"serialization": {"mean": 0.0008196724999990579, "min": 0.000800630000000524, "max": 0.0008821329999904037, "std": 2.621881172336118e-05, "mean_ms": 0.8196724999990579}, "deserialization": {"mean": 0.0020182680000004893, "min": 0.0019717939999992495, "max": 0.002237481999998181, "std": 8.039749485141724e-05, "mean_ms": 2.0182680000004893}, "total_time_ms": 2.8379404999995472, "successful_runs": 10, "config": {}}}}}, "api_fast": {"description": "Fast API responses", "datasets": {"small_objects": {"description": "Small API-style objects", "results": {"serialization": {"mean": 2.7811299997893e-05, "min": 2.6138999999147927e-05, "max": 3.1339000003072215e-05, "std": 1.6523015616272388e-06, "mean_ms": 0.027811299997893002}, "deserialization": {"mean": 3.410010000095554e-05, "min": 3.15289999974766e-05, "max": 5.2077999995958635e-05, "std": 6.34169429421183e-06, "mean_ms": 0.034100100000955536}, "total_time_ms": 0.06191139999884854, "successful_runs": 10, "config": {"date_format": "unix", "custom_date_format": null, "uuid_format": "object", "parse_uuids": true, "dataframe_orient": "values", "datetime_output": "json_safe", "series_output": "json_safe", "dataframe_output": "json_safe", "numpy_output": "json_safe", "nan_handling": "null", "type_coercion": "safe", "preserve_decimals": false, "preserve_complex": false, "max_depth": 50, "max_size": 100000, "max_string_length": 1000000, "custom_serializers": null, "sort_keys": false, "ensure_ascii": false, "check_if_serialized": false, "include_type_hints": false, "auto_detect_types": false, "redact_fields": null, "redact_patterns": null, "redact_large_objects": false, "redaction_replacement": "<REDACTED>", "include_redaction_summary": false, "audit_trail": false, "cache_scope": "operation", "cache_size_limit": 1000, "cache_warn_on_limit": true, "cache_metrics_enabled": false}}}, "complex_types": {"description": "Complex type handling", "results": {"serialization": {"mean": 5.5475099998147925e-05, "min": 5.1697000003514404e-05, "max": 7.008099998984108e-05, "std": 5.598626087228405e-06, "mean_ms": 0.055475099998147925}, "deserialization": {"mean": 5.9216000002493276e-05, "min": 5.835000000331547e-05, "max": 6.188600001166833e-05, "std": 1.0762005207378895e-06, "mean_ms": 0.059216000002493274}, "total_time_ms": 0.1146911000006412, "successful_runs": 10, "config": {"date_format": "unix", "custom_date_format": null, "uuid_format": "object", "parse_uuids": true, "dataframe_orient": "values", "datetime_output": "json_safe", "series_output": "json_safe", "dataframe_output": "json_safe", "numpy_output": "json_safe", "nan_handling": "null", "type_coercion": "safe", "preserve_decimals": false, "preserve_complex": false, "max_depth": 50, "max_size": 100000, "max_string_length": 1000000, "custom_serializers": null, "sort_keys": false, "ensure_ascii": false, "check_if_serialized": false, "include_type_hints": false, "auto_detect_types": false, "redact_fields": null, "redact_patterns": null, "redact_large_objects": false, "redaction_replacement": "<REDACTED>", "include_redaction_summary": false, "audit_trail": false, "cache_scope": "operation", "cache_size_limit": 1000, "cache_warn_on_limit": true, "cache_metrics_enabled": false}}}, "medium_dataset": {"description": "Medium-sized realistic dataset", "results": {"serialization": {"mean": 0.0008991466000011882, "min": 0.0008702309999932822, "max": 0.000974886999998148, "std": 2.849308039580539e-05, "mean_ms": 0.8991466000011883}, "deserialization": {"mean": 0.0019066359000007083, "min": 0.0018924150000003692, "max": 0.0019189549999936162, "std": 8.469114900199044e-06, "mean_ms": 1.9066359000007083}, "total_time_ms": 2.8057825000018966, "successful_runs": 10, "config": {"date_format": "unix", "custom_date_format": null, "uuid_format": "object", "parse_uuids": true, "dataframe_orient": "values", "datetime_output": "json_safe", "series_output": "json_safe", "dataframe_output": "json_safe", "numpy_output": "json_safe", "nan_handling": "null", "type_coercion": "safe", "preserve_decimals": false, "preserve_complex": false, "max_depth": 50, "max_size": 100000, "max_string_length": 1000000, "custom_serializers": null, "sort_keys": false, "ensure_ascii": false, "check_if_serialized": false, "include_type_hints": false, "auto_detect_types": false, "redact_fields": null, "redact_patterns": null, "redact_large_objects": false, "redaction_replacement": "<REDACTED>", "include_redaction_summary": false, "audit_trail": false, "cache_scope": "operation", "cache_size_limit": 1000, "cache_warn_on_limit": true, "cache_metrics_enabled": false}}}}}, "ml_training": {"description": "ML model serialization", "datasets": {"small_objects": {"description": "Small API-style objects", "results": {"serialization": {"mean": 2.769489999820962e-05, "min": 2.5899000007711948e-05, "max": 3.329300000132207e-05, "std": 2.192781564782497e-06, "mean_ms": 0.02769489999820962}, "deserialization": {"mean": 3.471200000007002e-05, "min": 3.0958000010627984e-05, "max": 6.185499999844524e-05, "std": 9.5658408928754e-06, "mean_ms": 0.03471200000007002}, "total_time_ms": 0.062406899998279634, "successful_runs": 10, "config": {"date_format": "unix_ms", "custom_date_format": null, "uuid_format": "object", "parse_uuids": true, "dataframe_orient": "records", "datetime_output": "json_safe", "series_output": "json_safe", "dataframe_output": "json_safe", "numpy_output": "json_safe", "nan_handling": "null", "type_coercion": "aggressive", "preserve_decimals": false, "preserve_complex": false, "max_depth": 50, "max_size": 100000, "max_string_length": 1000000, "custom_serializers": null, "sort_keys": true, "ensure_ascii": false, "check_if_serialized": false, "include_type_hints": true, "auto_detect_types": false, "redact_fields": null, "redact_patterns": null, "redact_large_objects": false, "redaction_replacement": "<REDACTED>", "include_redaction_summary": false, "audit_trail": false, "cache_scope": "operation", "cache_size_limit": 1000, "cache_warn_on_limit": true, "cache_metrics_enabled": false}}}, "complex_types": {"description": "Complex type handling", "results": {"serialization": {"mean": 5.979920000100947e-05, "min": 5.553299999405681e-05, "max": 7.68940000028806e-05, "std": 6.4911620238063895e-06, "mean_ms": 0.05979920000100947}, "deserialization": {"mean": 6.158349999907387e-05, "min": 6.017299999427905e-05, "max": 6.85079999982463e-05, "std": 2.4787654295673975e-06, "mean_ms": 0.061583499999073865}, "total_time_ms": 0.12138270000008333, "successful_runs": 10, "config": {"date_format": "unix_ms", "custom_date_format": null, "uuid_format": "object", "parse_uuids": true, "dataframe_orient": "records",