{"suite_type": "configurations", "metadata": {"timestamp": 1758510684.244057, "python_version": "3.12.11", "datason_version": "0.13.0", "enhancement": "capability_based_testing_v1"}, "configurations": {"default": {"description": "Out-of-box experience", "datasets": {"small_objects": {"description": "Small API-style objects", "results": {"serialization": {"mean": 2.6425400000107403e-05, "min": 2.4295999992318684e-05, "max": 3.1698999990226184e-05, "std": 2.1227761788866737e-06, "mean_ms": 0.026425400000107402}, "deserialization": {"mean": 3.263469999978952e-05, "min": 3.141800000605599e-05, "max": 3.533599999627768e-05, "std": 1.150232346602902e-06, "mean_ms": 0.03263469999978952}, "total_time_ms": 0.05906009999989692, "successful_runs": 10, "config": {}}}, "complex_types": {"description": "Complex type handling", "results": {"serialization": {"mean": 4.888619999974253e-05, "min": 4.483400000765414e-05, "max": 6.486099999847283e-05, "std": 5.994839610318208e-06, "mean_ms": 0.04888619999974253}, "deserialization": {"mean": 6.474579999888874e-05, "min": 6.28270000078146e-05, "max": 6.683399999474204e-05, "std": 1.191693264162155e-06, "mean_ms": 0.06474579999888874}, "total_time_ms": 0.11363199999863126, "successful_runs": 10, "config": {}}}, "medium_dataset": {"description": "Medium-sized realistic dataset", "results": {"serialization": {"mean": 0.000825908100003403, "min": 0.0008182150000095589, "max": 0.0008470479999971303, "std": 9.018267341659368e-06, "mean_ms": 0.825908100003403}, "deserialization": {"mean": 0.0020174998000001667, "min": 0.0019991059999995286, "max": 0.002046444000001202, "std": 1.4263662065156647e-05, "mean_ms": 2.0174998000001665}, "total_time_ms": 2.8434079000035695, "successful_runs": 10, "config": {}}}}}, "api_fast": {"description": "Fast API responses", "datasets": {"small_objects": {"description": "Small API-style objects", "results": {"serialization": {"mean": 2.9874800002005487e-05, "min": 2.6067999996826074e-05, "max": 5.201700000156961e-05, "std": 7.902631781206831e-06, "mean_ms": 0.029874800002005486}, "deserialization": {"mean": 3.281950000086908e-05, "min": 3.1669999998484855e-05, "max": 3.699900000242451e-05, "std": 1.5474929732618448e-06, "mean_ms": 0.032819500000869084}, "total_time_ms": 0.06269430000287457, "successful_runs": 10, "config": {"date_format": "unix", "custom_date_format": null, "uuid_format": "object", "parse_uuids": true, "dataframe_orient": "values", "datetime_output": "json_safe", "series_output": "json_safe", "dataframe_output": "json_safe", "numpy_output": "json_safe", "nan_handling": "null", "type_coercion": "safe", "preserve_decimals": false, "preserve_complex": false, "max_depth": 50, "max_size": 100000, "max_string_length": 1000000, "custom_serializers": null, "sort_keys": false, "ensure_ascii": false, "check_if_serialized": false, "include_type_hints": false, "auto_detect_types": false, "redact_fields": null, "redact_patterns": null, "redact_large_objects": false, "redaction_replacement": "<REDACTED>", "include_redaction_summary": false, "audit_trail": false, "cache_scope": "operation", "cache_size_limit": 1000, "cache_warn_on_limit": true, "cache_metrics_enabled": false}}}, "complex_types": {"description": "Complex type handling", "results": {"serialization": {"mean": 5.8218300000589804e-05, "min": 5.345000001000244e-05, "max": 8.230300001343949e-05, "std": 8.63625509597387e-06, "mean_ms": 0.05821830000058981}, "deserialization": {"mean": 5.9618100000591315e-05, "min": 5.848900001126367e-05, "max": 6.247600001074716e-05, "std": 1.1428023525833028e-06, "mean_ms": 0.05961810000059131}, "total_time_ms": 0.11783640000118112, "successful_runs": 10, "config": {"date_format": "unix", "custom_date_format": null, "uuid_format": "object", "parse_uuids": true, "dataframe_orient": "values", "datetime_output": "json_safe", "series_output": "json_safe", "dataframe_output": "json_safe", "numpy_output": "json_safe", "nan_handling": "null", "type_coercion": "safe", "preserve_decimals": false, "preserve_complex": false, "max_depth": 50, "max_size": 100000, "max_string_length": 1000000, "custom_serializers": null, "sort_keys": false, "ensure_ascii": false, "check_if_serialized": false, "include_type_hints": false, "auto_detect_types": false, "redact_fields": null, "redact_patterns": null, "redact_large_objects": false, "redaction_replacement": "<REDACTED>", "include_redaction_summary": false, "audit_trail": false, "cache_scope": "operation", "cache_size_limit": 1000, "cache_warn_on_limit": true, "cache_metrics_enabled": false}}}, "medium_dataset": {"description": "Medium-sized realistic dataset", "results": {"serialization": {"mean": 0.0009390179000007493, "min": 0.0009276689999921928, "max": 0.0009647380000075145, "std": 1.0773087968446402e-05, "mean_ms": 0.9390179000007493}, "deserialization": {"mean": 0.0019102858999985983, "min": 0.0018942899999956353, "max": 0.0019274120000005723, "std": 1.2280449392499763e-05, "mean_ms": 1.9102858999985983}, "total_time_ms": 2.8493037999993476, "successful_runs": 10, "config": {"date_format": "unix", "custom_date_format": null, "uuid_format": "object", "parse_uuids": true, "dataframe_orient": "values", "datetime_output": "json_safe", "series_output": "json_safe", "dataframe_output": "json_safe", "numpy_output": "json_safe", "nan_handling": "null", "type_coercion": "safe", "preserve_decimals": false, "preserve_complex": false, "max_depth": 50, "max_size": 100000, "max_string_length": 1000000, "custom_serializers": null, "sort_keys": false, "ensure_ascii": false, "check_if_serialized": false, "include_type_hints": false, "auto_detect_types": false, "redact_fields": null, "redact_patterns": null, "redact_large_objects": false, "redaction_replacement": "<REDACTED>", "include_redaction_summary": false, "audit_trail": false, "cache_scope": "operation", "cache_size_limit": 1000, "cache_warn_on_limit": true, "cache_metrics_enabled": false}}}}}, "ml_training": {"description": "ML model serialization", "datasets": {"small_objects": {"description": "Small API-style objects", "results": {"serialization": {"mean": 3.233220000424808e-05, "min": 2.627900001073158e-05, "max": 6.206499999450443e-05, "std": 1.1355188833397367e-05, "mean_ms": 0.03233220000424808}, "deserialization": {"mean": 3.59701000022028e-05, "min": 3.1308999993484576e-05, "max": 5.5924000008644725e-05, "std": 8.516644457412602e-06, "mean_ms": 0.0359701000022028}, "total_time_ms": 0.06830230000645088, "successful_runs": 10, "config": {"date_format": "unix_ms", "custom_date_format": null, "uuid_format": "object", "parse_uuids": true, "dataframe_orient": "records", "datetime_output": "json_safe", "series_output": "json_safe", "dataframe_output": "json_safe", "numpy_output": "json_safe", "nan_handling": "null", "type_coercion": "aggressive", "preserve_decimals": false, "preserve_complex": false, "max_depth": 50, "max_size": 100000, "max_string_length": 1000000, "custom_serializers": null, "sort_keys": true, "ensure_ascii": false, "check_if_serialized": false, "include_type_hints": true, "auto_detect_types": false, "redact_fields": null, "redact_patterns": null, "redact_large_objects": false, "redaction_replacement": "<REDACTED>", "include_redaction_summary": false, "audit_trail": false, "cache_scope": "operation", "cache_size_limit": 1000, "cache_warn_on_limit": true, "cache_metrics_enabled": false}}}, "complex_types": {"description": "Complex type handling", "results": {"serialization": {"mean": 6.251940000083778e-05, "min": 5.75870000005807e-05, "max": 8.046000000661024e-05, "std": 7.199125939512346e-06, "mean_ms": 0.06251940000083778}, "deserialization": {"mean": 6.119599999863113e-05, "min": 5.991099999391736e-05, "max": 6.437999999775457e-05, "std": 1.3865019133898438e-06, "mean_ms": 0.06119599999863113}, "total_time_ms": 0.12371539999946893, "successful_runs": 10, "config": {"date_format": "unix_ms", "custom_date_format": null, "uuid_format": "object", "parse_uuids": true, "dataframe_orient": "records",