{"suite_type": "configurations", "metadata": {"timestamp": 1760325268.5803711, "python_version": "3.12.11", "datason_version": "0.13.0", "enhancement": "capability_based_testing_v1"}, "configurations": {"default": {"description": "Out-of-box experience", "datasets": {"small_objects": {"description": "Small API-style objects", "results": {"serialization": {"mean": 2.6053599998476785e-05, "min": 2.429499998868323e-05, "max": 3.0406999997012463e-05, "std": 1.9630277167066074e-06, "mean_ms": 0.026053599998476784}, "deserialization": {"mean": 3.361509999990631e-05, "min": 3.042699999866727e-05, "max": 5.083499999614105e-05, "std": 6.1538451104220916e-06, "mean_ms": 0.033615099999906306}, "total_time_ms": 0.0596686999983831, "successful_runs": 10, "config": {}}}, "complex_types": {"description": "Complex type handling", "results": {"serialization": {"mean": 4.866799999945215e-05, "min": 4.5414999988224736e-05, "max": 6.066400000293015e-05, "std": 4.80544475965092e-06, "mean_ms": 0.04866799999945215}, "deserialization": {"mean": 6.389439999736624e-05, "min": 6.255699999258013e-05, "max": 6.540299999358012e-05, "std": 9.045219979323776e-07, "mean_ms": 0.06389439999736624}, "total_time_ms": 0.11256239999681839, "successful_runs": 10, "config": {}}}, "medium_dataset": {"description": "Medium-sized realistic dataset", "results": {"serialization": {"mean": 0.0008244231000006152, "min": 0.0008169990000084226, "max": 0.0008426469999989195, "std": 7.818773351616065e-06, "mean_ms": 0.8244231000006152}, "deserialization": {"mean": 0.001973566600000254, "min": 0.0019614599999897564, "max": 0.0019851549999998497, "std": 8.999440010445651e-06, "mean_ms": 1.9735666000002539}, "total_time_ms": 2.797989700000869, "successful_runs": 10, "config": {}}}}}, "api_fast": {"description": "Fast API responses", "datasets": {"small_objects": {"description": "Small API-style objects", "results": {"serialization": {"mean": 2.907639999989442e-05, "min": 2.6268999988587893e-05, "max": 4.335100000218972e-05, "std": 5.178544438140155e-06, "mean_ms": 0.02907639999989442}, "deserialization": {"mean": 3.2195299996828905e-05, "min": 3.118799999413113e-05, "max": 3.330199999140859e-05, "std": 6.278193372567696e-07, "mean_ms": 0.03219529999682891}, "total_time_ms": 0.06127169999672332, "successful_runs": 10, "config": {"date_format": "unix", "custom_date_format": null, "uuid_format": "object", "parse_uuids": true, "dataframe_orient": "values", "datetime_output": "json_safe", "series_output": "json_safe", "dataframe_output": "json_safe", "numpy_output": "json_safe", "nan_handling": "null", "type_coercion": "safe", "preserve_decimals": false, "preserve_complex": false, "max_depth": 50, "max_size": 100000, "max_string_length": 1000000, "custom_serializers": null, "sort_keys": false, "ensure_ascii": false, "check_if_serialized": false, "include_type_hints": false, "auto_detect_types": false, "redact_fields": null, "redact_patterns": null, "redact_large_objects": false, "redaction_replacement": "<REDACTED>", "include_redaction_summary": false, "audit_trail": false, "cache_scope": "operation", "cache_size_limit": 1000, "cache_warn_on_limit": true, "cache_metrics_enabled": false}}}, "complex_types": {"description": "Complex type handling", "results": {"serialization": {"mean": 5.6526000000189926e-05, "min": 5.3330000000073596e-05, "max": 7.231499999704738e-05, "std": 5.725104132122593e-06, "mean_ms": 0.056526000000189924}, "deserialization": {"mean": 5.844110000055025e-05, "min": 5.773799999531093e-05, "max": 6.0363000002894296e-05, "std": 8.472467103678665e-07, "mean_ms": 0.05844110000055025}, "total_time_ms": 0.11496710000074017, "successful_runs": 10, "config": {"date_format": "unix", "custom_date_format": null, "uuid_format": "object", "parse_uuids": true, "dataframe_orient": "values", "datetime_output": "json_safe", "series_output": "json_safe", "dataframe_output": "json_safe", "numpy_output": "json_safe", "nan_handling": "null", "type_coercion": "safe", "preserve_decimals": false, "preserve_complex": false, "max_depth": 50, "max_size": 100000, "max_string_length": 1000000, "custom_serializers": null, "sort_keys": false, "ensure_ascii": false, "check_if_serialized": false, "include_type_hints": false, "auto_detect_types": false, "redact_fields": null, "redact_patterns": null, "redact_large_objects": false, "redaction_replacement": "<REDACTED>", "include_redaction_summary": false, "audit_trail": false, "cache_scope": "operation", "cache_size_limit": 1000, "cache_warn_on_limit": true, "cache_metrics_enabled": false}}}, "medium_dataset": {"description": "Medium-sized realistic dataset", "results": {"serialization": {"mean": 0.0009406554999969785, "min": 0.000928658999995946, "max": 0.0009556679999889184, "std": 7.878378584224733e-06, "mean_ms": 0.9406554999969785}, "deserialization": {"mean": 0.0018787372000019786, "min": 0.001870350999993775, "max": 0.0018863300000049321, "std": 5.451322934270037e-06, "mean_ms": 1.8787372000019786}, "total_time_ms": 2.819392699998957, "successful_runs": 10, "config": {"date_format": "unix", "custom_date_format": null, "uuid_format": "object", "parse_uuids": true, "dataframe_orient": "values", "datetime_output": "json_safe", "series_output": "json_safe", "dataframe_output": "json_safe", "numpy_output": "json_safe", "nan_handling": "null", "type_coercion": "safe", "preserve_decimals": false, "preserve_complex": false, "max_depth": 50, "max_size": 100000, "max_string_length": 1000000, "custom_serializers": null, "sort_keys": false, "ensure_ascii": false, "check_if_serialized": false, "include_type_hints": false, "auto_detect_types": false, "redact_fields": null, "redact_patterns": null, "redact_large_objects": false, "redaction_replacement": "<REDACTED>", "include_redaction_summary": false, "audit_trail": false, "cache_scope": "operation", "cache_size_limit": 1000, "cache_warn_on_limit": true, "cache_metrics_enabled": false}}}}}, "ml_training": {"description": "ML model serialization", "datasets": {"small_objects": {"description": "Small API-style objects", "results": {"serialization": {"mean": 2.7210699997226584e-05, "min": 2.6078999994183505e-05, "max": 3.079699999375407e-05, "std": 1.470466217545498e-06, "mean_ms": 0.027210699997226584}, "deserialization": {"mean": 3.185670000078744e-05, "min": 3.062799999042909e-05, "max": 3.3572000006643066e-05, "std": 9.343574241701588e-07, "mean_ms": 0.03185670000078744}, "total_time_ms": 0.059067399998014025, "successful_runs": 10, "config": {"date_format": "unix_ms", "custom_date_format": null, "uuid_format": "object", "parse_uuids": true, "dataframe_orient": "records", "datetime_output": "json_safe", "series_output": "json_safe", "dataframe_output": "json_safe", "numpy_output": "json_safe", "nan_handling": "null", "type_coercion": "aggressive", "preserve_decimals": false, "preserve_complex": false, "max_depth": 50, "max_size": 100000, "max_string_length": 1000000, "custom_serializers": null, "sort_keys": true, "ensure_ascii": false, "check_if_serialized": false, "include_type_hints": true, "auto_detect_types": false, "redact_fields": null, "redact_patterns": null, "redact_large_objects": false, "redaction_replacement": "<REDACTED>", "include_redaction_summary": false, "audit_trail": false, "cache_scope": "operation", "cache_size_limit": 1000, "cache_warn_on_limit": true, "cache_metrics_enabled": false}}}, "complex_types": {"description": "Complex type handling", "results": {"serialization": {"mean": 6.044720000062398e-05, "min": 5.722700001342673e-05, "max": 7.565199999248762e-05, "std": 5.496854102761857e-06, "mean_ms": 0.06044720000062398}, "deserialization": {"mean": 5.999030000083394e-05, "min": 5.89400000023943e-05, "max": 6.203700000639856e-05, "std": 8.757589813469231e-07, "mean_ms": 0.05999030000083394}, "total_time_ms": 0.12043750000145792, "successful_runs": 10, "config": {"date_format": "unix_ms", "custom_date_format": null, "uuid_format": "object", "parse_uuids": true, "dataframe_orient": "records",