{"suite_type": "configurations", "metadata": {"timestamp": 1771216229.9006937, "python_version": "3.12.12", "datason_version": "0.13.0", "enhancement": "capability_based_testing_v1"}, "configurations": {"default": {"description": "Out-of-box experience", "datasets": {"small_objects": {"description": "Small API-style objects", "results": {"serialization": {"mean": 2.6470400000988548e-05, "min": 2.487700000131099e-05, "max": 3.1348000000264165e-05, "std": 1.917649208957685e-06, "mean_ms": 0.026470400000988548}, "deserialization": {"mean": 3.261100000031547e-05, "min": 3.149900000209982e-05, "max": 3.471500000529204e-05, "std": 9.546172019896205e-07, "mean_ms": 0.03261100000031547}, "total_time_ms": 0.059081400001304026, "successful_runs": 10, "config": {}}}, "complex_types": {"description": "Complex type handling", "results": {"serialization": {"mean": 5.031680000087135e-05, "min": 4.650699999331209e-05, "max": 6.617400000408225e-05, "std": 5.996178799719857e-06, "mean_ms": 0.05031680000087135}, "deserialization": {"mean": 6.536499999967304e-05, "min": 6.408899999854611e-05, "max": 6.931899999784719e-05, "std": 1.5300016700876733e-06, "mean_ms": 0.06536499999967305}, "total_time_ms": 0.1156818000005444, "successful_runs": 10, "config": {}}}, "medium_dataset": {"description": "Medium-sized realistic dataset", "results": {"serialization": {"mean": 0.0008250471999993181, "min": 0.0008110929999958216, "max": 0.000851748999998847, "std": 1.2239567865831519e-05, "mean_ms": 0.8250471999993181}, "deserialization": {"mean": 0.002021265599999822, "min": 0.0020114599999985217, "max": 0.002031687999995313, "std": 6.215510995514705e-06, "mean_ms": 2.021265599999822}, "total_time_ms": 2.84631279999914, "successful_runs": 10, "config": {}}}}}, "api_fast": {"description": "Fast API responses", "datasets": {"small_objects": {"description": "Small API-style objects", "results": {"serialization": {"mean": 3.0246499999009303e-05, "min": 2.6228999999489133e-05, "max": 5.180700000551042e-05, "std": 7.719065637255642e-06, "mean_ms": 0.030246499999009302}, "deserialization": {"mean": 3.736129999936111e-05, "min": 3.198900000001004e-05, "max": 7.871599999731416e-05, "std": 1.4584498589386226e-05, "mean_ms": 0.03736129999936111}, "total_time_ms": 0.06760779999837041, "successful_runs": 10, "config": {"date_format": "unix", "custom_date_format": null, "uuid_format": "object", "parse_uuids": true, "dataframe_orient": "values", "datetime_output": "json_safe", "series_output": "json_safe", "dataframe_output": "json_safe", "numpy_output": "json_safe", "nan_handling": "null", "type_coercion": "safe", "preserve_decimals": false, "preserve_complex": false, "max_depth": 50, "max_size": 100000, "max_string_length": 1000000, "custom_serializers": null, "sort_keys": false, "ensure_ascii": false, "check_if_serialized": false, "include_type_hints": false, "auto_detect_types": false, "redact_fields": null, "redact_patterns": null, "redact_large_objects": false, "redaction_replacement": "<REDACTED>", "include_redaction_summary": false, "audit_trail": false, "cache_scope": "operation", "cache_size_limit": 1000, "cache_warn_on_limit": true, "cache_metrics_enabled": false}}}, "complex_types": {"description": "Complex type handling", "results": {"serialization": {"mean": 6.759200000061583e-05, "min": 5.389000000377564e-05, "max": 0.00010718000000053962, "std": 2.083594168792719e-05, "mean_ms": 0.06759200000061583}, "deserialization": {"mean": 6.72369000000117e-05, "min": 5.887900000089985e-05, "max": 0.00011282999999906451, "std": 1.7775123855682185e-05, "mean_ms": 0.0672369000000117}, "total_time_ms": 0.13482890000062753, "successful_runs": 10, "config": {"date_format": "unix", "custom_date_format": null, "uuid_format": "object", "parse_uuids": true, "dataframe_orient": "values", "datetime_output": "json_safe", "series_output": "json_safe", "dataframe_output": "json_safe", "numpy_output": "json_safe", "nan_handling": "null", "type_coercion": "safe", "preserve_decimals": false, "preserve_complex": false, "max_depth": 50, "max_size": 100000, "max_string_length": 1000000, "custom_serializers": null, "sort_keys": false, "ensure_ascii": false, "check_if_serialized": false, "include_type_hints": false, "auto_detect_types": false, "redact_fields": null, "redact_patterns": null, "redact_large_objects": false, "redaction_replacement": "<REDACTED>", "include_redaction_summary": false, "audit_trail": false, "cache_scope": "operation", "cache_size_limit": 1000, "cache_warn_on_limit": true, "cache_metrics_enabled": false}}}, "medium_dataset": {"description": "Medium-sized realistic dataset", "results": {"serialization": {"mean": 0.0009160810000011565, "min": 0.0009055680000003008, "max": 0.0009266579999973601, "std": 7.337639689840986e-06, "mean_ms": 0.9160810000011566}, "deserialization": {"mean": 0.001916088299998364, "min": 0.0018968959999980939, "max": 0.001947831999999039, "std": 1.4829133016312937e-05, "mean_ms": 1.9160882999983642}, "total_time_ms": 2.8321692999995207, "successful_runs": 10, "config": {"date_format": "unix", "custom_date_format": null, "uuid_format": "object", "parse_uuids": true, "dataframe_orient": "values", "datetime_output": "json_safe", "series_output": "json_safe", "dataframe_output": "json_safe", "numpy_output": "json_safe", "nan_handling": "null", "type_coercion": "safe", "preserve_decimals": false, "preserve_complex": false, "max_depth": 50, "max_size": 100000, "max_string_length": 1000000, "custom_serializers": null, "sort_keys": false, "ensure_ascii": false, "check_if_serialized": false, "include_type_hints": false, "auto_detect_types": false, "redact_fields": null, "redact_patterns": null, "redact_large_objects": false, "redaction_replacement": "<REDACTED>", "include_redaction_summary": false, "audit_trail": false, "cache_scope": "operation", "cache_size_limit": 1000, "cache_warn_on_limit": true, "cache_metrics_enabled": false}}}}}, "ml_training": {"description": "ML model serialization", "datasets": {"small_objects": {"description": "Small API-style objects", "results": {"serialization": {"mean": 2.9241900001863996e-05, "min": 2.7190000004395642e-05, "max": 3.293200000342722e-05, "std": 1.99715856166699e-06, "mean_ms": 0.029241900001863996}, "deserialization": {"mean": 3.45442999993395e-05, "min": 3.207999999688127e-05, "max": 4.9130999997260005e-05, "std": 5.168670644078151e-06, "mean_ms": 0.0345442999993395}, "total_time_ms": 0.0637862000012035, "successful_runs": 10, "config": {"date_format": "unix_ms", "custom_date_format": null, "uuid_format": "object", "parse_uuids": true, "dataframe_orient": "records", "datetime_output": "json_safe", "series_output": "json_safe", "dataframe_output": "json_safe", "numpy_output": "json_safe", "nan_handling": "null", "type_coercion": "aggressive", "preserve_decimals": false, "preserve_complex": false, "max_depth": 50, "max_size": 100000, "max_string_length": 1000000, "custom_serializers": null, "sort_keys": true, "ensure_ascii": false, "check_if_serialized": false, "include_type_hints": true, "auto_detect_types": false, "redact_fields": null, "redact_patterns": null, "redact_large_objects": false, "redaction_replacement": "<REDACTED>", "include_redaction_summary": false, "audit_trail": false, "cache_scope": "operation", "cache_size_limit": 1000, "cache_warn_on_limit": true, "cache_metrics_enabled": false}}}, "complex_types": {"description": "Complex type handling", "results": {"serialization": {"mean": 6.048290000180145e-05, "min": 5.772800000158895e-05, "max": 7.220400000562677e-05, "std": 4.3260898047793955e-06, "mean_ms": 0.060482900001801454}, "deserialization": {"mean": 6.235320000200773e-05, "min": 5.9411000002285164e-05, "max": 7.639300000050753e-05, "std": 5.01421738159934e-06, "mean_ms": 0.06235320000200773}, "total_time_ms": 0.12283610000380919, "successful_runs": 10, "config": {"date_format": "unix_ms", "custom_date_format": null, "uuid_format": "object", "parse_uuids": true, "dataframe_orient": "records",