{"suite_type": "configurations", "metadata": {"timestamp": 1780901490.3522103, "python_version": "3.12.13", "datason_version": "0.13.0", "enhancement": "capability_based_testing_v1"}, "configurations": {"default": {"description": "Out-of-box experience", "datasets": {"small_objects": {"description": "Small API-style objects", "results": {"serialization": {"mean": 3.153799999893181e-05, "min": 2.4815999992711113e-05, "max": 6.99309999987463e-05, "std": 1.3698960276118295e-05, "mean_ms": 0.03153799999893181}, "deserialization": {"mean": 3.323920000326552e-05, "min": 3.160999999352043e-05, "max": 3.811099999495582e-05, "std": 2.0560572162985638e-06, "mean_ms": 0.03323920000326552}, "total_time_ms": 0.06477720000219733, "successful_runs": 10, "config": {}}}, "complex_types": {"description": "Complex type handling", "results": {"serialization": {"mean": 4.931640000194193e-05, "min": 4.436300000065785e-05, "max": 7.206499999767857e-05, "std": 8.57865384540723e-06, "mean_ms": 0.04931640000194193}, "deserialization": {"mean": 6.50636999992571e-05, "min": 6.212600000310431e-05, "max": 7.928899999853911e-05, "std": 5.186345299077258e-06, "mean_ms": 0.0650636999992571}, "total_time_ms": 0.11438010000119903, "successful_runs": 10, "config": {}}}, "medium_dataset": {"description": "Medium-sized realistic dataset", "results": {"serialization": {"mean": 0.000809965100000909, "min": 0.0007869320000111202, "max": 0.0008264159999953336, "std": 1.1939577716126943e-05, "mean_ms": 0.8099651000009089}, "deserialization": {"mean": 0.002015398800000412, "min": 0.0019822779999998374, "max": 0.002083707000011259, "std": 3.554882859127479e-05, "mean_ms": 2.015398800000412}, "total_time_ms": 2.825363900001321, "successful_runs": 10, "config": {}}}}}, "api_fast": {"description": "Fast API responses", "datasets": {"small_objects": {"description": "Small API-style objects", "results": {"serialization": {"mean": 2.7540400000702903e-05, "min": 2.6028000007727314e-05, "max": 2.9875999999262604e-05, "std": 1.2614690006768015e-06, "mean_ms": 0.027540400000702903}, "deserialization": {"mean": 3.449029999984532e-05, "min": 3.116800000668718e-05, "max": 5.344000000206961e-05, "std": 6.7091591472452705e-06, "mean_ms": 0.03449029999984532}, "total_time_ms": 0.06203070000054822, "successful_runs": 10, "config": {"date_format": "unix", "custom_date_format": null, "uuid_format": "object", "parse_uuids": true, "dataframe_orient": "values", "datetime_output": "json_safe", "series_output": "json_safe", "dataframe_output": "json_safe", "numpy_output": "json_safe", "nan_handling": "null", "type_coercion": "safe", "preserve_decimals": false, "preserve_complex": false, "max_depth": 50, "max_size": 100000, "max_string_length": 1000000, "custom_serializers": null, "sort_keys": false, "ensure_ascii": false, "check_if_serialized": false, "include_type_hints": false, "auto_detect_types": false, "redact_fields": null, "redact_patterns": null, "redact_large_objects": false, "redaction_replacement": "<REDACTED>", "include_redaction_summary": false, "audit_trail": false, "cache_scope": "operation", "cache_size_limit": 1000, "cache_warn_on_limit": true, "cache_metrics_enabled": false}}}, "complex_types": {"description": "Complex type handling", "results": {"serialization": {"mean": 5.6471699998894564e-05, "min": 5.2588999992053687e-05, "max": 7.108300000879808e-05, "std": 5.706414115038762e-06, "mean_ms": 0.056471699998894564}, "deserialization": {"mean": 6.126769999639236e-05, "min": 5.82189999960292e-05, "max": 8.122299999513416e-05, "std": 7.0584271621898185e-06, "mean_ms": 0.06126769999639236}, "total_time_ms": 0.11773939999528693, "successful_runs": 10, "config": {"date_format": "unix", "custom_date_format": null, "uuid_format": "object", "parse_uuids": true, "dataframe_orient": "values", "datetime_output": "json_safe", "series_output": "json_safe", "dataframe_output": "json_safe", "numpy_output": "json_safe", "nan_handling": "null", "type_coercion": "safe", "preserve_decimals": false, "preserve_complex": false, "max_depth": 50, "max_size": 100000, "max_string_length": 1000000, "custom_serializers": null, "sort_keys": false, "ensure_ascii": false, "check_if_serialized": false, "include_type_hints": false, "auto_detect_types": false, "redact_fields": null, "redact_patterns": null, "redact_large_objects": false, "redaction_replacement": "<REDACTED>", "include_redaction_summary": false, "audit_trail": false, "cache_scope": "operation", "cache_size_limit": 1000, "cache_warn_on_limit": true, "cache_metrics_enabled": false}}}, "medium_dataset": {"description": "Medium-sized realistic dataset", "results": {"serialization": {"mean": 0.000924405999998612, "min": 0.0009147600000005696, "max": 0.000981555999999273, "std": 2.0522730482986035e-05, "mean_ms": 0.9244059999986121}, "deserialization": {"mean": 0.001917866500001253, "min": 0.001898871999998164, "max": 0.001934407999996779, "std": 1.0280201632445947e-05, "mean_ms": 1.917866500001253}, "total_time_ms": 2.842272499999865, "successful_runs": 10, "config": {"date_format": "unix", "custom_date_format": null, "uuid_format": "object", "parse_uuids": true, "dataframe_orient": "values", "datetime_output": "json_safe", "series_output": "json_safe", "dataframe_output": "json_safe", "numpy_output": "json_safe", "nan_handling": "null", "type_coercion": "safe", "preserve_decimals": false, "preserve_complex": false, "max_depth": 50, "max_size": 100000, "max_string_length": 1000000, "custom_serializers": null, "sort_keys": false, "ensure_ascii": false, "check_if_serialized": false, "include_type_hints": false, "auto_detect_types": false, "redact_fields": null, "redact_patterns": null, "redact_large_objects": false, "redaction_replacement": "<REDACTED>", "include_redaction_summary": false, "audit_trail": false, "cache_scope": "operation", "cache_size_limit": 1000, "cache_warn_on_limit": true, "cache_metrics_enabled": false}}}}}, "ml_training": {"description": "ML model serialization", "datasets": {"small_objects": {"description": "Small API-style objects", "results": {"serialization": {"mean": 2.7065600002629252e-05, "min": 2.604899999880672e-05, "max": 3.0006000002913424e-05, "std": 1.1546894913467927e-06, "mean_ms": 0.027065600002629253}, "deserialization": {"mean": 3.216489999715577e-05, "min": 3.1659000001127424e-05, "max": 3.297099999599595e-05, "std": 4.2313471607889256e-07, "mean_ms": 0.03216489999715577}, "total_time_ms": 0.059230499999785025, "successful_runs": 10, "config": {"date_format": "unix_ms", "custom_date_format": null, "uuid_format": "object", "parse_uuids": true, "dataframe_orient": "records", "datetime_output": "json_safe", "series_output": "json_safe", "dataframe_output": "json_safe", "numpy_output": "json_safe", "nan_handling": "null", "type_coercion": "aggressive", "preserve_decimals": false, "preserve_complex": false, "max_depth": 50, "max_size": 100000, "max_string_length": 1000000, "custom_serializers": null, "sort_keys": true, "ensure_ascii": false, "check_if_serialized": false, "include_type_hints": true, "auto_detect_types": false, "redact_fields": null, "redact_patterns": null, "redact_large_objects": false, "redaction_replacement": "<REDACTED>", "include_redaction_summary": false, "audit_trail": false, "cache_scope": "operation", "cache_size_limit": 1000, "cache_warn_on_limit": true, "cache_metrics_enabled": false}}}, "complex_types": {"description": "Complex type handling", "results": {"serialization": {"mean": 5.8996600002103607e-05, "min": 5.641599999250957e-05, "max": 6.279800000186242e-05, "std": 2.419109028942625e-06, "mean_ms": 0.058996600002103605}, "deserialization": {"mean": 6.278379999997696e-05, "min": 5.955200001039884e-05, "max": 8.114199999909033e-05, "std": 6.524082749686581e-06, "mean_ms": 0.06278379999997696}, "total_time_ms": 0.12178040000208057, "successful_runs": 10, "config": {"date_format": "unix_ms", "custom_date_format": null, "uuid_format": "object", "parse_uuids": true, "dataframe_orient": "records",