{"suite_type": "configurations", "metadata": {"timestamp": 1762745005.943185, "python_version": "3.12.12", "datason_version": "0.13.0", "enhancement": "capability_based_testing_v1"}, "configurations": {"default": {"description": "Out-of-box experience", "datasets": {"small_objects": {"description": "Small API-style objects", "results": {"serialization": {"mean": 2.9098000000260525e-05, "min": 2.515700000316201e-05, "max": 4.7647999998901014e-05, "std": 6.808068040463976e-06, "mean_ms": 0.029098000000260527}, "deserialization": {"mean": 3.250530000116214e-05, "min": 3.125799999992296e-05, "max": 3.53860000004147e-05, "std": 1.4670846420492347e-06, "mean_ms": 0.03250530000116214}, "total_time_ms": 0.06160330000142265, "successful_runs": 10, "config": {}}}, "complex_types": {"description": "Complex type handling", "results": {"serialization": {"mean": 4.896190000138745e-05, "min": 4.6505999996782066e-05, "max": 5.3999999998666226e-05, "std": 2.4633267681365293e-06, "mean_ms": 0.04896190000138745}, "deserialization": {"mean": 6.78162000006921e-05, "min": 6.519199999388547e-05, "max": 7.995800000060171e-05, "std": 4.7457827309240725e-06, "mean_ms": 0.0678162000006921}, "total_time_ms": 0.11677810000207955, "successful_runs": 10, "config": {}}}, "medium_dataset": {"description": "Medium-sized realistic dataset", "results": {"serialization": {"mean": 0.0008445238000007293, "min": 0.0008295129999993378, "max": 0.0008602410000051464, "std": 9.499651944731604e-06, "mean_ms": 0.8445238000007294}, "deserialization": {"mean": 0.0020230692999994916, "min": 0.002003239000003987, "max": 0.002044755000000009, "std": 1.2842541449644e-05, "mean_ms": 2.0230692999994915}, "total_time_ms": 2.867593100000221, "successful_runs": 10, "config": {}}}}}, "api_fast": {"description": "Fast API responses", "datasets": {"small_objects": {"description": "Small API-style objects", "results": {"serialization": {"mean": 3.1994799999779386e-05, "min": 2.662999999358817e-05, "max": 5.291899999804173e-05, "std": 8.85633203234522e-06, "mean_ms": 0.03199479999977939}, "deserialization": {"mean": 3.501239999934569e-05, "min": 3.106799999841314e-05, "max": 5.194699999577779e-05, "std": 6.731193622515943e-06, "mean_ms": 0.03501239999934569}, "total_time_ms": 0.06700719999912506, "successful_runs": 10, "config": {"date_format": "unix", "custom_date_format": null, "uuid_format": "object", "parse_uuids": true, "dataframe_orient": "values", "datetime_output": "json_safe", "series_output": "json_safe", "dataframe_output": "json_safe", "numpy_output": "json_safe", "nan_handling": "null", "type_coercion": "safe", "preserve_decimals": false, "preserve_complex": false, "max_depth": 50, "max_size": 100000, "max_string_length": 1000000, "custom_serializers": null, "sort_keys": false, "ensure_ascii": false, "check_if_serialized": false, "include_type_hints": false, "auto_detect_types": false, "redact_fields": null, "redact_patterns": null, "redact_large_objects": false, "redaction_replacement": "<REDACTED>", "include_redaction_summary": false, "audit_trail": false, "cache_scope": "operation", "cache_size_limit": 1000, "cache_warn_on_limit": true, "cache_metrics_enabled": false}}}, "complex_types": {"description": "Complex type handling", "results": {"serialization": {"mean": 6.001690000019266e-05, "min": 5.779800000027535e-05, "max": 6.643399999717303e-05, "std": 2.8067035017266645e-06, "mean_ms": 0.06001690000019266}, "deserialization": {"mean": 6.255049999950301e-05, "min": 5.87900000041941e-05, "max": 9.122899999880474e-05, "std": 1.0082258501685194e-05, "mean_ms": 0.06255049999950302}, "total_time_ms": 0.12256739999969565, "successful_runs": 10, "config": {"date_format": "unix", "custom_date_format": null, "uuid_format": "object", "parse_uuids": true, "dataframe_orient": "values", "datetime_output": "json_safe", "series_output": "json_safe", "dataframe_output": "json_safe", "numpy_output": "json_safe", "nan_handling": "null", "type_coercion": "safe", "preserve_decimals": false, "preserve_complex": false, "max_depth": 50, "max_size": 100000, "max_string_length": 1000000, "custom_serializers": null, "sort_keys": false, "ensure_ascii": false, "check_if_serialized": false, "include_type_hints": false, "auto_detect_types": false, "redact_fields": null, "redact_patterns": null, "redact_large_objects": false, "redaction_replacement": "<REDACTED>", "include_redaction_summary": false, "audit_trail": false, "cache_scope": "operation", "cache_size_limit": 1000, "cache_warn_on_limit": true, "cache_metrics_enabled": false}}}, "medium_dataset": {"description": "Medium-sized realistic dataset", "results": {"serialization": {"mean": 0.0009888645999993173, "min": 0.0009367839999967487, "max": 0.0011058580000025131, "std": 5.2557043316191087e-05, "mean_ms": 0.9888645999993173}, "deserialization": {"mean": 0.0019312655000000233, "min": 0.0018969510000061973, "max": 0.001997556999995709, "std": 3.552133429651198e-05, "mean_ms": 1.9312655000000234}, "total_time_ms": 2.9201300999993403, "successful_runs": 10, "config": {"date_format": "unix", "custom_date_format": null, "uuid_format": "object", "parse_uuids": true, "dataframe_orient": "values", "datetime_output": "json_safe", "series_output": "json_safe", "dataframe_output": "json_safe", "numpy_output": "json_safe", "nan_handling": "null", "type_coercion": "safe", "preserve_decimals": false, "preserve_complex": false, "max_depth": 50, "max_size": 100000, "max_string_length": 1000000, "custom_serializers": null, "sort_keys": false, "ensure_ascii": false, "check_if_serialized": false, "include_type_hints": false, "auto_detect_types": false, "redact_fields": null, "redact_patterns": null, "redact_large_objects": false, "redaction_replacement": "<REDACTED>", "include_redaction_summary": false, "audit_trail": false, "cache_scope": "operation", "cache_size_limit": 1000, "cache_warn_on_limit": true, "cache_metrics_enabled": false}}}}}, "ml_training": {"description": "ML model serialization", "datasets": {"small_objects": {"description": "Small API-style objects", "results": {"serialization": {"mean": 3.1508299999671864e-05, "min": 2.75710000039453e-05, "max": 4.4091999995998776e-05, "std": 6.279507872453363e-06, "mean_ms": 0.03150829999967186}, "deserialization": {"mean": 3.291429999805473e-05, "min": 3.1989999996540064e-05, "max": 3.549599999530528e-05, "std": 1.1295247824977293e-06, "mean_ms": 0.03291429999805473}, "total_time_ms": 0.06442259999772659, "successful_runs": 10, "config": {"date_format": "unix_ms", "custom_date_format": null, "uuid_format": "object", "parse_uuids": true, "dataframe_orient": "records", "datetime_output": "json_safe", "series_output": "json_safe", "dataframe_output": "json_safe", "numpy_output": "json_safe", "nan_handling": "null", "type_coercion": "aggressive", "preserve_decimals": false, "preserve_complex": false, "max_depth": 50, "max_size": 100000, "max_string_length": 1000000, "custom_serializers": null, "sort_keys": true, "ensure_ascii": false, "check_if_serialized": false, "include_type_hints": true, "auto_detect_types": false, "redact_fields": null, "redact_patterns": null, "redact_large_objects": false, "redaction_replacement": "<REDACTED>", "include_redaction_summary": false, "audit_trail": false, "cache_scope": "operation", "cache_size_limit": 1000, "cache_warn_on_limit": true, "cache_metrics_enabled": false}}}, "complex_types": {"description": "Complex type handling", "results": {"serialization": {"mean": 6.314449999962335e-05, "min": 6.0122000000717435e-05, "max": 6.717499999808751e-05, "std": 2.4751732256765343e-06, "mean_ms": 0.06314449999962335}, "deserialization": {"mean": 6.545910000070876e-05, "min": 6.0752999999635904e-05, "max": 8.001900000209616e-05, "std": 6.672616968568478e-06, "mean_ms": 0.06545910000070876}, "total_time_ms": 0.1286036000003321, "successful_runs": 10, "config": {"date_format": "unix_ms", "custom_date_format": null, "uuid_format": "object", "parse_uuids": true, "dataframe_orient": "records",