{"suite_type": "configurations", "metadata": {"timestamp": 1762140089.966502, "python_version": "3.12.12", "datason_version": "0.13.0", "enhancement": "capability_based_testing_v1"}, "configurations": {"default": {"description": "Out-of-box experience", "datasets": {"small_objects": {"description": "Small API-style objects", "results": {"serialization": {"mean": 2.7317800000759007e-05, "min": 2.4806000006094564e-05, "max": 3.223100000582235e-05, "std": 2.2329068152801414e-06, "mean_ms": 0.027317800000759007}, "deserialization": {"mean": 3.304880000101207e-05, "min": 3.162899999864521e-05, "max": 3.69689999999423e-05, "std": 1.6682002809352984e-06, "mean_ms": 0.03304880000101207}, "total_time_ms": 0.060366600001771076, "successful_runs": 10, "config": {}}}, "complex_types": {"description": "Complex type handling", "results": {"serialization": {"mean": 4.913770000030127e-05, "min": 4.683699999930013e-05, "max": 5.2267000000938424e-05, "std": 1.595381046287995e-06, "mean_ms": 0.049137700000301265}, "deserialization": {"mean": 6.829229999922859e-05, "min": 6.484099999681803e-05, "max": 8.468800000116516e-05, "std": 5.900372212071617e-06, "mean_ms": 0.06829229999922859}, "total_time_ms": 0.11742999999952985, "successful_runs": 10, "config": {}}}, "medium_dataset": {"description": "Medium-sized realistic dataset", "results": {"serialization": {"mean": 0.0008350463000006414, "min": 0.0008187190000015221, "max": 0.000854025000002423, "std": 1.0423428546482097e-05, "mean_ms": 0.8350463000006414}, "deserialization": {"mean": 0.002002066699999716, "min": 0.0019838239999998564, "max": 0.00203415899999726, "std": 1.458449250332988e-05, "mean_ms": 2.002066699999716}, "total_time_ms": 2.8371130000003575, "successful_runs": 10, "config": {}}}}}, "api_fast": {"description": "Fast API responses", "datasets": {"small_objects": {"description": "Small API-style objects", "results": {"serialization": {"mean": 3.266980000020681e-05, "min": 2.6579000000026554e-05, "max": 7.136299999643825e-05, "std": 1.3774614409929464e-05, "mean_ms": 0.032669800000206806}, "deserialization": {"mean": 3.462139999967917e-05, "min": 3.1278000001577766e-05, "max": 5.895999999694368e-05, "std": 8.573192950131547e-06, "mean_ms": 0.03462139999967917}, "total_time_ms": 0.06729119999988599, "successful_runs": 10, "config": {"date_format": "unix", "custom_date_format": null, "uuid_format": "object", "parse_uuids": true, "dataframe_orient": "values", "datetime_output": "json_safe", "series_output": "json_safe", "dataframe_output": "json_safe", "numpy_output": "json_safe", "nan_handling": "null", "type_coercion": "safe", "preserve_decimals": false, "preserve_complex": false, "max_depth": 50, "max_size": 100000, "max_string_length": 1000000, "custom_serializers": null, "sort_keys": false, "ensure_ascii": false, "check_if_serialized": false, "include_type_hints": false, "auto_detect_types": false, "redact_fields": null, "redact_patterns": null, "redact_large_objects": false, "redaction_replacement": "<REDACTED>", "include_redaction_summary": false, "audit_trail": false, "cache_scope": "operation", "cache_size_limit": 1000, "cache_warn_on_limit": true, "cache_metrics_enabled": false}}}, "complex_types": {"description": "Complex type handling", "results": {"serialization": {"mean": 5.846639999944614e-05, "min": 5.5494000001488075e-05, "max": 6.569300000336398e-05, "std": 2.902453951255718e-06, "mean_ms": 0.05846639999944614}, "deserialization": {"mean": 6.257689999884519e-05, "min": 5.9290999999461746e-05, "max": 8.704199999698403e-05, "std": 8.609184041866967e-06, "mean_ms": 0.06257689999884519}, "total_time_ms": 0.12104329999829133, "successful_runs": 10, "config": {"date_format": "unix", "custom_date_format": null, "uuid_format": "object", "parse_uuids": true, "dataframe_orient": "values", "datetime_output": "json_safe", "series_output": "json_safe", "dataframe_output": "json_safe", "numpy_output": "json_safe", "nan_handling": "null", "type_coercion": "safe", "preserve_decimals": false, "preserve_complex": false, "max_depth": 50, "max_size": 100000, "max_string_length": 1000000, "custom_serializers": null, "sort_keys": false, "ensure_ascii": false, "check_if_serialized": false, "include_type_hints": false, "auto_detect_types": false, "redact_fields": null, "redact_patterns": null, "redact_large_objects": false, "redaction_replacement": "<REDACTED>", "include_redaction_summary": false, "audit_trail": false, "cache_scope": "operation", "cache_size_limit": 1000, "cache_warn_on_limit": true, "cache_metrics_enabled": false}}}, "medium_dataset": {"description": "Medium-sized realistic dataset", "results": {"serialization": {"mean": 0.0009621138000007079, "min": 0.0009478900000061685, "max": 0.0010004689999973948, "std": 1.483312869228522e-05, "mean_ms": 0.9621138000007079}, "deserialization": {"mean": 0.0018966300000002434, "min": 0.001880090999996753, "max": 0.001919364999999118, "std": 1.2298828679919713e-05, "mean_ms": 1.8966300000002434}, "total_time_ms": 2.8587438000009513, "successful_runs": 10, "config": {"date_format": "unix", "custom_date_format": null, "uuid_format": "object", "parse_uuids": true, "dataframe_orient": "values", "datetime_output": "json_safe", "series_output": "json_safe", "dataframe_output": "json_safe", "numpy_output": "json_safe", "nan_handling": "null", "type_coercion": "safe", "preserve_decimals": false, "preserve_complex": false, "max_depth": 50, "max_size": 100000, "max_string_length": 1000000, "custom_serializers": null, "sort_keys": false, "ensure_ascii": false, "check_if_serialized": false, "include_type_hints": false, "auto_detect_types": false, "redact_fields": null, "redact_patterns": null, "redact_large_objects": false, "redaction_replacement": "<REDACTED>", "include_redaction_summary": false, "audit_trail": false, "cache_scope": "operation", "cache_size_limit": 1000, "cache_warn_on_limit": true, "cache_metrics_enabled": false}}}}}, "ml_training": {"description": "ML model serialization", "datasets": {"small_objects": {"description": "Small API-style objects", "results": {"serialization": {"mean": 3.266129999914824e-05, "min": 2.81430000015348e-05, "max": 5.192700000122841e-05, "std": 8.043210788907404e-06, "mean_ms": 0.03266129999914824}, "deserialization": {"mean": 3.676279999922372e-05, "min": 3.1558999999958814e-05, "max": 7.615300000196612e-05, "std": 1.3869961779317795e-05, "mean_ms": 0.036762799999223716}, "total_time_ms": 0.06942409999837196, "successful_runs": 10, "config": {"date_format": "unix_ms", "custom_date_format": null, "uuid_format": "object", "parse_uuids": true, "dataframe_orient": "records", "datetime_output": "json_safe", "series_output": "json_safe", "dataframe_output": "json_safe", "numpy_output": "json_safe", "nan_handling": "null", "type_coercion": "aggressive", "preserve_decimals": false, "preserve_complex": false, "max_depth": 50, "max_size": 100000, "max_string_length": 1000000, "custom_serializers": null, "sort_keys": true, "ensure_ascii": false, "check_if_serialized": false, "include_type_hints": true, "auto_detect_types": false, "redact_fields": null, "redact_patterns": null, "redact_large_objects": false, "redaction_replacement": "<REDACTED>", "include_redaction_summary": false, "audit_trail": false, "cache_scope": "operation", "cache_size_limit": 1000, "cache_warn_on_limit": true, "cache_metrics_enabled": false}}}, "complex_types": {"description": "Complex type handling", "results": {"serialization": {"mean": 6.36900000003493e-05, "min": 5.898999999942589e-05, "max": 8.106199999957653e-05, "std": 6.588387308876596e-06, "mean_ms": 0.0636900000003493}, "deserialization": {"mean": 6.136559999987412e-05, "min": 5.9661000001653974e-05, "max": 6.659400000330606e-05, "std": 1.9707701382274704e-06, "mean_ms": 0.06136559999987412}, "total_time_ms": 0.12505560000022342, "successful_runs": 10, "config": {"date_format": "unix_ms", "custom_date_format": null, "uuid_format": "object", "parse_uuids": true, "dataframe_orient": "records",