{"suite_type": "configurations", "metadata": {"timestamp": 1763349646.9840875, "python_version": "3.12.12", "datason_version": "0.13.0", "enhancement": "capability_based_testing_v1"}, "configurations": {"default": {"description": "Out-of-box experience", "datasets": {"small_objects": {"description": "Small API-style objects", "results": {"serialization": {"mean": 2.9952799997090553e-05, "min": 2.7049999999917418e-05, "max": 3.478499999687301e-05, "std": 2.871376315329806e-06, "mean_ms": 0.02995279999709055}, "deserialization": {"mean": 3.7429799999699756e-05, "min": 3.264100000421877e-05, "max": 6.44800000060286e-05, "std": 9.618155840758807e-06, "mean_ms": 0.03742979999969975}, "total_time_ms": 0.06738259999679032, "successful_runs": 10, "config": {}}}, "complex_types": {"description": "Complex type handling", "results": {"serialization": {"mean": 5.087159999987989e-05, "min": 4.699800000196319e-05, "max": 7.116300000120646e-05, "std": 7.3571867694154995e-06, "mean_ms": 0.05087159999987989}, "deserialization": {"mean": 6.680329999966261e-05, "min": 6.361799999865525e-05, "max": 7.998899999961395e-05, "std": 4.814994266349141e-06, "mean_ms": 0.06680329999966261}, "total_time_ms": 0.1176748999995425, "successful_runs": 10, "config": {}}}, "medium_dataset": {"description": "Medium-sized realistic dataset", "results": {"serialization": {"mean": 0.000833904299999233, "min": 0.0008135949999967806, "max": 0.0008459159999887333, "std": 8.857419863574252e-06, "mean_ms": 0.833904299999233}, "deserialization": {"mean": 0.002032863199995916, "min": 0.0020162359999886803, "max": 0.00206013700000085, "std": 1.375613658516767e-05, "mean_ms": 2.0328631999959157}, "total_time_ms": 2.8667674999951487, "successful_runs": 10, "config": {}}}}}, "api_fast": {"description": "Fast API responses", "datasets": {"small_objects": {"description": "Small API-style objects", "results": {"serialization": {"mean": 3.062890000222751e-05, "min": 2.7712000004953552e-05, "max": 4.413199999930839e-05, "std": 4.898236358403277e-06, "mean_ms": 0.030628900002227507}, "deserialization": {"mean": 3.2731900000726454e-05, "min": 3.1789000004778245e-05, "max": 3.4564000003456385e-05, "std": 8.291157859190424e-07, "mean_ms": 0.032731900000726455}, "total_time_ms": 0.06336080000295395, "successful_runs": 10, "config": {"date_format": "unix", "custom_date_format": null, "uuid_format": "object", "parse_uuids": true, "dataframe_orient": "values", "datetime_output": "json_safe", "series_output": "json_safe", "dataframe_output": "json_safe", "numpy_output": "json_safe", "nan_handling": "null", "type_coercion": "safe", "preserve_decimals": false, "preserve_complex": false, "max_depth": 50, "max_size": 100000, "max_string_length": 1000000, "custom_serializers": null, "sort_keys": false, "ensure_ascii": false, "check_if_serialized": false, "include_type_hints": false, "auto_detect_types": false, "redact_fields": null, "redact_patterns": null, "redact_large_objects": false, "redaction_replacement": "<REDACTED>", "include_redaction_summary": false, "audit_trail": false, "cache_scope": "operation", "cache_size_limit": 1000, "cache_warn_on_limit": true, "cache_metrics_enabled": false}}}, "complex_types": {"description": "Complex type handling", "results": {"serialization": {"mean": 6.149950000065019e-05, "min": 5.6325000002743764e-05, "max": 7.78250000053049e-05, "std": 6.824666493941462e-06, "mean_ms": 0.061499500000650194}, "deserialization": {"mean": 6.154770000108556e-05, "min": 6.0563000005231515e-05, "max": 6.352899998773864e-05, "std": 1.1006871619396291e-06, "mean_ms": 0.061547700001085566}, "total_time_ms": 0.12304720000173576, "successful_runs": 10, "config": {"date_format": "unix", "custom_date_format": null, "uuid_format": "object", "parse_uuids": true, "dataframe_orient": "values", "datetime_output": "json_safe", "series_output": "json_safe", "dataframe_output": "json_safe", "numpy_output": "json_safe", "nan_handling": "null", "type_coercion": "safe", "preserve_decimals": false, "preserve_complex": false, "max_depth": 50, "max_size": 100000, "max_string_length": 1000000, "custom_serializers": null, "sort_keys": false, "ensure_ascii": false, "check_if_serialized": false, "include_type_hints": false, "auto_detect_types": false, "redact_fields": null, "redact_patterns": null, "redact_large_objects": false, "redaction_replacement": "<REDACTED>", "include_redaction_summary": false, "audit_trail": false, "cache_scope": "operation", "cache_size_limit": 1000, "cache_warn_on_limit": true, "cache_metrics_enabled": false}}}, "medium_dataset": {"description": "Medium-sized realistic dataset", "results": {"serialization": {"mean": 0.0009442906999979073, "min": 0.0009310539999916045, "max": 0.0009656289999924184, "std": 9.750715256980539e-06, "mean_ms": 0.9442906999979073}, "deserialization": {"mean": 0.0019407297000000768, "min": 0.0019158789999949022, "max": 0.001970228999994106, "std": 1.7480600981183356e-05, "mean_ms": 1.9407297000000767}, "total_time_ms": 2.885020399997984, "successful_runs": 10, "config": {"date_format": "unix", "custom_date_format": null, "uuid_format": "object", "parse_uuids": true, "dataframe_orient": "values", "datetime_output": "json_safe", "series_output": "json_safe", "dataframe_output": "json_safe", "numpy_output": "json_safe", "nan_handling": "null", "type_coercion": "safe", "preserve_decimals": false, "preserve_complex": false, "max_depth": 50, "max_size": 100000, "max_string_length": 1000000, "custom_serializers": null, "sort_keys": false, "ensure_ascii": false, "check_if_serialized": false, "include_type_hints": false, "auto_detect_types": false, "redact_fields": null, "redact_patterns": null, "redact_large_objects": false, "redaction_replacement": "<REDACTED>", "include_redaction_summary": false, "audit_trail": false, "cache_scope": "operation", "cache_size_limit": 1000, "cache_warn_on_limit": true, "cache_metrics_enabled": false}}}}}, "ml_training": {"description": "ML model serialization", "datasets": {"small_objects": {"description": "Small API-style objects", "results": {"serialization": {"mean": 3.1302199998606285e-05, "min": 2.797199999804434e-05, "max": 4.697699999667293e-05, "std": 5.744746523257307e-06, "mean_ms": 0.031302199998606284}, "deserialization": {"mean": 3.273409999877685e-05, "min": 3.202999999984968e-05, "max": 3.424399999119032e-05, "std": 7.532984421771477e-07, "mean_ms": 0.032734099998776856}, "total_time_ms": 0.06403629999738314, "successful_runs": 10, "config": {"date_format": "unix_ms", "custom_date_format": null, "uuid_format": "object", "parse_uuids": true, "dataframe_orient": "records", "datetime_output": "json_safe", "series_output": "json_safe", "dataframe_output": "json_safe", "numpy_output": "json_safe", "nan_handling": "null", "type_coercion": "aggressive", "preserve_decimals": false, "preserve_complex": false, "max_depth": 50, "max_size": 100000, "max_string_length": 1000000, "custom_serializers": null, "sort_keys": true, "ensure_ascii": false, "check_if_serialized": false, "include_type_hints": true, "auto_detect_types": false, "redact_fields": null, "redact_patterns": null, "redact_large_objects": false, "redaction_replacement": "<REDACTED>", "include_redaction_summary": false, "audit_trail": false, "cache_scope": "operation", "cache_size_limit": 1000, "cache_warn_on_limit": true, "cache_metrics_enabled": false}}}, "complex_types": {"description": "Complex type handling", "results": {"serialization": {"mean": 6.617509999671257e-05, "min": 6.0091999998235224e-05, "max": 8.877499999471183e-05, "std": 8.514467406712723e-06, "mean_ms": 0.06617509999671256}, "deserialization": {"mean": 6.425079999985427e-05, "min": 6.095300000197312e-05, "max": 7.065199999090055e-05, "std": 2.7409460142354084e-06, "mean_ms": 0.06425079999985428}, "total_time_ms": 0.13042589999656684, "successful_runs": 10, "config": {"date_format": "unix_ms", "custom_date_format": null, "uuid_format": "object", "parse_uuids": true, "dataframe_orient": "records",