{"suite_type": "configurations", "metadata": {"timestamp": 1773636282.1991966, "python_version": "3.12.13", "datason_version": "0.13.0", "enhancement": "capability_based_testing_v1"}, "configurations": {"default": {"description": "Out-of-box experience", "datasets": {"small_objects": {"description": "Small API-style objects", "results": {"serialization": {"mean": 2.4391899999898213e-05, "min": 2.337000000096623e-05, "max": 2.925000000431055e-05, "std": 1.7912376525161667e-06, "mean_ms": 0.024391899999898214}, "deserialization": {"mean": 2.9811999999651563e-05, "min": 2.862800000258403e-05, "max": 3.139000000373926e-05, "std": 6.878126364055773e-07, "mean_ms": 0.02981199999965156}, "total_time_ms": 0.054203899999549776, "successful_runs": 10, "config": {}}}, "complex_types": {"description": "Complex type handling", "results": {"serialization": {"mean": 4.45664000018553e-05, "min": 4.056299999888324e-05, "max": 5.684300000297071e-05, "std": 4.63536845526412e-06, "mean_ms": 0.0445664000018553}, "deserialization": {"mean": 5.92264000005116e-05, "min": 5.582600000053617e-05, "max": 6.284100000186754e-05, "std": 2.3604893180675637e-06, "mean_ms": 0.0592264000005116}, "total_time_ms": 0.1037928000023669, "successful_runs": 10, "config": {}}}, "medium_dataset": {"description": "Medium-sized realistic dataset", "results": {"serialization": {"mean": 0.000711539199999578, "min": 0.0006994769999977279, "max": 0.000733453999998801, "std": 9.214069251525987e-06, "mean_ms": 0.7115391999995779}, "deserialization": {"mean": 0.0017577747000004252, "min": 0.0017417970000010996, "max": 0.0017828380000040056, "std": 1.2553658962799588e-05, "mean_ms": 1.7577747000004251}, "total_time_ms": 2.469313900000003, "successful_runs": 10, "config": {}}}}}, "api_fast": {"description": "Fast API responses", "datasets": {"small_objects": {"description": "Small API-style objects", "results": {"serialization": {"mean": 2.7936499999015042e-05, "min": 2.426799999710738e-05, "max": 4.801699999745779e-05, "std": 7.354810809907392e-06, "mean_ms": 0.02793649999901504}, "deserialization": {"mean": 3.321029999909797e-05, "min": 2.8414000006193874e-05, "max": 5.5740000000525924e-05, "std": 9.21458706004097e-06, "mean_ms": 0.03321029999909797}, "total_time_ms": 0.06114679999811302, "successful_runs": 10, "config": {"date_format": "unix", "custom_date_format": null, "uuid_format": "object", "parse_uuids": true, "dataframe_orient": "values", "datetime_output": "json_safe", "series_output": "json_safe", "dataframe_output": "json_safe", "numpy_output": "json_safe", "nan_handling": "null", "type_coercion": "safe", "preserve_decimals": false, "preserve_complex": false, "max_depth": 50, "max_size": 100000, "max_string_length": 1000000, "custom_serializers": null, "sort_keys": false, "ensure_ascii": false, "check_if_serialized": false, "include_type_hints": false, "auto_detect_types": false, "redact_fields": null, "redact_patterns": null, "redact_large_objects": false, "redaction_replacement": "<REDACTED>", "include_redaction_summary": false, "audit_trail": false, "cache_scope": "operation", "cache_size_limit": 1000, "cache_warn_on_limit": true, "cache_metrics_enabled": false}}}, "complex_types": {"description": "Complex type handling", "results": {"serialization": {"mean": 4.7966599999682555e-05, "min": 4.70459999988293e-05, "max": 5.0686000001576303e-05, "std": 1.0982018847797878e-06, "mean_ms": 0.04796659999968256}, "deserialization": {"mean": 5.299169999943843e-05, "min": 5.1518999995892045e-05, "max": 5.998399999640469e-05, "std": 2.5042143159400656e-06, "mean_ms": 0.052991699999438424}, "total_time_ms": 0.10095829999912098, "successful_runs": 10, "config": {"date_format": "unix", "custom_date_format": null, "uuid_format": "object", "parse_uuids": true, "dataframe_orient": "values", "datetime_output": "json_safe", "series_output": "json_safe", "dataframe_output": "json_safe", "numpy_output": "json_safe", "nan_handling": "null", "type_coercion": "safe", "preserve_decimals": false, "preserve_complex": false, "max_depth": 50, "max_size": 100000, "max_string_length": 1000000, "custom_serializers": null, "sort_keys": false, "ensure_ascii": false, "check_if_serialized": false, "include_type_hints": false, "auto_detect_types": false, "redact_fields": null, "redact_patterns": null, "redact_large_objects": false, "redaction_replacement": "<REDACTED>", "include_redaction_summary": false, "audit_trail": false, "cache_scope": "operation", "cache_size_limit": 1000, "cache_warn_on_limit": true, "cache_metrics_enabled": false}}}, "medium_dataset": {"description": "Medium-sized realistic dataset", "results": {"serialization": {"mean": 0.0007864526000005867, "min": 0.0007739489999991633, "max": 0.0008181090000007885, "std": 1.1946850893296878e-05, "mean_ms": 0.7864526000005867}, "deserialization": {"mean": 0.0016572756999998716, "min": 0.0016406609999961574, "max": 0.0016927680000051737, "std": 1.6610252960481512e-05, "mean_ms": 1.6572756999998717}, "total_time_ms": 2.4437283000004584, "successful_runs": 10, "config": {"date_format": "unix", "custom_date_format": null, "uuid_format": "object", "parse_uuids": true, "dataframe_orient": "values", "datetime_output": "json_safe", "series_output": "json_safe", "dataframe_output": "json_safe", "numpy_output": "json_safe", "nan_handling": "null", "type_coercion": "safe", "preserve_decimals": false, "preserve_complex": false, "max_depth": 50, "max_size": 100000, "max_string_length": 1000000, "custom_serializers": null, "sort_keys": false, "ensure_ascii": false, "check_if_serialized": false, "include_type_hints": false, "auto_detect_types": false, "redact_fields": null, "redact_patterns": null, "redact_large_objects": false, "redaction_replacement": "<REDACTED>", "include_redaction_summary": false, "audit_trail": false, "cache_scope": "operation", "cache_size_limit": 1000, "cache_warn_on_limit": true, "cache_metrics_enabled": false}}}}}, "ml_training": {"description": "ML model serialization", "datasets": {"small_objects": {"description": "Small API-style objects", "results": {"serialization": {"mean": 3.0141300000252615e-05, "min": 2.3919000000205415e-05, "max": 4.695900000228903e-05, "std": 9.248478061333116e-06, "mean_ms": 0.030141300000252613}, "deserialization": {"mean": 3.685309999994502e-05, "min": 2.7865999996379287e-05, "max": 5.7899000005079415e-05, "std": 1.2258929231247525e-05, "mean_ms": 0.036853099999945016}, "total_time_ms": 0.06699440000019764, "successful_runs": 10, "config": {"date_format": "unix_ms", "custom_date_format": null, "uuid_format": "object", "parse_uuids": true, "dataframe_orient": "records", "datetime_output": "json_safe", "series_output": "json_safe", "dataframe_output": "json_safe", "numpy_output": "json_safe", "nan_handling": "null", "type_coercion": "aggressive", "preserve_decimals": false, "preserve_complex": false, "max_depth": 50, "max_size": 100000, "max_string_length": 1000000, "custom_serializers": null, "sort_keys": true, "ensure_ascii": false, "check_if_serialized": false, "include_type_hints": true, "auto_detect_types": false, "redact_fields": null, "redact_patterns": null, "redact_large_objects": false, "redaction_replacement": "<REDACTED>", "include_redaction_summary": false, "audit_trail": false, "cache_scope": "operation", "cache_size_limit": 1000, "cache_warn_on_limit": true, "cache_metrics_enabled": false}}}, "complex_types": {"description": "Complex type handling", "results": {"serialization": {"mean": 5.279209999997647e-05, "min": 5.08259999989491e-05, "max": 5.582100000367518e-05, "std": 1.4441568446188067e-06, "mean_ms": 0.05279209999997647}, "deserialization": {"mean": 5.637059999870075e-05, "min": 5.3859999994188e-05, "max": 6.621400000028643e-05, "std": 3.661212859849557e-06, "mean_ms": 0.056370599998700754}, "total_time_ms": 0.10916269999867723, "successful_runs": 10, "config": {"date_format": "unix_ms", "custom_date_format": null, "uuid_format": "object", "parse_uuids": true, "dataframe_orient": "records",