{"suite_type": "configurations", "metadata": {"timestamp": 1759115320.298855, "python_version": "3.12.11", "datason_version": "0.13.0", "enhancement": "capability_based_testing_v1"}, "configurations": {"default": {"description": "Out-of-box experience", "datasets": {"small_objects": {"description": "Small API-style objects", "results": {"serialization": {"mean": 2.6162400001794594e-05, "min": 2.4555999999620326e-05, "max": 3.209900000911148e-05, "std": 2.2946629492188996e-06, "mean_ms": 0.026162400001794595}, "deserialization": {"mean": 3.2168000001320254e-05, "min": 3.104800001096919e-05, "max": 3.5205999978416e-05, "std": 1.2077108665012143e-06, "mean_ms": 0.03216800000132025}, "total_time_ms": 0.05833040000311485, "successful_runs": 10, "config": {}}}, "complex_types": {"description": "Complex type handling", "results": {"serialization": {"mean": 5.003399999736757e-05, "min": 4.5804999984966344e-05, "max": 6.457999998588093e-05, "std": 5.452868069855906e-06, "mean_ms": 0.05003399999736757}, "deserialization": {"mean": 6.503720000239355e-05, "min": 6.328800000687806e-05, "max": 6.745600001067942e-05, "std": 1.2037368467289905e-06, "mean_ms": 0.06503720000239355}, "total_time_ms": 0.11507119999976112, "successful_runs": 10, "config": {}}}, "medium_dataset": {"description": "Medium-sized realistic dataset", "results": {"serialization": {"mean": 0.000843353000004754, "min": 0.0008194870000011178, "max": 0.0008681470000055924, "std": 1.4070741195687694e-05, "mean_ms": 0.843353000004754}, "deserialization": {"mean": 0.0020051588999933758, "min": 0.0019909789999985605, "max": 0.0020191220000072008, "std": 8.056985329118726e-06, "mean_ms": 2.0051588999933756}, "total_time_ms": 2.8485118999981296, "successful_runs": 10, "config": {}}}}}, "api_fast": {"description": "Fast API responses", "datasets": {"small_objects": {"description": "Small API-style objects", "results": {"serialization": {"mean": 2.9390700001385993e-05, "min": 2.649000001042623e-05, "max": 4.4833000004018686e-05, "std": 5.5560760145502915e-06, "mean_ms": 0.029390700001385994}, "deserialization": {"mean": 3.235720000134279e-05, "min": 3.164899999319459e-05, "max": 3.363300001524294e-05, "std": 7.293028348715197e-07, "mean_ms": 0.03235720000134279}, "total_time_ms": 0.06174790000272877, "successful_runs": 10, "config": {"date_format": "unix", "custom_date_format": null, "uuid_format": "object", "parse_uuids": true, "dataframe_orient": "values", "datetime_output": "json_safe", "series_output": "json_safe", "dataframe_output": "json_safe", "numpy_output": "json_safe", "nan_handling": "null", "type_coercion": "safe", "preserve_decimals": false, "preserve_complex": false, "max_depth": 50, "max_size": 100000, "max_string_length": 1000000, "custom_serializers": null, "sort_keys": false, "ensure_ascii": false, "check_if_serialized": false, "include_type_hints": false, "auto_detect_types": false, "redact_fields": null, "redact_patterns": null, "redact_large_objects": false, "redaction_replacement": "<REDACTED>", "include_redaction_summary": false, "audit_trail": false, "cache_scope": "operation", "cache_size_limit": 1000, "cache_warn_on_limit": true, "cache_metrics_enabled": false}}}, "complex_types": {"description": "Complex type handling", "results": {"serialization": {"mean": 5.7567099992184013e-05, "min": 5.507199998078249e-05, "max": 6.480099997929756e-05, "std": 2.9477660233235243e-06, "mean_ms": 0.05756709999218401}, "deserialization": {"mean": 6.0833499998125265e-05, "min": 5.8808999995108024e-05, "max": 7.382800001209944e-05, "std": 4.605849914682904e-06, "mean_ms": 0.06083349999812526}, "total_time_ms": 0.11840059999030929, "successful_runs": 10, "config": {"date_format": "unix", "custom_date_format": null, "uuid_format": "object", "parse_uuids": true, "dataframe_orient": "values", "datetime_output": "json_safe", "series_output": "json_safe", "dataframe_output": "json_safe", "numpy_output": "json_safe", "nan_handling": "null", "type_coercion": "safe", "preserve_decimals": false, "preserve_complex": false, "max_depth": 50, "max_size": 100000, "max_string_length": 1000000, "custom_serializers": null, "sort_keys": false, "ensure_ascii": false, "check_if_serialized": false, "include_type_hints": false, "auto_detect_types": false, "redact_fields": null, "redact_patterns": null, "redact_large_objects": false, "redaction_replacement": "<REDACTED>", "include_redaction_summary": false, "audit_trail": false, "cache_scope": "operation", "cache_size_limit": 1000, "cache_warn_on_limit": true, "cache_metrics_enabled": false}}}, "medium_dataset": {"description": "Medium-sized realistic dataset", "results": {"serialization": {"mean": 0.0009401897000032022, "min": 0.0009240320000003521, "max": 0.0009543380000138768, "std": 9.527878713957841e-06, "mean_ms": 0.9401897000032022}, "deserialization": {"mean": 0.001912436799995021, "min": 0.001883458999998311, "max": 0.0019701100000020233, "std": 2.3673165579071774e-05, "mean_ms": 1.912436799995021}, "total_time_ms": 2.852626499998223, "successful_runs": 10, "config": {"date_format": "unix", "custom_date_format": null, "uuid_format": "object", "parse_uuids": true, "dataframe_orient": "values", "datetime_output": "json_safe", "series_output": "json_safe", "dataframe_output": "json_safe", "numpy_output": "json_safe", "nan_handling": "null", "type_coercion": "safe", "preserve_decimals": false, "preserve_complex": false, "max_depth": 50, "max_size": 100000, "max_string_length": 1000000, "custom_serializers": null, "sort_keys": false, "ensure_ascii": false, "check_if_serialized": false, "include_type_hints": false, "auto_detect_types": false, "redact_fields": null, "redact_patterns": null, "redact_large_objects": false, "redaction_replacement": "<REDACTED>", "include_redaction_summary": false, "audit_trail": false, "cache_scope": "operation", "cache_size_limit": 1000, "cache_warn_on_limit": true, "cache_metrics_enabled": false}}}}}, "ml_training": {"description": "ML model serialization", "datasets": {"small_objects": {"description": "Small API-style objects", "results": {"serialization": {"mean": 3.051489999847945e-05, "min": 2.724000000853266e-05, "max": 5.143600000678816e-05, "std": 7.487262378966142e-06, "mean_ms": 0.03051489999847945}, "deserialization": {"mean": 3.656120000243846e-05, "min": 3.1589000002441026e-05, "max": 5.9900999985984527e-05, "std": 9.646942516689163e-06, "mean_ms": 0.036561200002438454}, "total_time_ms": 0.0670761000009179, "successful_runs": 10, "config": {"date_format": "unix_ms", "custom_date_format": null, "uuid_format": "object", "parse_uuids": true, "dataframe_orient": "records", "datetime_output": "json_safe", "series_output": "json_safe", "dataframe_output": "json_safe", "numpy_output": "json_safe", "nan_handling": "null", "type_coercion": "aggressive", "preserve_decimals": false, "preserve_complex": false, "max_depth": 50, "max_size": 100000, "max_string_length": 1000000, "custom_serializers": null, "sort_keys": true, "ensure_ascii": false, "check_if_serialized": false, "include_type_hints": true, "auto_detect_types": false, "redact_fields": null, "redact_patterns": null, "redact_large_objects": false, "redaction_replacement": "<REDACTED>", "include_redaction_summary": false, "audit_trail": false, "cache_scope": "operation", "cache_size_limit": 1000, "cache_warn_on_limit": true, "cache_metrics_enabled": false}}}, "complex_types": {"description": "Complex type handling", "results": {"serialization": {"mean": 6.221899999729885e-05, "min": 5.8418999998366417e-05, "max": 7.632199998397482e-05, "std": 5.342709546567973e-06, "mean_ms": 0.06221899999729885}, "deserialization": {"mean": 6.211889999860887e-05, "min": 5.9741999990592376e-05, "max": 7.358700000281715e-05, "std": 4.173359091176599e-06, "mean_ms": 0.062118899998608874}, "total_time_ms": 0.12433789999590775, "successful_runs": 10, "config": {"date_format": "unix_ms", "custom_date_format": null, "uuid_format": "object", "parse_uuids": true, "dataframe_orient": "records",