{"suite_type": "configurations", "metadata": {"timestamp": 1772425179.7952135, "python_version": "3.12.12", "datason_version": "0.13.0", "enhancement": "capability_based_testing_v1"}, "configurations": {"default": {"description": "Out-of-box experience", "datasets": {"small_objects": {"description": "Small API-style objects", "results": {"serialization": {"mean": 2.712299999956258e-05, "min": 2.5237000002675813e-05, "max": 3.205999999522646e-05, "std": 2.1526404960591588e-06, "mean_ms": 0.02712299999956258}, "deserialization": {"mean": 3.521529999943596e-05, "min": 3.171000000179447e-05, "max": 5.1666999993926765e-05, "std": 5.914399471216518e-06, "mean_ms": 0.035215299999435956}, "total_time_ms": 0.06233829999899854, "successful_runs": 10, "config": {}}}, "complex_types": {"description": "Complex type handling", "results": {"serialization": {"mean": 4.979159999862759e-05, "min": 4.574599999784823e-05, "max": 6.652499999404426e-05, "std": 6.291485359786405e-06, "mean_ms": 0.04979159999862759}, "deserialization": {"mean": 6.438300000013441e-05, "min": 6.306899999231064e-05, "max": 6.763800000442188e-05, "std": 1.5007630671817354e-06, "mean_ms": 0.06438300000013442}, "total_time_ms": 0.114174599998762, "successful_runs": 10, "config": {}}}, "medium_dataset": {"description": "Medium-sized realistic dataset", "results": {"serialization": {"mean": 0.0008237441999995099, "min": 0.0007929700000062212, "max": 0.0008658969999970623, "std": 2.4779892671678683e-05, "mean_ms": 0.8237441999995099}, "deserialization": {"mean": 0.002015378300002624, "min": 0.002000811000002045, "max": 0.0020701229999957604, "std": 2.0656886403526412e-05, "mean_ms": 2.0153783000026237}, "total_time_ms": 2.8391225000021336, "successful_runs": 10, "config": {}}}}}, "api_fast": {"description": "Fast API responses", "datasets": {"small_objects": {"description": "Small API-style objects", "results": {"serialization": {"mean": 3.4762300002455505e-05, "min": 2.67799999988938e-05, "max": 5.371100000672868e-05, "std": 1.1347558367081016e-05, "mean_ms": 0.034762300002455504}, "deserialization": {"mean": 3.985010000064904e-05, "min": 3.176999999254804e-05, "max": 6.0482999998612286e-05, "std": 1.1984812115019246e-05, "mean_ms": 0.039850100000649036}, "total_time_ms": 0.07461240000310454, "successful_runs": 10, "config": {"date_format": "unix", "custom_date_format": null, "uuid_format": "object", "parse_uuids": true, "dataframe_orient": "values", "datetime_output": "json_safe", "series_output": "json_safe", "dataframe_output": "json_safe", "numpy_output": "json_safe", "nan_handling": "null", "type_coercion": "safe", "preserve_decimals": false, "preserve_complex": false, "max_depth": 50, "max_size": 100000, "max_string_length": 1000000, "custom_serializers": null, "sort_keys": false, "ensure_ascii": false, "check_if_serialized": false, "include_type_hints": false, "auto_detect_types": false, "redact_fields": null, "redact_patterns": null, "redact_large_objects": false, "redaction_replacement": "<REDACTED>", "include_redaction_summary": false, "audit_trail": false, "cache_scope": "operation", "cache_size_limit": 1000, "cache_warn_on_limit": true, "cache_metrics_enabled": false}}}, "complex_types": {"description": "Complex type handling", "results": {"serialization": {"mean": 5.709129999900142e-05, "min": 5.310000000235959e-05, "max": 6.892899999400015e-05, "std": 6.088614473921462e-06, "mean_ms": 0.05709129999900142}, "deserialization": {"mean": 5.958790000306635e-05, "min": 5.835000000331547e-05, "max": 6.155500000204484e-05, "std": 1.104933930105025e-06, "mean_ms": 0.05958790000306635}, "total_time_ms": 0.11667920000206777, "successful_runs": 10, "config": {"date_format": "unix", "custom_date_format": null, "uuid_format": "object", "parse_uuids": true, "dataframe_orient": "values", "datetime_output": "json_safe", "series_output": "json_safe", "dataframe_output": "json_safe", "numpy_output": "json_safe", "nan_handling": "null", "type_coercion": "safe", "preserve_decimals": false, "preserve_complex": false, "max_depth": 50, "max_size": 100000, "max_string_length": 1000000, "custom_serializers": null, "sort_keys": false, "ensure_ascii": false, "check_if_serialized": false, "include_type_hints": false, "auto_detect_types": false, "redact_fields": null, "redact_patterns": null, "redact_large_objects": false, "redaction_replacement": "<REDACTED>", "include_redaction_summary": false, "audit_trail": false, "cache_scope": "operation", "cache_size_limit": 1000, "cache_warn_on_limit": true, "cache_metrics_enabled": false}}}, "medium_dataset": {"description": "Medium-sized realistic dataset", "results": {"serialization": {"mean": 0.0009109633999997869, "min": 0.000886747000009791, "max": 0.0009662159999948017, "std": 2.2671523110984546e-05, "mean_ms": 0.9109633999997868}, "deserialization": {"mean": 0.001915254899998331, "min": 0.0019009130000000596, "max": 0.0019325330000015128, "std": 9.345033446212198e-06, "mean_ms": 1.915254899998331}, "total_time_ms": 2.826218299998118, "successful_runs": 10, "config": {"date_format": "unix", "custom_date_format": null, "uuid_format": "object", "parse_uuids": true, "dataframe_orient": "values", "datetime_output": "json_safe", "series_output": "json_safe", "dataframe_output": "json_safe", "numpy_output": "json_safe", "nan_handling": "null", "type_coercion": "safe", "preserve_decimals": false, "preserve_complex": false, "max_depth": 50, "max_size": 100000, "max_string_length": 1000000, "custom_serializers": null, "sort_keys": false, "ensure_ascii": false, "check_if_serialized": false, "include_type_hints": false, "auto_detect_types": false, "redact_fields": null, "redact_patterns": null, "redact_large_objects": false, "redaction_replacement": "<REDACTED>", "include_redaction_summary": false, "audit_trail": false, "cache_scope": "operation", "cache_size_limit": 1000, "cache_warn_on_limit": true, "cache_metrics_enabled": false}}}}}, "ml_training": {"description": "ML model serialization", "datasets": {"small_objects": {"description": "Small API-style objects", "results": {"serialization": {"mean": 2.777009999732627e-05, "min": 2.67100000002074e-05, "max": 3.097799999807194e-05, "std": 1.286688121593819e-06, "mean_ms": 0.02777009999732627}, "deserialization": {"mean": 3.186570000224265e-05, "min": 3.1508999995821796e-05, "max": 3.289200000722303e-05, "std": 3.9685767269005047e-07, "mean_ms": 0.03186570000224265}, "total_time_ms": 0.05963579999956892, "successful_runs": 10, "config": {"date_format": "unix_ms", "custom_date_format": null, "uuid_format": "object", "parse_uuids": true, "dataframe_orient": "records", "datetime_output": "json_safe", "series_output": "json_safe", "dataframe_output": "json_safe", "numpy_output": "json_safe", "nan_handling": "null", "type_coercion": "aggressive", "preserve_decimals": false, "preserve_complex": false, "max_depth": 50, "max_size": 100000, "max_string_length": 1000000, "custom_serializers": null, "sort_keys": true, "ensure_ascii": false, "check_if_serialized": false, "include_type_hints": true, "auto_detect_types": false, "redact_fields": null, "redact_patterns": null, "redact_large_objects": false, "redaction_replacement": "<REDACTED>", "include_redaction_summary": false, "audit_trail": false, "cache_scope": "operation", "cache_size_limit": 1000, "cache_warn_on_limit": true, "cache_metrics_enabled": false}}}, "complex_types": {"description": "Complex type handling", "results": {"serialization": {"mean": 6.311880000140491e-05, "min": 5.739799999560091e-05, "max": 9.141200000328809e-05, "std": 1.0281704925854909e-05, "mean_ms": 0.0631188000014049}, "deserialization": {"mean": 6.769839999662964e-05, "min": 6.077399999071531e-05, "max": 0.00011731099999678918, "std": 1.7545771432308413e-05, "mean_ms": 0.06769839999662963}, "total_time_ms": 0.13081719999803454, "successful_runs": 10, "config": {"date_format": "unix_ms", "custom_date_format": null, "uuid_format": "object", "parse_uuids": true, "dataframe_orient": "records",