{"suite_type": "configurations", "metadata": {"timestamp": 1766375224.5827541, "python_version": "3.12.12", "datason_version": "0.13.0", "enhancement": "capability_based_testing_v1"}, "configurations": {"default": {"description": "Out-of-box experience", "datasets": {"small_objects": {"description": "Small API-style objects", "results": {"serialization": {"mean": 2.738499999566102e-05, "min": 2.4795999991056306e-05, "max": 3.251100000056795e-05, "std": 2.3783752197186045e-06, "mean_ms": 0.02738499999566102}, "deserialization": {"mean": 3.561149999598001e-05, "min": 3.179999998792482e-05, "max": 5.2267000000938424e-05, "std": 6.172465947092905e-06, "mean_ms": 0.03561149999598001}, "total_time_ms": 0.06299649999164103, "successful_runs": 10, "config": {}}}, "complex_types": {"description": "Complex type handling", "results": {"serialization": {"mean": 4.706249999912871e-05, "min": 4.511399998818888e-05, "max": 5.0533999996105194e-05, "std": 1.7732835997578257e-06, "mean_ms": 0.047062499999128704}, "deserialization": {"mean": 6.637370000248666e-05, "min": 6.391899998448025e-05, "max": 7.888700000080462e-05, "std": 4.480215845527822e-06, "mean_ms": 0.06637370000248666}, "total_time_ms": 0.11343620000161538, "successful_runs": 10, "config": {}}}, "medium_dataset": {"description": "Medium-sized realistic dataset", "results": {"serialization": {"mean": 0.0008267786999994087, "min": 0.0008133940000050188, "max": 0.0008451629999797206, "std": 1.0169916081369755e-05, "mean_ms": 0.8267786999994087}, "deserialization": {"mean": 0.002044924200004061, "min": 0.002035217000013745, "max": 0.002067818000000443, "std": 9.428976036121273e-06, "mean_ms": 2.0449242000040613}, "total_time_ms": 2.8717029000034695, "successful_runs": 10, "config": {}}}}}, "api_fast": {"description": "Fast API responses", "datasets": {"small_objects": {"description": "Small API-style objects", "results": {"serialization": {"mean": 3.1997599998589975e-05, "min": 2.648899999257992e-05, "max": 5.056399999148198e-05, "std": 9.365223066750803e-06, "mean_ms": 0.031997599998589976}, "deserialization": {"mean": 3.480889999707415e-05, "min": 3.268099999331753e-05, "max": 4.894100001706647e-05, "std": 5.025311129208097e-06, "mean_ms": 0.03480889999707415}, "total_time_ms": 0.06680649999566413, "successful_runs": 10, "config": {"date_format": "unix", "custom_date_format": null, "uuid_format": "object", "parse_uuids": true, "dataframe_orient": "values", "datetime_output": "json_safe", "series_output": "json_safe", "dataframe_output": "json_safe", "numpy_output": "json_safe", "nan_handling": "null", "type_coercion": "safe", "preserve_decimals": false, "preserve_complex": false, "max_depth": 50, "max_size": 100000, "max_string_length": 1000000, "custom_serializers": null, "sort_keys": false, "ensure_ascii": false, "check_if_serialized": false, "include_type_hints": false, "auto_detect_types": false, "redact_fields": null, "redact_patterns": null, "redact_large_objects": false, "redaction_replacement": "<REDACTED>", "include_redaction_summary": false, "audit_trail": false, "cache_scope": "operation", "cache_size_limit": 1000, "cache_warn_on_limit": true, "cache_metrics_enabled": false}}}, "complex_types": {"description": "Complex type handling", "results": {"serialization": {"mean": 6.055969999749777e-05, "min": 5.537199999139375e-05, "max": 8.636100000103397e-05, "std": 9.412120911180378e-06, "mean_ms": 0.06055969999749777}, "deserialization": {"mean": 6.164059999491656e-05, "min": 6.0131999987333984e-05, "max": 6.861800000024232e-05, "std": 2.4939432517657756e-06, "mean_ms": 0.061640599994916556}, "total_time_ms": 0.12220029999241433, "successful_runs": 10, "config": {"date_format": "unix", "custom_date_format": null, "uuid_format": "object", "parse_uuids": true, "dataframe_orient": "values", "datetime_output": "json_safe", "series_output": "json_safe", "dataframe_output": "json_safe", "numpy_output": "json_safe", "nan_handling": "null", "type_coercion": "safe", "preserve_decimals": false, "preserve_complex": false, "max_depth": 50, "max_size": 100000, "max_string_length": 1000000, "custom_serializers": null, "sort_keys": false, "ensure_ascii": false, "check_if_serialized": false, "include_type_hints": false, "auto_detect_types": false, "redact_fields": null, "redact_patterns": null, "redact_large_objects": false, "redaction_replacement": "<REDACTED>", "include_redaction_summary": false, "audit_trail": false, "cache_scope": "operation", "cache_size_limit": 1000, "cache_warn_on_limit": true, "cache_metrics_enabled": false}}}, "medium_dataset": {"description": "Medium-sized realistic dataset", "results": {"serialization": {"mean": 0.0009456437000011419, "min": 0.0009397690000128023, "max": 0.0009505390000015268, "std": 3.5996283800751287e-06, "mean_ms": 0.945643700001142}, "deserialization": {"mean": 0.0019359041000001297, "min": 0.0019134809999741265, "max": 0.001963384000021051, "std": 1.4934991778240015e-05, "mean_ms": 1.9359041000001298}, "total_time_ms": 2.8815478000012718, "successful_runs": 10, "config": {"date_format": "unix", "custom_date_format": null, "uuid_format": "object", "parse_uuids": true, "dataframe_orient": "values", "datetime_output": "json_safe", "series_output": "json_safe", "dataframe_output": "json_safe", "numpy_output": "json_safe", "nan_handling": "null", "type_coercion": "safe", "preserve_decimals": false, "preserve_complex": false, "max_depth": 50, "max_size": 100000, "max_string_length": 1000000, "custom_serializers": null, "sort_keys": false, "ensure_ascii": false, "check_if_serialized": false, "include_type_hints": false, "auto_detect_types": false, "redact_fields": null, "redact_patterns": null, "redact_large_objects": false, "redaction_replacement": "<REDACTED>", "include_redaction_summary": false, "audit_trail": false, "cache_scope": "operation", "cache_size_limit": 1000, "cache_warn_on_limit": true, "cache_metrics_enabled": false}}}}}, "ml_training": {"description": "ML model serialization", "datasets": {"small_objects": {"description": "Small API-style objects", "results": {"serialization": {"mean": 3.067619999796989e-05, "min": 2.6298999983964677e-05, "max": 6.035300000917232e-05, "std": 1.0485560178605697e-05, "mean_ms": 0.03067619999796989}, "deserialization": {"mean": 3.261859999383887e-05, "min": 3.151900000375463e-05, "max": 3.5715999985086455e-05, "std": 1.2276296177635448e-06, "mean_ms": 0.03261859999383887}, "total_time_ms": 0.06329479999180876, "successful_runs": 10, "config": {"date_format": "unix_ms", "custom_date_format": null, "uuid_format": "object", "parse_uuids": true, "dataframe_orient": "records", "datetime_output": "json_safe", "series_output": "json_safe", "dataframe_output": "json_safe", "numpy_output": "json_safe", "nan_handling": "null", "type_coercion": "aggressive", "preserve_decimals": false, "preserve_complex": false, "max_depth": 50, "max_size": 100000, "max_string_length": 1000000, "custom_serializers": null, "sort_keys": true, "ensure_ascii": false, "check_if_serialized": false, "include_type_hints": true, "auto_detect_types": false, "redact_fields": null, "redact_patterns": null, "redact_large_objects": false, "redaction_replacement": "<REDACTED>", "include_redaction_summary": false, "audit_trail": false, "cache_scope": "operation", "cache_size_limit": 1000, "cache_warn_on_limit": true, "cache_metrics_enabled": false}}}, "complex_types": {"description": "Complex type handling", "results": {"serialization": {"mean": 6.24444000038693e-05, "min": 5.935000001500157e-05, "max": 7.773500001917455e-05, "std": 5.553446126138796e-06, "mean_ms": 0.062444400003869305}, "deserialization": {"mean": 6.206040000051871e-05, "min": 6.113399999208013e-05, "max": 6.348899998442903e-05, "std": 7.596778827250347e-07, "mean_ms": 0.06206040000051871}, "total_time_ms": 0.12450480000438802, "successful_runs": 10, "config": {"date_format": "unix_ms", "custom_date_format": null, "uuid_format": "object", "parse_uuids": true, "dataframe_orient": "records",