{"suite_type": "configurations", "metadata": {"timestamp": 1779691303.7278588, "python_version": "3.12.13", "datason_version": "0.13.0", "enhancement": "capability_based_testing_v1"}, "configurations": {"default": {"description": "Out-of-box experience", "datasets": {"small_objects": {"description": "Small API-style objects", "results": {"serialization": {"mean": 2.6106199999276215e-05, "min": 2.2434000001680943e-05, "max": 4.2743999998151594e-05, "std": 6.2565528449212e-06, "mean_ms": 0.026106199999276214}, "deserialization": {"mean": 2.984859999983769e-05, "min": 2.898299999998244e-05, "max": 3.2178999994414426e-05, "std": 9.542035878284246e-07, "mean_ms": 0.02984859999983769}, "total_time_ms": 0.0559547999991139, "successful_runs": 10, "config": {}}}, "complex_types": {"description": "Complex type handling", "results": {"serialization": {"mean": 4.103139999926953e-05, "min": 3.8107000001730285e-05, "max": 4.657000000207745e-05, "std": 2.9740576168575535e-06, "mean_ms": 0.041031399999269524}, "deserialization": {"mean": 6.036460000018451e-05, "min": 5.683500000230879e-05, "max": 7.540400000038971e-05, "std": 5.447976346027923e-06, "mean_ms": 0.06036460000018451}, "total_time_ms": 0.10139599999945403, "successful_runs": 10, "config": {}}}, "medium_dataset": {"description": "Medium-sized realistic dataset", "results": {"serialization": {"mean": 0.000782458700000177, "min": 0.000767150999998023, "max": 0.0007996510000012336, "std": 8.733916610629757e-06, "mean_ms": 0.782458700000177}, "deserialization": {"mean": 0.0019350209000016604, "min": 0.0019270030000058114, "max": 0.001947874000002514, "std": 6.3018697467831395e-06, "mean_ms": 1.9350209000016605}, "total_time_ms": 2.7174796000018375, "successful_runs": 10, "config": {}}}}}, "api_fast": {"description": "Fast API responses", "datasets": {"small_objects": {"description": "Small API-style objects", "results": {"serialization": {"mean": 2.9063799999562434e-05, "min": 2.354600000131768e-05, "max": 4.271400000277481e-05, "std": 7.737484199326524e-06, "mean_ms": 0.029063799999562434}, "deserialization": {"mean": 3.424250000065854e-05, "min": 2.861299999779021e-05, "max": 4.888400000169213e-05, "std": 8.597833283686775e-06, "mean_ms": 0.03424250000065854}, "total_time_ms": 0.06330630000022097, "successful_runs": 10, "config": {"date_format": "unix", "custom_date_format": null, "uuid_format": "object", "parse_uuids": true, "dataframe_orient": "values", "datetime_output": "json_safe", "series_output": "json_safe", "dataframe_output": "json_safe", "numpy_output": "json_safe", "nan_handling": "null", "type_coercion": "safe", "preserve_decimals": false, "preserve_complex": false, "max_depth": 50, "max_size": 100000, "max_string_length": 1000000, "custom_serializers": null, "sort_keys": false, "ensure_ascii": false, "check_if_serialized": false, "include_type_hints": false, "auto_detect_types": false, "redact_fields": null, "redact_patterns": null, "redact_large_objects": false, "redaction_replacement": "<REDACTED>", "include_redaction_summary": false, "audit_trail": false, "cache_scope": "operation", "cache_size_limit": 1000, "cache_warn_on_limit": true, "cache_metrics_enabled": false}}}, "complex_types": {"description": "Complex type handling", "results": {"serialization": {"mean": 4.8185400000733125e-05, "min": 4.469699999987142e-05, "max": 5.425199999820052e-05, "std": 3.335215908066375e-06, "mean_ms": 0.048185400000733125}, "deserialization": {"mean": 5.471729999868557e-05, "min": 5.320999999725018e-05, "max": 5.6033999996429884e-05, "std": 8.297612844369511e-07, "mean_ms": 0.054717299998685576}, "total_time_ms": 0.1029026999994187, "successful_runs": 10, "config": {"date_format": "unix", "custom_date_format": null, "uuid_format": "object", "parse_uuids": true, "dataframe_orient": "values", "datetime_output": "json_safe", "series_output": "json_safe", "dataframe_output": "json_safe", "numpy_output": "json_safe", "nan_handling": "null", "type_coercion": "safe", "preserve_decimals": false, "preserve_complex": false, "max_depth": 50, "max_size": 100000, "max_string_length": 1000000, "custom_serializers": null, "sort_keys": false, "ensure_ascii": false, "check_if_serialized": false, "include_type_hints": false, "auto_detect_types": false, "redact_fields": null, "redact_patterns": null, "redact_large_objects": false, "redaction_replacement": "<REDACTED>", "include_redaction_summary": false, "audit_trail": false, "cache_scope": "operation", "cache_size_limit": 1000, "cache_warn_on_limit": true, "cache_metrics_enabled": false}}}, "medium_dataset": {"description": "Medium-sized realistic dataset", "results": {"serialization": {"mean": 0.0008640110999998285, "min": 0.0008523790000012355, "max": 0.0008719490000004271, "std": 6.396953780305941e-06, "mean_ms": 0.8640110999998285}, "deserialization": {"mean": 0.0018369356000000892, "min": 0.0018258010000025138, "max": 0.0018536319999995499, "std": 9.152159892657113e-06, "mean_ms": 1.8369356000000892}, "total_time_ms": 2.7009466999999177, "successful_runs": 10, "config": {"date_format": "unix", "custom_date_format": null, "uuid_format": "object", "parse_uuids": true, "dataframe_orient": "values", "datetime_output": "json_safe", "series_output": "json_safe", "dataframe_output": "json_safe", "numpy_output": "json_safe", "nan_handling": "null", "type_coercion": "safe", "preserve_decimals": false, "preserve_complex": false, "max_depth": 50, "max_size": 100000, "max_string_length": 1000000, "custom_serializers": null, "sort_keys": false, "ensure_ascii": false, "check_if_serialized": false, "include_type_hints": false, "auto_detect_types": false, "redact_fields": null, "redact_patterns": null, "redact_large_objects": false, "redaction_replacement": "<REDACTED>", "include_redaction_summary": false, "audit_trail": false, "cache_scope": "operation", "cache_size_limit": 1000, "cache_warn_on_limit": true, "cache_metrics_enabled": false}}}}}, "ml_training": {"description": "ML model serialization", "datasets": {"small_objects": {"description": "Small API-style objects", "results": {"serialization": {"mean": 2.8172300001472195e-05, "min": 2.4347000000091157e-05, "max": 4.310500000315187e-05, "std": 7.0609161995407395e-06, "mean_ms": 0.028172300001472195}, "deserialization": {"mean": 3.364150000066957e-05, "min": 2.890400000410409e-05, "max": 4.740100000333314e-05, "std": 7.388071997071566e-06, "mean_ms": 0.033641500000669566}, "total_time_ms": 0.06181380000214176, "successful_runs": 10, "config": {"date_format": "unix_ms", "custom_date_format": null, "uuid_format": "object", "parse_uuids": true, "dataframe_orient": "records", "datetime_output": "json_safe", "series_output": "json_safe", "dataframe_output": "json_safe", "numpy_output": "json_safe", "nan_handling": "null", "type_coercion": "aggressive", "preserve_decimals": false, "preserve_complex": false, "max_depth": 50, "max_size": 100000, "max_string_length": 1000000, "custom_serializers": null, "sort_keys": true, "ensure_ascii": false, "check_if_serialized": false, "include_type_hints": true, "auto_detect_types": false, "redact_fields": null, "redact_patterns": null, "redact_large_objects": false, "redaction_replacement": "<REDACTED>", "include_redaction_summary": false, "audit_trail": false, "cache_scope": "operation", "cache_size_limit": 1000, "cache_warn_on_limit": true, "cache_metrics_enabled": false}}}, "complex_types": {"description": "Complex type handling", "results": {"serialization": {"mean": 4.889540000050374e-05, "min": 4.720100000099592e-05, "max": 5.294900000052394e-05, "std": 1.6530864196793427e-06, "mean_ms": 0.04889540000050374}, "deserialization": {"mean": 5.6740100002627966e-05, "min": 5.408100000181548e-05, "max": 6.991499999742246e-05, "std": 4.820145833846122e-06, "mean_ms": 0.05674010000262797}, "total_time_ms": 0.1056355000031317, "successful_runs": 10, "config": {"date_format": "unix_ms", "custom_date_format": null, "uuid_format": "object", "parse_uuids": true, "dataframe_orient": "records",