{"suite_type": "configurations", "metadata": {"timestamp": 1768190047.320824, "python_version": "3.12.12", "datason_version": "0.13.0", "enhancement": "capability_based_testing_v1"}, "configurations": {"default": {"description": "Out-of-box experience", "datasets": {"small_objects": {"description": "Small API-style objects", "results": {"serialization": {"mean": 2.8827800002773073e-05, "min": 2.48260000148548e-05, "max": 5.296799997722701e-05, "std": 8.580215616071165e-06, "mean_ms": 0.028827800002773074}, "deserialization": {"mean": 3.3592700003737266e-05, "min": 3.169899997601533e-05, "max": 4.006500000741653e-05, "std": 2.4310731070798945e-06, "mean_ms": 0.033592700003737264}, "total_time_ms": 0.06242050000651033, "successful_runs": 10, "config": {}}}, "complex_types": {"description": "Complex type handling", "results": {"serialization": {"mean": 5.001740001375765e-05, "min": 4.636700003857186e-05, "max": 6.816699999490083e-05, "std": 6.571727859145014e-06, "mean_ms": 0.05001740001375765}, "deserialization": {"mean": 6.510160001198529e-05, "min": 6.362900001022354e-05, "max": 6.633400005284784e-05, "std": 9.73096564311337e-07, "mean_ms": 0.06510160001198528}, "total_time_ms": 0.11511900002574293, "successful_runs": 10, "config": {}}}, "medium_dataset": {"description": "Medium-sized realistic dataset", "results": {"serialization": {"mean": 0.0008281160000024101, "min": 0.0008169669999915641, "max": 0.000839379000012741, "std": 8.020412408797551e-06, "mean_ms": 0.8281160000024101}, "deserialization": {"mean": 0.0020536319000029834, "min": 0.002002934000017831, "max": 0.0022532220000357484, "std": 7.464932952359916e-05, "mean_ms": 2.0536319000029835}, "total_time_ms": 2.8817479000053936, "successful_runs": 10, "config": {}}}}}, "api_fast": {"description": "Fast API responses", "datasets": {"small_objects": {"description": "Small API-style objects", "results": {"serialization": {"mean": 3.12934999897152e-05, "min": 2.6891000004525267e-05, "max": 4.90609999701519e-05, "std": 7.63430748849166e-06, "mean_ms": 0.0312934999897152}, "deserialization": {"mean": 3.2698099994377115e-05, "min": 3.1298000010338e-05, "max": 3.525599998965845e-05, "std": 1.1565036785903954e-06, "mean_ms": 0.03269809999437712}, "total_time_ms": 0.0639915999840923, "successful_runs": 10, "config": {"date_format": "unix", "custom_date_format": null, "uuid_format": "object", "parse_uuids": true, "dataframe_orient": "values", "datetime_output": "json_safe", "series_output": "json_safe", "dataframe_output": "json_safe", "numpy_output": "json_safe", "nan_handling": "null", "type_coercion": "safe", "preserve_decimals": false, "preserve_complex": false, "max_depth": 50, "max_size": 100000, "max_string_length": 1000000, "custom_serializers": null, "sort_keys": false, "ensure_ascii": false, "check_if_serialized": false, "include_type_hints": false, "auto_detect_types": false, "redact_fields": null, "redact_patterns": null, "redact_large_objects": false, "redaction_replacement": "<REDACTED>", "include_redaction_summary": false, "audit_trail": false, "cache_scope": "operation", "cache_size_limit": 1000, "cache_warn_on_limit": true, "cache_metrics_enabled": false}}}, "complex_types": {"description": "Complex type handling", "results": {"serialization": {"mean": 5.7810399994195905e-05, "min": 5.53239999590005e-05, "max": 6.368000003931229e-05, "std": 2.681671764578945e-06, "mean_ms": 0.057810399994195905}, "deserialization": {"mean": 6.298349998701269e-05, "min": 5.934099999649334e-05, "max": 7.743399999071698e-05, "std": 6.481194025016733e-06, "mean_ms": 0.06298349998701269}, "total_time_ms": 0.1207938999812086, "successful_runs": 10, "config": {"date_format": "unix", "custom_date_format": null, "uuid_format": "object", "parse_uuids": true, "dataframe_orient": "values", "datetime_output": "json_safe", "series_output": "json_safe", "dataframe_output": "json_safe", "numpy_output": "json_safe", "nan_handling": "null", "type_coercion": "safe", "preserve_decimals": false, "preserve_complex": false, "max_depth": 50, "max_size": 100000, "max_string_length": 1000000, "custom_serializers": null, "sort_keys": false, "ensure_ascii": false, "check_if_serialized": false, "include_type_hints": false, "auto_detect_types": false, "redact_fields": null, "redact_patterns": null, "redact_large_objects": false, "redaction_replacement": "<REDACTED>", "include_redaction_summary": false, "audit_trail": false, "cache_scope": "operation", "cache_size_limit": 1000, "cache_warn_on_limit": true, "cache_metrics_enabled": false}}}, "medium_dataset": {"description": "Medium-sized realistic dataset", "results": {"serialization": {"mean": 0.0009444544999951176, "min": 0.000937271999987388, "max": 0.0009542039999814733, "std": 5.624252545856966e-06, "mean_ms": 0.9444544999951177}, "deserialization": {"mean": 0.001902532600001905, "min": 0.0018847829999799615, "max": 0.0019183059999932084, "std": 1.064514963969455e-05, "mean_ms": 1.902532600001905}, "total_time_ms": 2.8469870999970226, "successful_runs": 10, "config": {"date_format": "unix", "custom_date_format": null, "uuid_format": "object", "parse_uuids": true, "dataframe_orient": "values", "datetime_output": "json_safe", "series_output": "json_safe", "dataframe_output": "json_safe", "numpy_output": "json_safe", "nan_handling": "null", "type_coercion": "safe", "preserve_decimals": false, "preserve_complex": false, "max_depth": 50, "max_size": 100000, "max_string_length": 1000000, "custom_serializers": null, "sort_keys": false, "ensure_ascii": false, "check_if_serialized": false, "include_type_hints": false, "auto_detect_types": false, "redact_fields": null, "redact_patterns": null, "redact_large_objects": false, "redaction_replacement": "<REDACTED>", "include_redaction_summary": false, "audit_trail": false, "cache_scope": "operation", "cache_size_limit": 1000, "cache_warn_on_limit": true, "cache_metrics_enabled": false}}}}}, "ml_training": {"description": "ML model serialization", "datasets": {"small_objects": {"description": "Small API-style objects", "results": {"serialization": {"mean": 3.144780000070568e-05, "min": 2.6789999992615776e-05, "max": 5.138599999554572e-05, "std": 8.16618058023109e-06, "mean_ms": 0.031447800000705683}, "deserialization": {"mean": 3.5587500002520754e-05, "min": 3.151900000375463e-05, "max": 5.772800000158895e-05, "std": 8.401819845490736e-06, "mean_ms": 0.035587500002520756}, "total_time_ms": 0.06703530000322643, "successful_runs": 10, "config": {"date_format": "unix_ms", "custom_date_format": null, "uuid_format": "object", "parse_uuids": true, "dataframe_orient": "records", "datetime_output": "json_safe", "series_output": "json_safe", "dataframe_output": "json_safe", "numpy_output": "json_safe", "nan_handling": "null", "type_coercion": "aggressive", "preserve_decimals": false, "preserve_complex": false, "max_depth": 50, "max_size": 100000, "max_string_length": 1000000, "custom_serializers": null, "sort_keys": true, "ensure_ascii": false, "check_if_serialized": false, "include_type_hints": true, "auto_detect_types": false, "redact_fields": null, "redact_patterns": null, "redact_large_objects": false, "redaction_replacement": "<REDACTED>", "include_redaction_summary": false, "audit_trail": false, "cache_scope": "operation", "cache_size_limit": 1000, "cache_warn_on_limit": true, "cache_metrics_enabled": false}}}, "complex_types": {"description": "Complex type handling", "results": {"serialization": {"mean": 6.175150000444773e-05, "min": 5.95010000097318e-05, "max": 6.549300002234304e-05, "std": 2.2869165761809703e-06, "mean_ms": 0.06175150000444773}, "deserialization": {"mean": 6.31843999940429e-05, "min": 6.053399999927933e-05, "max": 7.939900001474598e-05, "std": 5.783440699446028e-06, "mean_ms": 0.0631843999940429}, "total_time_ms": 0.12493589999849061, "successful_runs": 10, "config": {"date_format": "unix_ms", "custom_date_format": null, "uuid_format": "object", "parse_uuids": true, "dataframe_orient": "records",