{"suite_type": "configurations", "metadata": {"timestamp": 1783921440.9160721, "python_version": "3.12.13", "datason_version": "0.13.0", "enhancement": "capability_based_testing_v1"}, "configurations": {"default": {"description": "Out-of-box experience", "datasets": {"small_objects": {"description": "Small API-style objects", "results": {"serialization": {"mean": 3.133990000065978e-05, "min": 2.5037000000338594e-05, "max": 6.652500000114969e-05, "std": 1.2628162693101755e-05, "mean_ms": 0.03133990000065978}, "deserialization": {"mean": 3.4569800000383566e-05, "min": 3.245100000270895e-05, "max": 3.967399999993404e-05, "std": 2.2110380059076574e-06, "mean_ms": 0.034569800000383566}, "total_time_ms": 0.06590970000104335, "successful_runs": 10, "config": {}}}, "complex_types": {"description": "Complex type handling", "results": {"serialization": {"mean": 4.744799999940596e-05, "min": 4.461300000002666e-05, "max": 5.443199999888293e-05, "std": 3.051972587076264e-06, "mean_ms": 0.047447999999405965}, "deserialization": {"mean": 6.673839999962183e-05, "min": 6.374000000164415e-05, "max": 8.276500000192755e-05, "std": 5.775301112448774e-06, "mean_ms": 0.06673839999962183}, "total_time_ms": 0.11418639999902779, "successful_runs": 10, "config": {}}}, "medium_dataset": {"description": "Medium-sized realistic dataset", "results": {"serialization": {"mean": 0.000820936600000266, "min": 0.0007906720000008249, "max": 0.0009151860000002898, "std": 3.480019200155913e-05, "mean_ms": 0.820936600000266}, "deserialization": {"mean": 0.0020508793000011847, "min": 0.0020224530000021446, "max": 0.0020891580000039767, "std": 2.2719659499655015e-05, "mean_ms": 2.050879300001185}, "total_time_ms": 2.871815900001451, "successful_runs": 10, "config": {}}}}}, "api_fast": {"description": "Fast API responses", "datasets": {"small_objects": {"description": "Small API-style objects", "results": {"serialization": {"mean": 2.970769999919298e-05, "min": 2.614899999997533e-05, "max": 4.647699999793531e-05, "std": 6.051280066873909e-06, "mean_ms": 0.029707699999192982}, "deserialization": {"mean": 3.322360000055369e-05, "min": 3.207999999688127e-05, "max": 3.5777999997321785e-05, "std": 1.1583087479388408e-06, "mean_ms": 0.03322360000055369}, "total_time_ms": 0.06293129999974667, "successful_runs": 10, "config": {"date_format": "unix", "custom_date_format": null, "uuid_format": "object", "parse_uuids": true, "dataframe_orient": "values", "datetime_output": "json_safe", "series_output": "json_safe", "dataframe_output": "json_safe", "numpy_output": "json_safe", "nan_handling": "null", "type_coercion": "safe", "preserve_decimals": false, "preserve_complex": false, "max_depth": 50, "max_size": 100000, "max_string_length": 1000000, "custom_serializers": null, "sort_keys": false, "ensure_ascii": false, "check_if_serialized": false, "include_type_hints": false, "auto_detect_types": false, "redact_fields": null, "redact_patterns": null, "redact_large_objects": false, "redaction_replacement": "<REDACTED>", "include_redaction_summary": false, "audit_trail": false, "cache_scope": "operation", "cache_size_limit": 1000, "cache_warn_on_limit": true, "cache_metrics_enabled": false}}}, "complex_types": {"description": "Complex type handling", "results": {"serialization": {"mean": 5.857790000050045e-05, "min": 5.337000000338321e-05, "max": 8.752400000133775e-05, "std": 1.0522591183438095e-05, "mean_ms": 0.05857790000050045}, "deserialization": {"mean": 5.99438000008945e-05, "min": 5.871100000121032e-05, "max": 6.28179999964118e-05, "std": 1.0961086506584601e-06, "mean_ms": 0.0599438000008945}, "total_time_ms": 0.11852170000139495, "successful_runs": 10, "config": {"date_format": "unix", "custom_date_format": null, "uuid_format": "object", "parse_uuids": true, "dataframe_orient": "values", "datetime_output": "json_safe", "series_output": "json_safe", "dataframe_output": "json_safe", "numpy_output": "json_safe", "nan_handling": "null", "type_coercion": "safe", "preserve_decimals": false, "preserve_complex": false, "max_depth": 50, "max_size": 100000, "max_string_length": 1000000, "custom_serializers": null, "sort_keys": false, "ensure_ascii": false, "check_if_serialized": false, "include_type_hints": false, "auto_detect_types": false, "redact_fields": null, "redact_patterns": null, "redact_large_objects": false, "redaction_replacement": "<REDACTED>", "include_redaction_summary": false, "audit_trail": false, "cache_scope": "operation", "cache_size_limit": 1000, "cache_warn_on_limit": true, "cache_metrics_enabled": false}}}, "medium_dataset": {"description": "Medium-sized realistic dataset", "results": {"serialization": {"mean": 0.0009259174000000314, "min": 0.0009130430000041656, "max": 0.0009346129999983077, "std": 6.187423141492657e-06, "mean_ms": 0.9259174000000314}, "deserialization": {"mean": 0.0019408540000000584, "min": 0.0019298500000033414, "max": 0.0019617790000054924, "std": 9.829915430232103e-06, "mean_ms": 1.9408540000000585}, "total_time_ms": 2.86677140000009, "successful_runs": 10, "config": {"date_format": "unix", "custom_date_format": null, "uuid_format": "object", "parse_uuids": true, "dataframe_orient": "values", "datetime_output": "json_safe", "series_output": "json_safe", "dataframe_output": "json_safe", "numpy_output": "json_safe", "nan_handling": "null", "type_coercion": "safe", "preserve_decimals": false, "preserve_complex": false, "max_depth": 50, "max_size": 100000, "max_string_length": 1000000, "custom_serializers": null, "sort_keys": false, "ensure_ascii": false, "check_if_serialized": false, "include_type_hints": false, "auto_detect_types": false, "redact_fields": null, "redact_patterns": null, "redact_large_objects": false, "redaction_replacement": "<REDACTED>", "include_redaction_summary": false, "audit_trail": false, "cache_scope": "operation", "cache_size_limit": 1000, "cache_warn_on_limit": true, "cache_metrics_enabled": false}}}}}, "ml_training": {"description": "ML model serialization", "datasets": {"small_objects": {"description": "Small API-style objects", "results": {"serialization": {"mean": 2.8225100000156544e-05, "min": 2.7000999999415853e-05, "max": 3.079800000449495e-05, "std": 1.3259316614275797e-06, "mean_ms": 0.028225100000156544}, "deserialization": {"mean": 3.4935599999386116e-05, "min": 3.260199999743918e-05, "max": 5.0333999993767975e-05, "std": 5.425569915855466e-06, "mean_ms": 0.03493559999938611}, "total_time_ms": 0.06316069999954266, "successful_runs": 10, "config": {"date_format": "unix_ms", "custom_date_format": null, "uuid_format": "object", "parse_uuids": true, "dataframe_orient": "records", "datetime_output": "json_safe", "series_output": "json_safe", "dataframe_output": "json_safe", "numpy_output": "json_safe", "nan_handling": "null", "type_coercion": "aggressive", "preserve_decimals": false, "preserve_complex": false, "max_depth": 50, "max_size": 100000, "max_string_length": 1000000, "custom_serializers": null, "sort_keys": true, "ensure_ascii": false, "check_if_serialized": false, "include_type_hints": true, "auto_detect_types": false, "redact_fields": null, "redact_patterns": null, "redact_large_objects": false, "redaction_replacement": "<REDACTED>", "include_redaction_summary": false, "audit_trail": false, "cache_scope": "operation", "cache_size_limit": 1000, "cache_warn_on_limit": true, "cache_metrics_enabled": false}}}, "complex_types": {"description": "Complex type handling", "results": {"serialization": {"mean": 5.8663999999453155e-05, "min": 5.6415999999614996e-05, "max": 6.182700000323393e-05, "std": 1.943555905569187e-06, "mean_ms": 0.058663999999453154}, "deserialization": {"mean": 6.531550000090646e-05, "min": 6.012300000435289e-05, "max": 8.294599999913999e-05, "std": 8.093210834384212e-06, "mean_ms": 0.06531550000090647}, "total_time_ms": 0.12397950000035961, "successful_runs": 10, "config": {"date_format": "unix_ms", "custom_date_format": null, "uuid_format": "object", "parse_uuids": true, "dataframe_orient": "records",