{"suite_type": "configurations", "metadata": {"timestamp": 1757905910.831191, "python_version": "3.12.11", "datason_version": "0.13.0", "enhancement": "capability_based_testing_v1"}, "configurations": {"default": {"description": "Out-of-box experience", "datasets": {"small_objects": {"description": "Small API-style objects", "results": {"serialization": {"mean": 2.6524800000515823e-05, "min": 2.4464999995643666e-05, "max": 3.1859000003464644e-05, "std": 2.5767261245382307e-06, "mean_ms": 0.026524800000515825}, "deserialization": {"mean": 3.45278000040139e-05, "min": 3.1458000009365605e-05, "max": 5.461100001014074e-05, "std": 7.10222806889456e-06, "mean_ms": 0.0345278000040139}, "total_time_ms": 0.06105260000452973, "successful_runs": 10, "config": {}}}, "complex_types": {"description": "Complex type handling", "results": {"serialization": {"mean": 5.142519999878914e-05, "min": 4.473299999574465e-05, "max": 7.268499999213418e-05, "std": 9.43021012753759e-06, "mean_ms": 0.05142519999878914}, "deserialization": {"mean": 6.843390000312865e-05, "min": 6.292600001245319e-05, "max": 9.712000000661192e-05, "std": 1.0250729898581356e-05, "mean_ms": 0.06843390000312866}, "total_time_ms": 0.1198591000019178, "successful_runs": 10, "config": {}}}, "medium_dataset": {"description": "Medium-sized realistic dataset", "results": {"serialization": {"mean": 0.0008393936999993912, "min": 0.0008261300000071969, "max": 0.0008768929999973807, "std": 1.5295781922646974e-05, "mean_ms": 0.8393936999993912}, "deserialization": {"mean": 0.001987537300001918, "min": 0.0019607720000038853, "max": 0.002003690999998753, "std": 1.3296904684862019e-05, "mean_ms": 1.987537300001918}, "total_time_ms": 2.8269310000013093, "successful_runs": 10, "config": {}}}}}, "api_fast": {"description": "Fast API responses", "datasets": {"small_objects": {"description": "Small API-style objects", "results": {"serialization": {"mean": 3.204619999905844e-05, "min": 2.5717999989183227e-05, "max": 5.298700000366807e-05, "std": 1.052374006228323e-05, "mean_ms": 0.032046199999058445}, "deserialization": {"mean": 3.2114500000091085e-05, "min": 3.090799999938554e-05, "max": 3.515499999195981e-05, "std": 1.5491863970412304e-06, "mean_ms": 0.032114500000091084}, "total_time_ms": 0.06416069999914953, "successful_runs": 10, "config": {"date_format": "unix", "custom_date_format": null, "uuid_format": "object", "parse_uuids": true, "dataframe_orient": "values", "datetime_output": "json_safe", "series_output": "json_safe", "dataframe_output": "json_safe", "numpy_output": "json_safe", "nan_handling": "null", "type_coercion": "safe", "preserve_decimals": false, "preserve_complex": false, "max_depth": 50, "max_size": 100000, "max_string_length": 1000000, "custom_serializers": null, "sort_keys": false, "ensure_ascii": false, "check_if_serialized": false, "include_type_hints": false, "auto_detect_types": false, "redact_fields": null, "redact_patterns": null, "redact_large_objects": false, "redaction_replacement": "<REDACTED>", "include_redaction_summary": false, "audit_trail": false, "cache_scope": "operation", "cache_size_limit": 1000, "cache_warn_on_limit": true, "cache_metrics_enabled": false}}}, "complex_types": {"description": "Complex type handling", "results": {"serialization": {"mean": 5.9122400001854204e-05, "min": 5.339800000569994e-05, "max": 8.183100000280774e-05, "std": 8.618849460658643e-06, "mean_ms": 0.0591224000018542}, "deserialization": {"mean": 6.181949999728431e-05, "min": 5.7405999996262835e-05, "max": 9.093799999959629e-05, "std": 1.0318040170352218e-05, "mean_ms": 0.06181949999728431}, "total_time_ms": 0.12094189999913851, "successful_runs": 10, "config": {"date_format": "unix", "custom_date_format": null, "uuid_format": "object", "parse_uuids": true, "dataframe_orient": "values", "datetime_output": "json_safe", "series_output": "json_safe", "dataframe_output": "json_safe", "numpy_output": "json_safe", "nan_handling": "null", "type_coercion": "safe", "preserve_decimals": false, "preserve_complex": false, "max_depth": 50, "max_size": 100000, "max_string_length": 1000000, "custom_serializers": null, "sort_keys": false, "ensure_ascii": false, "check_if_serialized": false, "include_type_hints": false, "auto_detect_types": false, "redact_fields": null, "redact_patterns": null, "redact_large_objects": false, "redaction_replacement": "<REDACTED>", "include_redaction_summary": false, "audit_trail": false, "cache_scope": "operation", "cache_size_limit": 1000, "cache_warn_on_limit": true, "cache_metrics_enabled": false}}}, "medium_dataset": {"description": "Medium-sized realistic dataset", "results": {"serialization": {"mean": 0.0009563781000011317, "min": 0.0009409719999950994, "max": 0.000989052000008428, "std": 1.4386481368817048e-05, "mean_ms": 0.9563781000011318}, "deserialization": {"mean": 0.0019099928000002818, "min": 0.0018760749999984228, "max": 0.001946275000008768, "std": 1.98189429139861e-05, "mean_ms": 1.909992800000282}, "total_time_ms": 2.8663709000014137, "successful_runs": 10, "config": {"date_format": "unix", "custom_date_format": null, "uuid_format": "object", "parse_uuids": true, "dataframe_orient": "values", "datetime_output": "json_safe", "series_output": "json_safe", "dataframe_output": "json_safe", "numpy_output": "json_safe", "nan_handling": "null", "type_coercion": "safe", "preserve_decimals": false, "preserve_complex": false, "max_depth": 50, "max_size": 100000, "max_string_length": 1000000, "custom_serializers": null, "sort_keys": false, "ensure_ascii": false, "check_if_serialized": false, "include_type_hints": false, "auto_detect_types": false, "redact_fields": null, "redact_patterns": null, "redact_large_objects": false, "redaction_replacement": "<REDACTED>", "include_redaction_summary": false, "audit_trail": false, "cache_scope": "operation", "cache_size_limit": 1000, "cache_warn_on_limit": true, "cache_metrics_enabled": false}}}}}, "ml_training": {"description": "ML model serialization", "datasets": {"small_objects": {"description": "Small API-style objects", "results": {"serialization": {"mean": 3.105740000393098e-05, "min": 2.612900000542595e-05, "max": 4.500299999676827e-05, "std": 6.409475279202008e-06, "mean_ms": 0.031057400003930976}, "deserialization": {"mean": 3.445180000198889e-05, "min": 3.083800000069914e-05, "max": 5.3669000010359014e-05, "std": 6.8565774415615815e-06, "mean_ms": 0.034451800001988886}, "total_time_ms": 0.06550920000591987, "successful_runs": 10, "config": {"date_format": "unix_ms", "custom_date_format": null, "uuid_format": "object", "parse_uuids": true, "dataframe_orient": "records", "datetime_output": "json_safe", "series_output": "json_safe", "dataframe_output": "json_safe", "numpy_output": "json_safe", "nan_handling": "null", "type_coercion": "aggressive", "preserve_decimals": false, "preserve_complex": false, "max_depth": 50, "max_size": 100000, "max_string_length": 1000000, "custom_serializers": null, "sort_keys": true, "ensure_ascii": false, "check_if_serialized": false, "include_type_hints": true, "auto_detect_types": false, "redact_fields": null, "redact_patterns": null, "redact_large_objects": false, "redaction_replacement": "<REDACTED>", "include_redaction_summary": false, "audit_trail": false, "cache_scope": "operation", "cache_size_limit": 1000, "cache_warn_on_limit": true, "cache_metrics_enabled": false}}}, "complex_types": {"description": "Complex type handling", "results": {"serialization": {"mean": 5.931800000098519e-05, "min": 5.67959999955292e-05, "max": 6.584200001213958e-05, "std": 3.039373332449135e-06, "mean_ms": 0.059318000000985194}, "deserialization": {"mean": 6.228950000064515e-05, "min": 5.950000000609634e-05, "max": 8.218199999987519e-05, "std": 7.006918584418266e-06, "mean_ms": 0.06228950000064515}, "total_time_ms": 0.12160750000163034, "successful_runs": 10, "config": {"date_format": "unix_ms", "custom_date_format": null, "uuid_format": "object", "parse_uuids": true, "dataframe_orient": "records",