{"suite_type": "configurations", "metadata": {"timestamp": 1775450971.301802, "python_version": "3.12.13", "datason_version": "0.13.0", "enhancement": "capability_based_testing_v1"}, "configurations": {"default": {"description": "Out-of-box experience", "datasets": {"small_objects": {"description": "Small API-style objects", "results": {"serialization": {"mean": 2.6979099999380196e-05, "min": 2.4995999993393525e-05, "max": 3.4092999996460094e-05, "std": 2.7764153737409234e-06, "mean_ms": 0.026979099999380196}, "deserialization": {"mean": 3.3405499998195864e-05, "min": 3.2000000004472895e-05, "max": 3.700900001035734e-05, "std": 1.4950498526755842e-06, "mean_ms": 0.033405499998195864}, "total_time_ms": 0.06038459999757606, "successful_runs": 10, "config": {}}}, "complex_types": {"description": "Complex type handling", "results": {"serialization": {"mean": 4.907259999811231e-05, "min": 4.440299998975661e-05, "max": 7.015099998852747e-05, "std": 7.614141506723921e-06, "mean_ms": 0.04907259999811231}, "deserialization": {"mean": 6.436920000112423e-05, "min": 6.236599999454029e-05, "max": 6.703500000071472e-05, "std": 1.3523103531114356e-06, "mean_ms": 0.06436920000112423}, "total_time_ms": 0.11344179999923655, "successful_runs": 10, "config": {}}}, "medium_dataset": {"description": "Medium-sized realistic dataset", "results": {"serialization": {"mean": 0.0008199887000017725, "min": 0.0008034880000025169, "max": 0.0008362490000024536, "std": 9.147209105524361e-06, "mean_ms": 0.8199887000017725}, "deserialization": {"mean": 0.0020522135000007324, "min": 0.0020227509999983795, "max": 0.0021422340000043505, "std": 3.319235994338275e-05, "mean_ms": 2.0522135000007324}, "total_time_ms": 2.872202200002505, "successful_runs": 10, "config": {}}}}}, "api_fast": {"description": "Fast API responses", "datasets": {"small_objects": {"description": "Small API-style objects", "results": {"serialization": {"mean": 3.0250300000034258e-05, "min": 2.6429000001826353e-05, "max": 5.4972000000930166e-05, "std": 8.832321540161563e-06, "mean_ms": 0.030250300000034258}, "deserialization": {"mean": 3.307859999779339e-05, "min": 3.1859000003464644e-05, "max": 3.7370000001146764e-05, "std": 1.6157384427727985e-06, "mean_ms": 0.03307859999779339}, "total_time_ms": 0.06332889999782765, "successful_runs": 10, "config": {"date_format": "unix", "custom_date_format": null, "uuid_format": "object", "parse_uuids": true, "dataframe_orient": "values", "datetime_output": "json_safe", "series_output": "json_safe", "dataframe_output": "json_safe", "numpy_output": "json_safe", "nan_handling": "null", "type_coercion": "safe", "preserve_decimals": false, "preserve_complex": false, "max_depth": 50, "max_size": 100000, "max_string_length": 1000000, "custom_serializers": null, "sort_keys": false, "ensure_ascii": false, "check_if_serialized": false, "include_type_hints": false, "auto_detect_types": false, "redact_fields": null, "redact_patterns": null, "redact_large_objects": false, "redaction_replacement": "<REDACTED>", "include_redaction_summary": false, "audit_trail": false, "cache_scope": "operation", "cache_size_limit": 1000, "cache_warn_on_limit": true, "cache_metrics_enabled": false}}}, "complex_types": {"description": "Complex type handling", "results": {"serialization": {"mean": 5.706630000048563e-05, "min": 5.114500000047428e-05, "max": 7.731400000920985e-05, "std": 8.106954876887612e-06, "mean_ms": 0.057066300000485626}, "deserialization": {"mean": 6.223199999908502e-05, "min": 5.833899999174719e-05, "max": 8.842500000127984e-05, "std": 9.253671188143072e-06, "mean_ms": 0.062231999999085026}, "total_time_ms": 0.11929829999957065, "successful_runs": 10, "config": {"date_format": "unix", "custom_date_format": null, "uuid_format": "object", "parse_uuids": true, "dataframe_orient": "values", "datetime_output": "json_safe", "series_output": "json_safe", "dataframe_output": "json_safe", "numpy_output": "json_safe", "nan_handling": "null", "type_coercion": "safe", "preserve_decimals": false, "preserve_complex": false, "max_depth": 50, "max_size": 100000, "max_string_length": 1000000, "custom_serializers": null, "sort_keys": false, "ensure_ascii": false, "check_if_serialized": false, "include_type_hints": false, "auto_detect_types": false, "redact_fields": null, "redact_patterns": null, "redact_large_objects": false, "redaction_replacement": "<REDACTED>", "include_redaction_summary": false, "audit_trail": false, "cache_scope": "operation", "cache_size_limit": 1000, "cache_warn_on_limit": true, "cache_metrics_enabled": false}}}, "medium_dataset": {"description": "Medium-sized realistic dataset", "results": {"serialization": {"mean": 0.0009183471000014265, "min": 0.0009105780000027153, "max": 0.00093200800000659, "std": 6.568601211339328e-06, "mean_ms": 0.9183471000014265}, "deserialization": {"mean": 0.0019402475999982017, "min": 0.0019132569999982252, "max": 0.001968349999998509, "std": 1.3650730441897178e-05, "mean_ms": 1.9402475999982016}, "total_time_ms": 2.8585946999996286, "successful_runs": 10, "config": {"date_format": "unix", "custom_date_format": null, "uuid_format": "object", "parse_uuids": true, "dataframe_orient": "values", "datetime_output": "json_safe", "series_output": "json_safe", "dataframe_output": "json_safe", "numpy_output": "json_safe", "nan_handling": "null", "type_coercion": "safe", "preserve_decimals": false, "preserve_complex": false, "max_depth": 50, "max_size": 100000, "max_string_length": 1000000, "custom_serializers": null, "sort_keys": false, "ensure_ascii": false, "check_if_serialized": false, "include_type_hints": false, "auto_detect_types": false, "redact_fields": null, "redact_patterns": null, "redact_large_objects": false, "redaction_replacement": "<REDACTED>", "include_redaction_summary": false, "audit_trail": false, "cache_scope": "operation", "cache_size_limit": 1000, "cache_warn_on_limit": true, "cache_metrics_enabled": false}}}}}, "ml_training": {"description": "ML model serialization", "datasets": {"small_objects": {"description": "Small API-style objects", "results": {"serialization": {"mean": 2.9318799998634405e-05, "min": 2.6428999987615498e-05, "max": 4.78790000073559e-05, "std": 6.6070895424137224e-06, "mean_ms": 0.029318799998634404}, "deserialization": {"mean": 3.285439999842765e-05, "min": 3.21089999886226e-05, "max": 3.592699999899196e-05, "std": 1.1002780662861304e-06, "mean_ms": 0.03285439999842765}, "total_time_ms": 0.062173199997062056, "successful_runs": 10, "config": {"date_format": "unix_ms", "custom_date_format": null, "uuid_format": "object", "parse_uuids": true, "dataframe_orient": "records", "datetime_output": "json_safe", "series_output": "json_safe", "dataframe_output": "json_safe", "numpy_output": "json_safe", "nan_handling": "null", "type_coercion": "aggressive", "preserve_decimals": false, "preserve_complex": false, "max_depth": 50, "max_size": 100000, "max_string_length": 1000000, "custom_serializers": null, "sort_keys": true, "ensure_ascii": false, "check_if_serialized": false, "include_type_hints": true, "auto_detect_types": false, "redact_fields": null, "redact_patterns": null, "redact_large_objects": false, "redaction_replacement": "<REDACTED>", "include_redaction_summary": false, "audit_trail": false, "cache_scope": "operation", "cache_size_limit": 1000, "cache_warn_on_limit": true, "cache_metrics_enabled": false}}}, "complex_types": {"description": "Complex type handling", "results": {"serialization": {"mean": 6.0019999999383344e-05, "min": 5.4792000000247754e-05, "max": 7.994999999993979e-05, "std": 7.3603857693559514e-06, "mean_ms": 0.060019999999383344}, "deserialization": {"mean": 6.15767000013534e-05, "min": 6.018199999857643e-05, "max": 6.46900000020878e-05, "std": 1.4976601047646177e-06, "mean_ms": 0.0615767000013534}, "total_time_ms": 0.12159670000073675, "successful_runs": 10, "config": {"date_format": "unix_ms", "custom_date_format": null, "uuid_format": "object", "parse_uuids": true, "dataframe_orient": "records",