{"suite_type": "configurations", "metadata": {"timestamp": 1759719950.7515068, "python_version": "3.12.11", "datason_version": "0.13.0", "enhancement": "capability_based_testing_v1"}, "configurations": {"default": {"description": "Out-of-box experience", "datasets": {"small_objects": {"description": "Small API-style objects", "results": {"serialization": {"mean": 2.6414499984639406e-05, "min": 2.5126999958047236e-05, "max": 3.077799999573472e-05, "std": 1.7664264845816127e-06, "mean_ms": 0.026414499984639406}, "deserialization": {"mean": 3.4238299986100176e-05, "min": 3.178899999056739e-05, "max": 5.084500003249559e-05, "std": 5.874455807713219e-06, "mean_ms": 0.034238299986100174}, "total_time_ms": 0.06065279997073958, "successful_runs": 10, "config": {}}}, "complex_types": {"description": "Complex type handling", "results": {"serialization": {"mean": 4.6924799983116826e-05, "min": 4.4903999992129684e-05, "max": 4.9643000011201366e-05, "std": 1.6392674497515978e-06, "mean_ms": 0.04692479998311683}, "deserialization": {"mean": 6.582219998563232e-05, "min": 6.346899999698508e-05, "max": 8.212300008381135e-05, "std": 5.740588523233396e-06, "mean_ms": 0.06582219998563232}, "total_time_ms": 0.11274699996874915, "successful_runs": 10, "config": {}}}, "medium_dataset": {"description": "Medium-sized realistic dataset", "results": {"serialization": {"mean": 0.0008226547999811374, "min": 0.0008135120000360985, "max": 0.0008351220000122339, "std": 6.603444742643017e-06, "mean_ms": 0.8226547999811373}, "deserialization": {"mean": 0.001971726700014642, "min": 0.001962221000098907, "max": 0.0019870879999643876, "std": 7.937891377144045e-06, "mean_ms": 1.9717267000146421}, "total_time_ms": 2.7943814999957794, "successful_runs": 10, "config": {}}}}}, "api_fast": {"description": "Fast API responses", "datasets": {"small_objects": {"description": "Small API-style objects", "results": {"serialization": {"mean": 2.6966699977037933e-05, "min": 2.581799992640299e-05, "max": 2.9695999955947627e-05, "std": 1.2711574942185135e-06, "mean_ms": 0.026966699977037933}, "deserialization": {"mean": 3.3576800001355876e-05, "min": 3.1439000053978816e-05, "max": 4.857099997934711e-05, "std": 5.296827678415301e-06, "mean_ms": 0.03357680000135588}, "total_time_ms": 0.06054349997839381, "successful_runs": 10, "config": {"date_format": "unix", "custom_date_format": null, "uuid_format": "object", "parse_uuids": true, "dataframe_orient": "values", "datetime_output": "json_safe", "series_output": "json_safe", "dataframe_output": "json_safe", "numpy_output": "json_safe", "nan_handling": "null", "type_coercion": "safe", "preserve_decimals": false, "preserve_complex": false, "max_depth": 50, "max_size": 100000, "max_string_length": 1000000, "custom_serializers": null, "sort_keys": false, "ensure_ascii": false, "check_if_serialized": false, "include_type_hints": false, "auto_detect_types": false, "redact_fields": null, "redact_patterns": null, "redact_large_objects": false, "redaction_replacement": "<REDACTED>", "include_redaction_summary": false, "audit_trail": false, "cache_scope": "operation", "cache_size_limit": 1000, "cache_warn_on_limit": true, "cache_metrics_enabled": false}}}, "complex_types": {"description": "Complex type handling", "results": {"serialization": {"mean": 5.531260001134797e-05, "min": 5.317000000104599e-05, "max": 5.970100005470158e-05, "std": 2.081577748925687e-06, "mean_ms": 0.05531260001134797}, "deserialization": {"mean": 6.069150000485024e-05, "min": 5.871999996998056e-05, "max": 7.380800002465548e-05, "std": 4.622021336126837e-06, "mean_ms": 0.06069150000485024}, "total_time_ms": 0.11600410001619821, "successful_runs": 10, "config": {"date_format": "unix", "custom_date_format": null, "uuid_format": "object", "parse_uuids": true, "dataframe_orient": "values", "datetime_output": "json_safe", "series_output": "json_safe", "dataframe_output": "json_safe", "numpy_output": "json_safe", "nan_handling": "null", "type_coercion": "safe", "preserve_decimals": false, "preserve_complex": false, "max_depth": 50, "max_size": 100000, "max_string_length": 1000000, "custom_serializers": null, "sort_keys": false, "ensure_ascii": false, "check_if_serialized": false, "include_type_hints": false, "auto_detect_types": false, "redact_fields": null, "redact_patterns": null, "redact_large_objects": false, "redaction_replacement": "<REDACTED>", "include_redaction_summary": false, "audit_trail": false, "cache_scope": "operation", "cache_size_limit": 1000, "cache_warn_on_limit": true, "cache_metrics_enabled": false}}}, "medium_dataset": {"description": "Medium-sized realistic dataset", "results": {"serialization": {"mean": 0.0009258037999984481, "min": 0.0009053240000866936, "max": 0.0009493059999385878, "std": 1.4072383078893414e-05, "mean_ms": 0.9258037999984481}, "deserialization": {"mean": 0.0018755934999944656, "min": 0.001861683000015546, "max": 0.001895546000014292, "std": 1.1280103345664966e-05, "mean_ms": 1.8755934999944657}, "total_time_ms": 2.8013972999929138, "successful_runs": 10, "config": {"date_format": "unix", "custom_date_format": null, "uuid_format": "object", "parse_uuids": true, "dataframe_orient": "values", "datetime_output": "json_safe", "series_output": "json_safe", "dataframe_output": "json_safe", "numpy_output": "json_safe", "nan_handling": "null", "type_coercion": "safe", "preserve_decimals": false, "preserve_complex": false, "max_depth": 50, "max_size": 100000, "max_string_length": 1000000, "custom_serializers": null, "sort_keys": false, "ensure_ascii": false, "check_if_serialized": false, "include_type_hints": false, "auto_detect_types": false, "redact_fields": null, "redact_patterns": null, "redact_large_objects": false, "redaction_replacement": "<REDACTED>", "include_redaction_summary": false, "audit_trail": false, "cache_scope": "operation", "cache_size_limit": 1000, "cache_warn_on_limit": true, "cache_metrics_enabled": false}}}}}, "ml_training": {"description": "ML model serialization", "datasets": {"small_objects": {"description": "Small API-style objects", "results": {"serialization": {"mean": 2.8567399999701594e-05, "min": 2.6099000024260022e-05, "max": 4.179799998382805e-05, "std": 4.726035478388403e-06, "mean_ms": 0.028567399999701593}, "deserialization": {"mean": 3.1913700001950926e-05, "min": 3.1249000016941864e-05, "max": 3.320200005418883e-05, "std": 6.600873858106043e-07, "mean_ms": 0.03191370000195093}, "total_time_ms": 0.06048110000165252, "successful_runs": 10, "config": {"date_format": "unix_ms", "custom_date_format": null, "uuid_format": "object", "parse_uuids": true, "dataframe_orient": "records", "datetime_output": "json_safe", "series_output": "json_safe", "dataframe_output": "json_safe", "numpy_output": "json_safe", "nan_handling": "null", "type_coercion": "aggressive", "preserve_decimals": false, "preserve_complex": false, "max_depth": 50, "max_size": 100000, "max_string_length": 1000000, "custom_serializers": null, "sort_keys": true, "ensure_ascii": false, "check_if_serialized": false, "include_type_hints": true, "auto_detect_types": false, "redact_fields": null, "redact_patterns": null, "redact_large_objects": false, "redaction_replacement": "<REDACTED>", "include_redaction_summary": false, "audit_trail": false, "cache_scope": "operation", "cache_size_limit": 1000, "cache_warn_on_limit": true, "cache_metrics_enabled": false}}}, "complex_types": {"description": "Complex type handling", "results": {"serialization": {"mean": 5.859069999587518e-05, "min": 5.6334999953833176e-05, "max": 6.280700006300322e-05, "std": 1.9680293715945358e-06, "mean_ms": 0.058590699995875184}, "deserialization": {"mean": 6.218470000476372e-05, "min": 5.9470999985933304e-05, "max": 7.675400001971866e-05, "std": 5.2471732568415525e-06, "mean_ms": 0.06218470000476372}, "total_time_ms": 0.1207754000006389, "successful_runs": 10, "config": {"date_format": "unix_ms", "custom_date_format": null, "uuid_format": "object", "parse_uuids": true,