{"suite_type": "configurations", "metadata": {"timestamp": 1763955440.677867, "python_version": "3.12.12", "datason_version": "0.13.0", "enhancement": "capability_based_testing_v1"}, "configurations": {"default": {"description": "Out-of-box experience", "datasets": {"small_objects": {"description": "Small API-style objects", "results": {"serialization": {"mean": 2.707599999212107e-05, "min": 2.515699998184573e-05, "max": 3.255100000387756e-05, "std": 2.461517782239369e-06, "mean_ms": 0.02707599999212107}, "deserialization": {"mean": 3.511099999968792e-05, "min": 3.182000000379048e-05, "max": 5.53939999576869e-05, "std": 7.192994788320817e-06, "mean_ms": 0.03511099999968792}, "total_time_ms": 0.062186999991808996, "successful_runs": 10, "config": {}}}, "complex_types": {"description": "Complex type handling", "results": {"serialization": {"mean": 4.965599999877668e-05, "min": 4.520499999216554e-05, "max": 6.663499999604028e-05, "std": 6.707582296666629e-06, "mean_ms": 0.04965599999877668}, "deserialization": {"mean": 6.637229999455485e-05, "min": 6.317800000488205e-05, "max": 7.574099998919337e-05, "std": 3.867523699896516e-06, "mean_ms": 0.06637229999455485}, "total_time_ms": 0.11602829999333153, "successful_runs": 10, "config": {}}}, "medium_dataset": {"description": "Medium-sized realistic dataset", "results": {"serialization": {"mean": 0.0008340925999959836, "min": 0.0008183919999851241, "max": 0.0008436090000145668, "std": 8.81490023699083e-06, "mean_ms": 0.8340925999959836}, "deserialization": {"mean": 0.0020210338000026693, "min": 0.0020047140000087893, "max": 0.0020675410000308148, "std": 1.8685247575802868e-05, "mean_ms": 2.0210338000026695}, "total_time_ms": 2.855126399998653, "successful_runs": 10, "config": {}}}}}, "api_fast": {"description": "Fast API responses", "datasets": {"small_objects": {"description": "Small API-style objects", "results": {"serialization": {"mean": 2.727830000139875e-05, "min": 2.599900000177513e-05, "max": 3.0186999993020436e-05, "std": 1.2642522662707898e-06, "mean_ms": 0.027278300001398748}, "deserialization": {"mean": 3.209489998994286e-05, "min": 3.160899996146327e-05, "max": 3.3161999965614086e-05, "std": 5.134167600404306e-07, "mean_ms": 0.03209489998994286}, "total_time_ms": 0.059373199991341614, "successful_runs": 10, "config": {"date_format": "unix", "custom_date_format": null, "uuid_format": "object", "parse_uuids": true, "dataframe_orient": "values", "datetime_output": "json_safe", "series_output": "json_safe", "dataframe_output": "json_safe", "numpy_output": "json_safe", "nan_handling": "null", "type_coercion": "safe", "preserve_decimals": false, "preserve_complex": false, "max_depth": 50, "max_size": 100000, "max_string_length": 1000000, "custom_serializers": null, "sort_keys": false, "ensure_ascii": false, "check_if_serialized": false, "include_type_hints": false, "auto_detect_types": false, "redact_fields": null, "redact_patterns": null, "redact_large_objects": false, "redaction_replacement": "<REDACTED>", "include_redaction_summary": false, "audit_trail": false, "cache_scope": "operation", "cache_size_limit": 1000, "cache_warn_on_limit": true, "cache_metrics_enabled": false}}}, "complex_types": {"description": "Complex type handling", "results": {"serialization": {"mean": 5.751979999786272e-05, "min": 5.4772000055436365e-05, "max": 6.288800000220363e-05, "std": 2.6344320370144036e-06, "mean_ms": 0.05751979999786272}, "deserialization": {"mean": 6.177070000603634e-05, "min": 5.913100000043414e-05, "max": 7.59629999720346e-05, "std": 5.037268031831312e-06, "mean_ms": 0.06177070000603634}, "total_time_ms": 0.11929050000389906, "successful_runs": 10, "config": {"date_format": "unix", "custom_date_format": null, "uuid_format": "object", "parse_uuids": true, "dataframe_orient": "values", "datetime_output": "json_safe", "series_output": "json_safe", "dataframe_output": "json_safe", "numpy_output": "json_safe", "nan_handling": "null", "type_coercion": "safe", "preserve_decimals": false, "preserve_complex": false, "max_depth": 50, "max_size": 100000, "max_string_length": 1000000, "custom_serializers": null, "sort_keys": false, "ensure_ascii": false, "check_if_serialized": false, "include_type_hints": false, "auto_detect_types": false, "redact_fields": null, "redact_patterns": null, "redact_large_objects": false, "redaction_replacement": "<REDACTED>", "include_redaction_summary": false, "audit_trail": false, "cache_scope": "operation", "cache_size_limit": 1000, "cache_warn_on_limit": true, "cache_metrics_enabled": false}}}, "medium_dataset": {"description": "Medium-sized realistic dataset", "results": {"serialization": {"mean": 0.0009407321000026059, "min": 0.0009355110000228706, "max": 0.0009497980000219286, "std": 6.202574154352566e-06, "mean_ms": 0.9407321000026059}, "deserialization": {"mean": 0.001923565200002031, "min": 0.001904064000029848, "max": 0.0019371359999809101, "std": 1.133574582198948e-05, "mean_ms": 1.923565200002031}, "total_time_ms": 2.864297300004637, "successful_runs": 10, "config": {"date_format": "unix", "custom_date_format": null, "uuid_format": "object", "parse_uuids": true, "dataframe_orient": "values", "datetime_output": "json_safe", "series_output": "json_safe", "dataframe_output": "json_safe", "numpy_output": "json_safe", "nan_handling": "null", "type_coercion": "safe", "preserve_decimals": false, "preserve_complex": false, "max_depth": 50, "max_size": 100000, "max_string_length": 1000000, "custom_serializers": null, "sort_keys": false, "ensure_ascii": false, "check_if_serialized": false, "include_type_hints": false, "auto_detect_types": false, "redact_fields": null, "redact_patterns": null, "redact_large_objects": false, "redaction_replacement": "<REDACTED>", "include_redaction_summary": false, "audit_trail": false, "cache_scope": "operation", "cache_size_limit": 1000, "cache_warn_on_limit": true, "cache_metrics_enabled": false}}}}}, "ml_training": {"description": "ML model serialization", "datasets": {"small_objects": {"description": "Small API-style objects", "results": {"serialization": {"mean": 2.9472999995050485e-05, "min": 2.6639999987310148e-05, "max": 4.619599997113255e-05, "std": 5.969361748163904e-06, "mean_ms": 0.029472999995050486}, "deserialization": {"mean": 3.2593000014458084e-05, "min": 3.180900000643305e-05, "max": 3.535600001214334e-05, "std": 1.0603832659076104e-06, "mean_ms": 0.032593000014458084}, "total_time_ms": 0.06206600000950857, "successful_runs": 10, "config": {"date_format": "unix_ms", "custom_date_format": null, "uuid_format": "object", "parse_uuids": true, "dataframe_orient": "records", "datetime_output": "json_safe", "series_output": "json_safe", "dataframe_output": "json_safe", "numpy_output": "json_safe", "nan_handling": "null", "type_coercion": "aggressive", "preserve_decimals": false, "preserve_complex": false, "max_depth": 50, "max_size": 100000, "max_string_length": 1000000, "custom_serializers": null, "sort_keys": true, "ensure_ascii": false, "check_if_serialized": false, "include_type_hints": true, "auto_detect_types": false, "redact_fields": null, "redact_patterns": null, "redact_large_objects": false, "redaction_replacement": "<REDACTED>", "include_redaction_summary": false, "audit_trail": false, "cache_scope": "operation", "cache_size_limit": 1000, "cache_warn_on_limit": true, "cache_metrics_enabled": false}}}, "complex_types": {"description": "Complex type handling", "results": {"serialization": {"mean": 8.643579998874884e-05, "min": 6.0302000008505274e-05, "max": 0.00012193800000659394, "std": 2.7749292972830764e-05, "mean_ms": 0.08643579998874884}, "deserialization": {"mean": 9.250200000678887e-05, "min": 6.138499998087354e-05, "max": 0.00014908899998999914, "std": 3.412227719319266e-05, "mean_ms": 0.09250200000678888}, "total_time_ms": 0.1789377999955377, "successful_runs": 10, "config": {"date_format": "unix_ms", "custom_date_format": null, "uuid_format": "object", "parse_uuids": true, "dataframe_orient": "records",