{"suite_type": "configurations", "metadata": {"timestamp": 1755683505.8013241, "python_version": "3.11.13", "datason_version": "0.12.0", "enhancement": "capability_based_testing_v1"}, "configurations": {"default": {"description": "Out-of-box experience", "datasets": {"small_objects": {"description": "Small API-style objects", "results": {"serialization": {"mean": 3.4006399998531835e-05, "min": 2.9894999997281957e-05, "max": 4.2789999994852224e-05, "std": 4.275806544310473e-06, "mean_ms": 0.03400639999853183}, "deserialization": {"mean": 0.0009094613000016239, "min": 0.0008834100000001399, "max": 0.0009552749999954813, "std": 2.071551947958227e-05, "mean_ms": 0.9094613000016238}, "total_time_ms": 0.9434677000001558, "successful_runs": 10, "config": {}}}, "complex_types": {"description": "Complex type handling", "results": {"serialization": {"mean": 6.084669999921744e-05, "min": 5.925099999615213e-05, "max": 6.594399999926281e-05, "std": 1.9489206163265582e-06, "mean_ms": 0.060846699999217435}, "deserialization": {"mean": 0.001651996200001804, "min": 0.001627790000000573, "max": 0.001664848999993751, "std": 1.0528167422519848e-05, "mean_ms": 1.651996200001804}, "total_time_ms": 1.7128429000010215, "successful_runs": 10, "config": {}}}, "medium_dataset": {"description": "Medium-sized realistic dataset", "results": {"serialization": {"mean": 0.0008108294000010119, "min": 0.0007859279999991031, "max": 0.0008489160000095808, "std": 1.7720407856114645e-05, "mean_ms": 0.8108294000010119}, "deserialization": {"mean": 0.11820949199999689, "min": 0.11732851300000391, "max": 0.11968148699999404, "std": 0.0008634990101322076, "mean_ms": 118.20949199999689}, "total_time_ms": 119.02032139999791, "successful_runs": 10, "config": {}}}}}, "api_fast": {"description": "Fast API responses", "datasets": {"small_objects": {"description": "Small API-style objects", "results": {"serialization": {"mean": 3.505339999918533e-05, "min": 3.135900000472702e-05, "max": 4.181799999969371e-05, "std": 3.3764454092312208e-06, "mean_ms": 0.03505339999918533}, "deserialization": {"mean": 0.0008998816000030275, "min": 0.0008900220000072068, "max": 0.0009066930000045659, "std": 5.754703665832641e-06, "mean_ms": 0.8998816000030274}, "total_time_ms": 0.9349350000022127, "successful_runs": 10, "config": {"date_format": "unix", "custom_date_format": null, "uuid_format": "object", "parse_uuids": true, "dataframe_orient": "values", "datetime_output": "json_safe", "series_output": "json_safe", "dataframe_output": "json_safe", "numpy_output": "json_safe", "nan_handling": "null", "type_coercion": "safe", "preserve_decimals": false, "preserve_complex": false, "max_depth": 50, "max_size": 100000, "max_string_length": 1000000, "custom_serializers": null, "sort_keys": false, "ensure_ascii": false, "check_if_serialized": false, "include_type_hints": false, "auto_detect_types": false, "redact_fields": null, "redact_patterns": null, "redact_large_objects": false, "redaction_replacement": "<REDACTED>", "include_redaction_summary": false, "audit_trail": false, "cache_scope": "operation", "cache_size_limit": 1000, "cache_warn_on_limit": true, "cache_metrics_enabled": false}}}, "complex_types": {"description": "Complex type handling", "results": {"serialization": {"mean": 7.317269999873588e-05, "min": 6.898899999896457e-05, "max": 8.946699999512475e-05, "std": 6.0790452096639685e-06, "mean_ms": 0.07317269999873588}, "deserialization": {"mean": 0.001611702999998954, "min": 0.0015971629999995685, "max": 0.0016371880000036754, "std": 1.3258395989825256e-05, "mean_ms": 1.611702999998954}, "total_time_ms": 1.68487569999769, "successful_runs": 10, "config": {"date_format": "unix", "custom_date_format": null, "uuid_format": "object", "parse_uuids": true, "dataframe_orient": "values", "datetime_output": "json_safe", "series_output": "json_safe", "dataframe_output": "json_safe", "numpy_output": "json_safe", "nan_handling": "null", "type_coercion": "safe", "preserve_decimals": false, "preserve_complex": false, "max_depth": 50, "max_size": 100000, "max_string_length": 1000000, "custom_serializers": null, "sort_keys": false, "ensure_ascii": false, "check_if_serialized": false, "include_type_hints": false, "auto_detect_types": false, "redact_fields": null, "redact_patterns": null, "redact_large_objects": false, "redaction_replacement": "<REDACTED>", "include_redaction_summary": false, "audit_trail": false, "cache_scope": "operation", "cache_size_limit": 1000, "cache_warn_on_limit": true, "cache_metrics_enabled": false}}}, "medium_dataset": {"description": "Medium-sized realistic dataset", "results": {"serialization": {"mean": 0.000978646799998728, "min": 0.0009468379999901799, "max": 0.0010360849999955235, "std": 2.4027909307574088e-05, "mean_ms": 0.978646799998728}, "deserialization": {"mean": 0.11743229460000038, "min": 0.11647442800000363, "max": 0.11888407800000778, "std": 0.0007357243541912743, "mean_ms": 117.43229460000038}, "total_time_ms": 118.4109413999991, "successful_runs": 10, "config": {"date_format": "unix", "custom_date_format": null, "uuid_format": "object", "parse_uuids": true, "dataframe_orient": "values", "datetime_output": "json_safe", "series_output": "json_safe", "dataframe_output": "json_safe", "numpy_output": "json_safe", "nan_handling": "null", "type_coercion": "safe", "preserve_decimals": false, "preserve_complex": false, "max_depth": 50, "max_size": 100000, "max_string_length": 1000000, "custom_serializers": null, "sort_keys": false, "ensure_ascii": false, "check_if_serialized": false, "include_type_hints": false, "auto_detect_types": false, "redact_fields": null, "redact_patterns": null, "redact_large_objects": false, "redaction_replacement": "<REDACTED>", "include_redaction_summary": false, "audit_trail": false, "cache_scope": "operation", "cache_size_limit": 1000, "cache_warn_on_limit": true, "cache_metrics_enabled": false}}}}}, "ml_training": {"description": "ML model serialization", "datasets": {"small_objects": {"description": "Small API-style objects", "results": {"serialization": {"mean": 3.45854999977746e-05, "min": 3.242999999031326e-05, "max": 3.8261999989686046e-05, "std": 1.599585865900794e-06, "mean_ms": 0.034585499997774605}, "deserialization": {"mean": 0.0008988887999962003, "min": 0.0008797130000033349, "max": 0.0009174030000025368, "std": 9.843183979462553e-06, "mean_ms": 0.8988887999962003}, "total_time_ms": 0.9334742999939749, "successful_runs": 10, "config": {"date_format": "unix_ms", "custom_date_format": null, "uuid_format": "object", "parse_uuids": true, "dataframe_orient": "records", "datetime_output": "json_safe", "series_output": "json_safe", "dataframe_output": "json_safe", "numpy_output": "json_safe", "nan_handling": "null", "type_coercion": "aggressive", "preserve_decimals": false, "preserve_complex": false, "max_depth": 50, "max_size": 100000, "max_string_length": 1000000, "custom_serializers": null, "sort_keys": true, "ensure_ascii": false, "check_if_serialized": false, "include_type_hints": true, "auto_detect_types": false, "redact_fields": null, "redact_patterns": null, "redact_large_objects": false, "redaction_replacement": "<REDACTED>", "include_redaction_summary": false, "audit_trail": false, "cache_scope": "operation", "cache_size_limit": 1000, "cache_warn_on_limit": true, "cache_metrics_enabled": false}}}, "complex_types": {"description": "Complex type handling", "results": {"serialization": {"mean": 7.745440000235248e-05, "min": 7.397800000319421e-05, "max": 8.82540000048948e-05, "std": 4.150081317936533e-06, "mean_ms": 0.07745440000235249}, "deserialization": {"mean": 0.0016406780999972171, "min": 0.0016139839999880223, "max": 0.0016672339999956876, "std": 1.6021626369788276e-05, "mean_ms": 1.640678099997217}, "total_time_ms": 1.7181324999995695, "successful_runs": 10, "config": {"date_format": "unix_ms", "custom_date_format": null, "uuid_format": "object", "parse_uuids": true, "dataframe_orient": "records", "datetime_output": "json_safe",