{"suite_type": "configurations", "metadata": {"timestamp": 1773030191.5855627, "python_version": "3.12.12", "datason_version": "0.13.0", "enhancement": "capability_based_testing_v1"}, "configurations": {"default": {"description": "Out-of-box experience", "datasets": {"small_objects": {"description": "Small API-style objects", "results": {"serialization": {"mean": 2.6469299996279005e-05, "min": 2.4695999968571414e-05, "max": 3.197999996018552e-05, "std": 2.222852217844168e-06, "mean_ms": 0.026469299996279005}, "deserialization": {"mean": 3.20740999939062e-05, "min": 3.070799999704832e-05, "max": 3.4634999963145674e-05, "std": 1.3432385694146901e-06, "mean_ms": 0.0320740999939062}, "total_time_ms": 0.05854339999018521, "successful_runs": 10, "config": {}}}, "complex_types": {"description": "Complex type handling", "results": {"serialization": {"mean": 4.863900000486865e-05, "min": 4.650699997910124e-05, "max": 5.3680999997141043e-05, "std": 2.383923744454941e-06, "mean_ms": 0.04863900000486865}, "deserialization": {"mean": 6.585830000744863e-05, "min": 6.292800003393495e-05, "max": 8.376700003509541e-05, "std": 6.3130762984246125e-06, "mean_ms": 0.06585830000744863}, "total_time_ms": 0.11449730001231728, "successful_runs": 10, "config": {}}}, "medium_dataset": {"description": "Medium-sized realistic dataset", "results": {"serialization": {"mean": 0.000840355100007173, "min": 0.0008256660000256488, "max": 0.000859149999996589, "std": 8.950392373081662e-06, "mean_ms": 0.840355100007173}, "deserialization": {"mean": 0.0020149461999949382, "min": 0.0019911999999635555, "max": 0.0020546490000015183, "std": 1.7619115448345977e-05, "mean_ms": 2.014946199994938}, "total_time_ms": 2.855301300002111, "successful_runs": 10, "config": {}}}}}, "api_fast": {"description": "Fast API responses", "datasets": {"small_objects": {"description": "Small API-style objects", "results": {"serialization": {"mean": 3.0193699990377355e-05, "min": 2.6119999972706864e-05, "max": 5.4181999985303264e-05, "std": 8.531283240796902e-06, "mean_ms": 0.030193699990377354}, "deserialization": {"mean": 3.2584099994892315e-05, "min": 3.151900000375463e-05, "max": 3.587700001617122e-05, "std": 1.2584368192310832e-06, "mean_ms": 0.03258409999489231}, "total_time_ms": 0.06277779998526968, "successful_runs": 10, "config": {"date_format": "unix", "custom_date_format": null, "uuid_format": "object", "parse_uuids": true, "dataframe_orient": "values", "datetime_output": "json_safe", "series_output": "json_safe", "dataframe_output": "json_safe", "numpy_output": "json_safe", "nan_handling": "null", "type_coercion": "safe", "preserve_decimals": false, "preserve_complex": false, "max_depth": 50, "max_size": 100000, "max_string_length": 1000000, "custom_serializers": null, "sort_keys": false, "ensure_ascii": false, "check_if_serialized": false, "include_type_hints": false, "auto_detect_types": false, "redact_fields": null, "redact_patterns": null, "redact_large_objects": false, "redaction_replacement": "<REDACTED>", "include_redaction_summary": false, "audit_trail": false, "cache_scope": "operation", "cache_size_limit": 1000, "cache_warn_on_limit": true, "cache_metrics_enabled": false}}}, "complex_types": {"description": "Complex type handling", "results": {"serialization": {"mean": 5.8541499993225446e-05, "min": 5.433100000118429e-05, "max": 7.376799999292416e-05, "std": 5.762171907734535e-06, "mean_ms": 0.05854149999322544}, "deserialization": {"mean": 5.974479999508731e-05, "min": 5.8168999998997606e-05, "max": 6.243699999686214e-05, "std": 1.150338672961863e-06, "mean_ms": 0.059744799995087305}, "total_time_ms": 0.11828629998831275, "successful_runs": 10, "config": {"date_format": "unix", "custom_date_format": null, "uuid_format": "object", "parse_uuids": true, "dataframe_orient": "values", "datetime_output": "json_safe", "series_output": "json_safe", "dataframe_output": "json_safe", "numpy_output": "json_safe", "nan_handling": "null", "type_coercion": "safe", "preserve_decimals": false, "preserve_complex": false, "max_depth": 50, "max_size": 100000, "max_string_length": 1000000, "custom_serializers": null, "sort_keys": false, "ensure_ascii": false, "check_if_serialized": false, "include_type_hints": false, "auto_detect_types": false, "redact_fields": null, "redact_patterns": null, "redact_large_objects": false, "redaction_replacement": "<REDACTED>", "include_redaction_summary": false, "audit_trail": false, "cache_scope": "operation", "cache_size_limit": 1000, "cache_warn_on_limit": true, "cache_metrics_enabled": false}}}, "medium_dataset": {"description": "Medium-sized realistic dataset", "results": {"serialization": {"mean": 0.0009473603999992974, "min": 0.0009043040000165092, "max": 0.0011688889999845742, "std": 7.82535051518403e-05, "mean_ms": 0.9473603999992974}, "deserialization": {"mean": 0.0019128351000006205, "min": 0.0018803929999648972, "max": 0.002085695999994641, "std": 6.176904477689818e-05, "mean_ms": 1.9128351000006205}, "total_time_ms": 2.860195499999918, "successful_runs": 10, "config": {"date_format": "unix", "custom_date_format": null, "uuid_format": "object", "parse_uuids": true, "dataframe_orient": "values", "datetime_output": "json_safe", "series_output": "json_safe", "dataframe_output": "json_safe", "numpy_output": "json_safe", "nan_handling": "null", "type_coercion": "safe", "preserve_decimals": false, "preserve_complex": false, "max_depth": 50, "max_size": 100000, "max_string_length": 1000000, "custom_serializers": null, "sort_keys": false, "ensure_ascii": false, "check_if_serialized": false, "include_type_hints": false, "auto_detect_types": false, "redact_fields": null, "redact_patterns": null, "redact_large_objects": false, "redaction_replacement": "<REDACTED>", "include_redaction_summary": false, "audit_trail": false, "cache_scope": "operation", "cache_size_limit": 1000, "cache_warn_on_limit": true, "cache_metrics_enabled": false}}}}}, "ml_training": {"description": "ML model serialization", "datasets": {"small_objects": {"description": "Small API-style objects", "results": {"serialization": {"mean": 3.051929999742242e-05, "min": 2.6950999995278835e-05, "max": 5.395099998395381e-05, "std": 8.305744646629685e-06, "mean_ms": 0.030519299997422422}, "deserialization": {"mean": 3.225859999247405e-05, "min": 3.110799997330105e-05, "max": 3.582799996593167e-05, "std": 1.3882546232641154e-06, "mean_ms": 0.032258599992474046}, "total_time_ms": 0.06277789998989647, "successful_runs": 10, "config": {"date_format": "unix_ms", "custom_date_format": null, "uuid_format": "object", "parse_uuids": true, "dataframe_orient": "records", "datetime_output": "json_safe", "series_output": "json_safe", "dataframe_output": "json_safe", "numpy_output": "json_safe", "nan_handling": "null", "type_coercion": "aggressive", "preserve_decimals": false, "preserve_complex": false, "max_depth": 50, "max_size": 100000, "max_string_length": 1000000, "custom_serializers": null, "sort_keys": true, "ensure_ascii": false, "check_if_serialized": false, "include_type_hints": true, "auto_detect_types": false, "redact_fields": null, "redact_patterns": null, "redact_large_objects": false, "redaction_replacement": "<REDACTED>", "include_redaction_summary": false, "audit_trail": false, "cache_scope": "operation", "cache_size_limit": 1000, "cache_warn_on_limit": true, "cache_metrics_enabled": false}}}, "complex_types": {"description": "Complex type handling", "results": {"serialization": {"mean": 5.9644500004196745e-05, "min": 5.681599998297315e-05, "max": 6.274700001540623e-05, "std": 1.8485342133982258e-06, "mean_ms": 0.05964450000419674}, "deserialization": {"mean": 6.210420000343219e-05, "min": 5.94310000110454e-05, "max": 7.984000001215463e-05, "std": 6.2487242255066435e-06, "mean_ms": 0.06210420000343219}, "total_time_ms": 0.12174870000762893, "successful_runs": 10, "config": {"date_format": "unix_ms", "custom_date_format": null, "uuid_format": "object", "parse_uuids": true, "dataframe_orient": "records",