{"suite_type": "configurations", "metadata": {"timestamp": 1756697070.6478875, "python_version": "3.12.11", "datason_version": "0.13.0", "enhancement": "capability_based_testing_v1"}, "configurations": {"default": {"description": "Out-of-box experience", "datasets": {"small_objects": {"description": "Small API-style objects", "results": {"serialization": {"mean": 2.642379999997502e-05, "min": 2.50570000019934e-05, "max": 3.1508999995821796e-05, "std": 2.103166593779154e-06, "mean_ms": 0.026423799999975017}, "deserialization": {"mean": 3.250019999967435e-05, "min": 3.154899999913141e-05, "max": 3.479500000480584e-05, "std": 9.688115064078497e-07, "mean_ms": 0.03250019999967435}, "total_time_ms": 0.05892399999964937, "successful_runs": 10, "config": {}}}, "complex_types": {"description": "Complex type handling", "results": {"serialization": {"mean": 4.91964999952188e-05, "min": 4.593600000646347e-05, "max": 6.310899999562025e-05, "std": 5.1525824860079196e-06, "mean_ms": 0.0491964999952188}, "deserialization": {"mean": 6.489120000026105e-05, "min": 6.365999999502492e-05, "max": 6.723599999247654e-05, "std": 9.507013527066638e-07, "mean_ms": 0.06489120000026105}, "total_time_ms": 0.11408769999547984, "successful_runs": 10, "config": {}}}, "medium_dataset": {"description": "Medium-sized realistic dataset", "results": {"serialization": {"mean": 0.0008293781999952898, "min": 0.0008227379999965478, "max": 0.0008375970000003008, "std": 5.33636761319249e-06, "mean_ms": 0.8293781999952898}, "deserialization": {"mean": 0.0020043610000016086, "min": 0.0019687260000011975, "max": 0.002049608000007197, "std": 2.3705249092181263e-05, "mean_ms": 2.0043610000016088}, "total_time_ms": 2.8337391999968986, "successful_runs": 10, "config": {}}}}}, "api_fast": {"description": "Fast API responses", "datasets": {"small_objects": {"description": "Small API-style objects", "results": {"serialization": {"mean": 2.7742200001057426e-05, "min": 2.646000000083859e-05, "max": 3.0237000004262882e-05, "std": 1.4056957003180164e-06, "mean_ms": 0.027742200001057427}, "deserialization": {"mean": 3.4700400003373486e-05, "min": 3.232999999625008e-05, "max": 4.875199999787583e-05, "std": 5.014037253556935e-06, "mean_ms": 0.03470040000337349}, "total_time_ms": 0.062442600004430915, "successful_runs": 10, "config": {"date_format": "unix", "custom_date_format": null, "uuid_format": "object", "parse_uuids": true, "dataframe_orient": "values", "datetime_output": "json_safe", "series_output": "json_safe", "dataframe_output": "json_safe", "numpy_output": "json_safe", "nan_handling": "null", "type_coercion": "safe", "preserve_decimals": false, "preserve_complex": false, "max_depth": 50, "max_size": 100000, "max_string_length": 1000000, "custom_serializers": null, "sort_keys": false, "ensure_ascii": false, "check_if_serialized": false, "include_type_hints": false, "auto_detect_types": false, "redact_fields": null, "redact_patterns": null, "redact_large_objects": false, "redaction_replacement": "<REDACTED>", "include_redaction_summary": false, "audit_trail": false, "cache_scope": "operation", "cache_size_limit": 1000, "cache_warn_on_limit": true, "cache_metrics_enabled": false}}}, "complex_types": {"description": "Complex type handling", "results": {"serialization": {"mean": 5.786770000213437e-05, "min": 5.45430000045144e-05, "max": 7.598300000211111e-05, "std": 6.509823944365707e-06, "mean_ms": 0.05786770000213437}, "deserialization": {"mean": 5.95169000007445e-05, "min": 5.8449999997378654e-05, "max": 6.1314999996398e-05, "std": 8.43477123093254e-07, "mean_ms": 0.0595169000007445}, "total_time_ms": 0.11738460000287887, "successful_runs": 10, "config": {"date_format": "unix", "custom_date_format": null, "uuid_format": "object", "parse_uuids": true, "dataframe_orient": "values", "datetime_output": "json_safe", "series_output": "json_safe", "dataframe_output": "json_safe", "numpy_output": "json_safe", "nan_handling": "null", "type_coercion": "safe", "preserve_decimals": false, "preserve_complex": false, "max_depth": 50, "max_size": 100000, "max_string_length": 1000000, "custom_serializers": null, "sort_keys": false, "ensure_ascii": false, "check_if_serialized": false, "include_type_hints": false, "auto_detect_types": false, "redact_fields": null, "redact_patterns": null, "redact_large_objects": false, "redaction_replacement": "<REDACTED>", "include_redaction_summary": false, "audit_trail": false, "cache_scope": "operation", "cache_size_limit": 1000, "cache_warn_on_limit": true, "cache_metrics_enabled": false}}}, "medium_dataset": {"description": "Medium-sized realistic dataset", "results": {"serialization": {"mean": 0.0009387731000018107, "min": 0.0009131190000033484, "max": 0.0009546269999987089, "std": 1.102687100942228e-05, "mean_ms": 0.9387731000018107}, "deserialization": {"mean": 0.001917459300000246, "min": 0.0019023109999949384, "max": 0.0019601999999991904, "std": 1.6050361519055042e-05, "mean_ms": 1.917459300000246}, "total_time_ms": 2.8562324000020567, "successful_runs": 10, "config": {"date_format": "unix", "custom_date_format": null, "uuid_format": "object", "parse_uuids": true, "dataframe_orient": "values", "datetime_output": "json_safe", "series_output": "json_safe", "dataframe_output": "json_safe", "numpy_output": "json_safe", "nan_handling": "null", "type_coercion": "safe", "preserve_decimals": false, "preserve_complex": false, "max_depth": 50, "max_size": 100000, "max_string_length": 1000000, "custom_serializers": null, "sort_keys": false, "ensure_ascii": false, "check_if_serialized": false, "include_type_hints": false, "auto_detect_types": false, "redact_fields": null, "redact_patterns": null, "redact_large_objects": false, "redaction_replacement": "<REDACTED>", "include_redaction_summary": false, "audit_trail": false, "cache_scope": "operation", "cache_size_limit": 1000, "cache_warn_on_limit": true, "cache_metrics_enabled": false}}}}}, "ml_training": {"description": "ML model serialization", "datasets": {"small_objects": {"description": "Small API-style objects", "results": {"serialization": {"mean": 2.7234100001294338e-05, "min": 2.6469999994560567e-05, "max": 2.91549999928975e-05, "std": 7.828471449413829e-07, "mean_ms": 0.027234100001294337}, "deserialization": {"mean": 3.3721499997341196e-05, "min": 3.1989999996540064e-05, "max": 4.670699999564931e-05, "std": 4.565365440533242e-06, "mean_ms": 0.0337214999973412}, "total_time_ms": 0.060955599998635535, "successful_runs": 10, "config": {"date_format": "unix_ms", "custom_date_format": null, "uuid_format": "object", "parse_uuids": true, "dataframe_orient": "records", "datetime_output": "json_safe", "series_output": "json_safe", "dataframe_output": "json_safe", "numpy_output": "json_safe", "nan_handling": "null", "type_coercion": "aggressive", "preserve_decimals": false, "preserve_complex": false, "max_depth": 50, "max_size": 100000, "max_string_length": 1000000, "custom_serializers": null, "sort_keys": true, "ensure_ascii": false, "check_if_serialized": false, "include_type_hints": true, "auto_detect_types": false, "redact_fields": null, "redact_patterns": null, "redact_large_objects": false, "redaction_replacement": "<REDACTED>", "include_redaction_summary": false, "audit_trail": false, "cache_scope": "operation", "cache_size_limit": 1000, "cache_warn_on_limit": true, "cache_metrics_enabled": false}}}, "complex_types": {"description": "Complex type handling", "results": {"serialization": {"mean": 6.044059999652518e-05, "min": 5.722699999921588e-05, "max": 7.757599999536069e-05, "std": 6.202893754284874e-06, "mean_ms": 0.06044059999652518}, "deserialization": {"mean": 6.076840000019956e-05, "min": 5.9391000007735784e-05, "max": 6.33890000045767e-05, "std": 1.2428488063976004e-06, "mean_ms": 0.06076840000019956}, "total_time_ms": 0.12120899999672473, "successful_runs": 10, "config": {"date_format": "unix_ms", "custom_date_format": null, "uuid_format": "object", "parse_uuids": true, "dataframe_orient": "records",