{"suite_type": "configurations", "metadata": {"timestamp": 1766980408.159547, "python_version": "3.12.12", "datason_version": "0.13.0", "enhancement": "capability_based_testing_v1"}, "configurations": {"default": {"description": "Out-of-box experience", "datasets": {"small_objects": {"description": "Small API-style objects", "results": {"serialization": {"mean": 2.7927099998237283e-05, "min": 2.5437000005013033e-05, "max": 3.7278999997170104e-05, "std": 3.5327085103939726e-06, "mean_ms": 0.02792709999823728}, "deserialization": {"mean": 3.4544399997571415e-05, "min": 3.2069999974737584e-05, "max": 4.783899998983543e-05, "std": 4.876319607860502e-06, "mean_ms": 0.03454439999757142}, "total_time_ms": 0.062471499995808706, "successful_runs": 10, "config": {}}}, "complex_types": {"description": "Complex type handling", "results": {"serialization": {"mean": 5.1181299994595975e-05, "min": 4.6727000011514974e-05, "max": 6.359899998642504e-05, "std": 6.023825325386743e-06, "mean_ms": 0.051181299994595975}, "deserialization": {"mean": 6.893630000206485e-05, "min": 6.3547999985758e-05, "max": 0.00010056700000404817, "std": 1.1260329186219877e-05, "mean_ms": 0.06893630000206485}, "total_time_ms": 0.12011759999666083, "successful_runs": 10, "config": {}}}, "medium_dataset": {"description": "Medium-sized realistic dataset", "results": {"serialization": {"mean": 0.000836610600006793, "min": 0.0008230330000174035, "max": 0.0008711529999914092, "std": 1.5608895938365202e-05, "mean_ms": 0.836610600006793}, "deserialization": {"mean": 0.0020227406000003613, "min": 0.002009954999977026, "max": 0.0020363440000039645, "std": 7.16540263944916e-06, "mean_ms": 2.022740600000361}, "total_time_ms": 2.8593512000071546, "successful_runs": 10, "config": {}}}}}, "api_fast": {"description": "Fast API responses", "datasets": {"small_objects": {"description": "Small API-style objects", "results": {"serialization": {"mean": 3.0217299993751112e-05, "min": 2.705999997942854e-05, "max": 4.287999999519343e-05, "std": 4.666458140493433e-06, "mean_ms": 0.030217299993751112}, "deserialization": {"mean": 3.3117700004936525e-05, "min": 3.229000000715132e-05, "max": 3.5295999992968063e-05, "std": 8.52652073349106e-07, "mean_ms": 0.03311770000493652}, "total_time_ms": 0.06333499999868764, "successful_runs": 10, "config": {"date_format": "unix", "custom_date_format": null, "uuid_format": "object", "parse_uuids": true, "dataframe_orient": "values", "datetime_output": "json_safe", "series_output": "json_safe", "dataframe_output": "json_safe", "numpy_output": "json_safe", "nan_handling": "null", "type_coercion": "safe", "preserve_decimals": false, "preserve_complex": false, "max_depth": 50, "max_size": 100000, "max_string_length": 1000000, "custom_serializers": null, "sort_keys": false, "ensure_ascii": false, "check_if_serialized": false, "include_type_hints": false, "auto_detect_types": false, "redact_fields": null, "redact_patterns": null, "redact_large_objects": false, "redaction_replacement": "<REDACTED>", "include_redaction_summary": false, "audit_trail": false, "cache_scope": "operation", "cache_size_limit": 1000, "cache_warn_on_limit": true, "cache_metrics_enabled": false}}}, "complex_types": {"description": "Complex type handling", "results": {"serialization": {"mean": 5.804629999488498e-05, "min": 5.536300000130723e-05, "max": 6.131499998218715e-05, "std": 2.0665724197873737e-06, "mean_ms": 0.058046299994884976}, "deserialization": {"mean": 6.338720000087505e-05, "min": 5.8738999996421626e-05, "max": 8.530900001346708e-05, "std": 8.578198478720704e-06, "mean_ms": 0.06338720000087505}, "total_time_ms": 0.12143349999576003, "successful_runs": 10, "config": {"date_format": "unix", "custom_date_format": null, "uuid_format": "object", "parse_uuids": true, "dataframe_orient": "values", "datetime_output": "json_safe", "series_output": "json_safe", "dataframe_output": "json_safe", "numpy_output": "json_safe", "nan_handling": "null", "type_coercion": "safe", "preserve_decimals": false, "preserve_complex": false, "max_depth": 50, "max_size": 100000, "max_string_length": 1000000, "custom_serializers": null, "sort_keys": false, "ensure_ascii": false, "check_if_serialized": false, "include_type_hints": false, "auto_detect_types": false, "redact_fields": null, "redact_patterns": null, "redact_large_objects": false, "redaction_replacement": "<REDACTED>", "include_redaction_summary": false, "audit_trail": false, "cache_scope": "operation", "cache_size_limit": 1000, "cache_warn_on_limit": true, "cache_metrics_enabled": false}}}, "medium_dataset": {"description": "Medium-sized realistic dataset", "results": {"serialization": {"mean": 0.000952625600001511, "min": 0.0009425559999840516, "max": 0.0009691560000248955, "std": 9.370774948280517e-06, "mean_ms": 0.952625600001511}, "deserialization": {"mean": 0.0019147568000022375, "min": 0.001892104999996036, "max": 0.0019289729999911742, "std": 1.0799969132184862e-05, "mean_ms": 1.9147568000022375}, "total_time_ms": 2.8673824000037484, "successful_runs": 10, "config": {"date_format": "unix", "custom_date_format": null, "uuid_format": "object", "parse_uuids": true, "dataframe_orient": "values", "datetime_output": "json_safe", "series_output": "json_safe", "dataframe_output": "json_safe", "numpy_output": "json_safe", "nan_handling": "null", "type_coercion": "safe", "preserve_decimals": false, "preserve_complex": false, "max_depth": 50, "max_size": 100000, "max_string_length": 1000000, "custom_serializers": null, "sort_keys": false, "ensure_ascii": false, "check_if_serialized": false, "include_type_hints": false, "auto_detect_types": false, "redact_fields": null, "redact_patterns": null, "redact_large_objects": false, "redaction_replacement": "<REDACTED>", "include_redaction_summary": false, "audit_trail": false, "cache_scope": "operation", "cache_size_limit": 1000, "cache_warn_on_limit": true, "cache_metrics_enabled": false}}}}}, "ml_training": {"description": "ML model serialization", "datasets": {"small_objects": {"description": "Small API-style objects", "results": {"serialization": {"mean": 3.135240000062822e-05, "min": 2.674999998930616e-05, "max": 6.100400000264017e-05, "std": 1.0467073933485971e-05, "mean_ms": 0.03135240000062822}, "deserialization": {"mean": 3.3527300007563096e-05, "min": 3.205000001571534e-05, "max": 3.746900000578535e-05, "std": 1.8456793379180544e-06, "mean_ms": 0.0335273000075631}, "total_time_ms": 0.06487970000819132, "successful_runs": 10, "config": {"date_format": "unix_ms", "custom_date_format": null, "uuid_format": "object", "parse_uuids": true, "dataframe_orient": "records", "datetime_output": "json_safe", "series_output": "json_safe", "dataframe_output": "json_safe", "numpy_output": "json_safe", "nan_handling": "null", "type_coercion": "aggressive", "preserve_decimals": false, "preserve_complex": false, "max_depth": 50, "max_size": 100000, "max_string_length": 1000000, "custom_serializers": null, "sort_keys": true, "ensure_ascii": false, "check_if_serialized": false, "include_type_hints": true, "auto_detect_types": false, "redact_fields": null, "redact_patterns": null, "redact_large_objects": false, "redaction_replacement": "<REDACTED>", "include_redaction_summary": false, "audit_trail": false, "cache_scope": "operation", "cache_size_limit": 1000, "cache_warn_on_limit": true, "cache_metrics_enabled": false}}}, "complex_types": {"description": "Complex type handling", "results": {"serialization": {"mean": 6.43305999972199e-05, "min": 6.002199998533797e-05, "max": 8.019899999567315e-05, "std": 6.48363293870327e-06, "mean_ms": 0.0643305999972199}, "deserialization": {"mean": 6.227069999908963e-05, "min": 6.0972999989417076e-05, "max": 6.392899999241308e-05, "std": 9.238659160555757e-07, "mean_ms": 0.06227069999908963}, "total_time_ms": 0.12660129999630954, "successful_runs": 10, "config": {"date_format": "unix_ms", "custom_date_format": null, "uuid_format": "object", "parse_uuids": true, "dataframe_orient": "records",