{"suite_type": "configurations", "metadata": {"timestamp": 1770006525.0436177, "python_version": "3.12.12", "datason_version": "0.13.0", "enhancement": "capability_based_testing_v1"}, "configurations": {"default": {"description": "Out-of-box experience", "datasets": {"small_objects": {"description": "Small API-style objects", "results": {"serialization": {"mean": 2.7674699997248808e-05, "min": 2.496699998744134e-05, "max": 3.297099999599595e-05, "std": 2.830383956533398e-06, "mean_ms": 0.02767469999724881}, "deserialization": {"mean": 3.484659999912765e-05, "min": 3.134899999679419e-05, "max": 5.548400000066067e-05, "std": 7.368867683739933e-06, "mean_ms": 0.03484659999912765}, "total_time_ms": 0.06252129999637646, "successful_runs": 10, "config": {}}}, "complex_types": {"description": "Complex type handling", "results": {"serialization": {"mean": 5.015419999807591e-05, "min": 4.5536000001789034e-05, "max": 6.854900000519137e-05, "std": 6.673923199990026e-06, "mean_ms": 0.05015419999807591}, "deserialization": {"mean": 6.446030000120117e-05, "min": 6.32290000055491e-05, "max": 6.616499999267944e-05, "std": 1.133879379279774e-06, "mean_ms": 0.06446030000120118}, "total_time_ms": 0.11461449999927709, "successful_runs": 10, "config": {}}}, "medium_dataset": {"description": "Medium-sized realistic dataset", "results": {"serialization": {"mean": 0.0008550764999995409, "min": 0.0008186170000072934, "max": 0.000920909000001302, "std": 3.109050068148226e-05, "mean_ms": 0.8550764999995408}, "deserialization": {"mean": 0.0020393169000016086, "min": 0.002012930000006463, "max": 0.002111573999997063, "std": 2.900410946387665e-05, "mean_ms": 2.0393169000016087}, "total_time_ms": 2.8943934000011495, "successful_runs": 10, "config": {}}}}}, "api_fast": {"description": "Fast API responses", "datasets": {"small_objects": {"description": "Small API-style objects", "results": {"serialization": {"mean": 2.7428300002441118e-05, "min": 2.6179000002457542e-05, "max": 2.9766000011477445e-05, "std": 1.180070531230876e-06, "mean_ms": 0.02742830000244112}, "deserialization": {"mean": 3.2352699997773014e-05, "min": 3.159900001037386e-05, "max": 3.3322999996698854e-05, "std": 5.758904284565842e-07, "mean_ms": 0.032352699997773016}, "total_time_ms": 0.059781000000214135, "successful_runs": 10, "config": {"date_format": "unix", "custom_date_format": null, "uuid_format": "object", "parse_uuids": true, "dataframe_orient": "values", "datetime_output": "json_safe", "series_output": "json_safe", "dataframe_output": "json_safe", "numpy_output": "json_safe", "nan_handling": "null", "type_coercion": "safe", "preserve_decimals": false, "preserve_complex": false, "max_depth": 50, "max_size": 100000, "max_string_length": 1000000, "custom_serializers": null, "sort_keys": false, "ensure_ascii": false, "check_if_serialized": false, "include_type_hints": false, "auto_detect_types": false, "redact_fields": null, "redact_patterns": null, "redact_large_objects": false, "redaction_replacement": "<REDACTED>", "include_redaction_summary": false, "audit_trail": false, "cache_scope": "operation", "cache_size_limit": 1000, "cache_warn_on_limit": true, "cache_metrics_enabled": false}}}, "complex_types": {"description": "Complex type handling", "results": {"serialization": {"mean": 5.727890000031266e-05, "min": 5.2960000004986796e-05, "max": 7.556199999214641e-05, "std": 6.615493452744443e-06, "mean_ms": 0.05727890000031266}, "deserialization": {"mean": 5.885059999997111e-05, "min": 5.813899998940997e-05, "max": 6.033299999330666e-05, "std": 5.938904119459218e-07, "mean_ms": 0.05885059999997111}, "total_time_ms": 0.11612950000028377, "successful_runs": 10, "config": {"date_format": "unix", "custom_date_format": null, "uuid_format": "object", "parse_uuids": true, "dataframe_orient": "values", "datetime_output": "json_safe", "series_output": "json_safe", "dataframe_output": "json_safe", "numpy_output": "json_safe", "nan_handling": "null", "type_coercion": "safe", "preserve_decimals": false, "preserve_complex": false, "max_depth": 50, "max_size": 100000, "max_string_length": 1000000, "custom_serializers": null, "sort_keys": false, "ensure_ascii": false, "check_if_serialized": false, "include_type_hints": false, "auto_detect_types": false, "redact_fields": null, "redact_patterns": null, "redact_large_objects": false, "redaction_replacement": "<REDACTED>", "include_redaction_summary": false, "audit_trail": false, "cache_scope": "operation", "cache_size_limit": 1000, "cache_warn_on_limit": true, "cache_metrics_enabled": false}}}, "medium_dataset": {"description": "Medium-sized realistic dataset", "results": {"serialization": {"mean": 0.0009396149000011178, "min": 0.0009186939999921151, "max": 0.000967545999998265, "std": 1.5729101414217066e-05, "mean_ms": 0.9396149000011178}, "deserialization": {"mean": 0.0018949057999975594, "min": 0.0018694500000009384, "max": 0.0019223999999979924, "std": 1.6472428421886184e-05, "mean_ms": 1.8949057999975594}, "total_time_ms": 2.834520699998677, "successful_runs": 10, "config": {"date_format": "unix", "custom_date_format": null, "uuid_format": "object", "parse_uuids": true, "dataframe_orient": "values", "datetime_output": "json_safe", "series_output": "json_safe", "dataframe_output": "json_safe", "numpy_output": "json_safe", "nan_handling": "null", "type_coercion": "safe", "preserve_decimals": false, "preserve_complex": false, "max_depth": 50, "max_size": 100000, "max_string_length": 1000000, "custom_serializers": null, "sort_keys": false, "ensure_ascii": false, "check_if_serialized": false, "include_type_hints": false, "auto_detect_types": false, "redact_fields": null, "redact_patterns": null, "redact_large_objects": false, "redaction_replacement": "<REDACTED>", "include_redaction_summary": false, "audit_trail": false, "cache_scope": "operation", "cache_size_limit": 1000, "cache_warn_on_limit": true, "cache_metrics_enabled": false}}}}}, "ml_training": {"description": "ML model serialization", "datasets": {"small_objects": {"description": "Small API-style objects", "results": {"serialization": {"mean": 3.1111300002351074e-05, "min": 2.6409000000171545e-05, "max": 6.02930000042079e-05, "std": 1.0336247289371579e-05, "mean_ms": 0.031111300002351072}, "deserialization": {"mean": 3.2184299999471475e-05, "min": 3.1128000003377565e-05, "max": 3.526599999759128e-05, "std": 1.1786489481634074e-06, "mean_ms": 0.03218429999947148}, "total_time_ms": 0.06329560000182255, "successful_runs": 10, "config": {"date_format": "unix_ms", "custom_date_format": null, "uuid_format": "object", "parse_uuids": true, "dataframe_orient": "records", "datetime_output": "json_safe", "series_output": "json_safe", "dataframe_output": "json_safe", "numpy_output": "json_safe", "nan_handling": "null", "type_coercion": "aggressive", "preserve_decimals": false, "preserve_complex": false, "max_depth": 50, "max_size": 100000, "max_string_length": 1000000, "custom_serializers": null, "sort_keys": true, "ensure_ascii": false, "check_if_serialized": false, "include_type_hints": true, "auto_detect_types": false, "redact_fields": null, "redact_patterns": null, "redact_large_objects": false, "redaction_replacement": "<REDACTED>", "include_redaction_summary": false, "audit_trail": false, "cache_scope": "operation", "cache_size_limit": 1000, "cache_warn_on_limit": true, "cache_metrics_enabled": false}}}, "complex_types": {"description": "Complex type handling", "results": {"serialization": {"mean": 5.977430000143613e-05, "min": 5.729800000153773e-05, "max": 6.525300000248535e-05, "std": 2.469952543961297e-06, "mean_ms": 0.05977430000143613}, "deserialization": {"mean": 6.27858999990849e-05, "min": 5.945199998791395e-05, "max": 8.205400000349528e-05, "std": 6.797974151722788e-06, "mean_ms": 0.0627858999990849}, "total_time_ms": 0.12256020000052105, "successful_runs": 10, "config": {"date_format": "unix_ms", "custom_date_format": null, "uuid_format": "object", "parse_uuids": true, "dataframe_orient": "records",