{"suite_type": "configurations", "metadata": {"timestamp": 1768794902.4671159, "python_version": "3.12.12", "datason_version": "0.13.0", "enhancement": "capability_based_testing_v1"}, "configurations": {"default": {"description": "Out-of-box experience", "datasets": {"small_objects": {"description": "Small API-style objects", "results": {"serialization": {"mean": 2.791040000005296e-05, "min": 2.525700000433062e-05, "max": 3.2200999996234714e-05, "std": 2.265630653605016e-06, "mean_ms": 0.02791040000005296}, "deserialization": {"mean": 3.556689999726359e-05, "min": 3.1628999991539786e-05, "max": 5.231800000160547e-05, "std": 6.086898763581969e-06, "mean_ms": 0.03556689999726359}, "total_time_ms": 0.06347729999731655, "successful_runs": 10, "config": {}}}, "complex_types": {"description": "Complex type handling", "results": {"serialization": {"mean": 4.927929999638536e-05, "min": 4.601599999887185e-05, "max": 5.652599999450558e-05, "std": 3.766722390896253e-06, "mean_ms": 0.04927929999638536}, "deserialization": {"mean": 6.73231999996915e-05, "min": 6.311799999991763e-05, "max": 9.528900000077556e-05, "std": 9.869132415243983e-06, "mean_ms": 0.0673231999996915}, "total_time_ms": 0.11660249999607686, "successful_runs": 10, "config": {}}}, "medium_dataset": {"description": "Medium-sized realistic dataset", "results": {"serialization": {"mean": 0.0008229417000009676, "min": 0.0008107139999964375, "max": 0.0008411409999951047, "std": 1.0623868107467745e-05, "mean_ms": 0.8229417000009676}, "deserialization": {"mean": 0.0019877606999983755, "min": 0.0019743900000008807, "max": 0.0020141149999943764, "std": 1.2075800014091542e-05, "mean_ms": 1.9877606999983755}, "total_time_ms": 2.810702399999343, "successful_runs": 10, "config": {}}}}}, "api_fast": {"description": "Fast API responses", "datasets": {"small_objects": {"description": "Small API-style objects", "results": {"serialization": {"mean": 2.996799999976929e-05, "min": 2.641899999389352e-05, "max": 5.066500000339147e-05, "std": 7.455161688132228e-06, "mean_ms": 0.02996799999976929}, "deserialization": {"mean": 3.3982800002263505e-05, "min": 3.1258000007028386e-05, "max": 4.719800000430041e-05, "std": 4.897789542827194e-06, "mean_ms": 0.0339828000022635}, "total_time_ms": 0.06395080000203279, "successful_runs": 10, "config": {"date_format": "unix", "custom_date_format": null, "uuid_format": "object", "parse_uuids": true, "dataframe_orient": "values", "datetime_output": "json_safe", "series_output": "json_safe", "dataframe_output": "json_safe", "numpy_output": "json_safe", "nan_handling": "null", "type_coercion": "safe", "preserve_decimals": false, "preserve_complex": false, "max_depth": 50, "max_size": 100000, "max_string_length": 1000000, "custom_serializers": null, "sort_keys": false, "ensure_ascii": false, "check_if_serialized": false, "include_type_hints": false, "auto_detect_types": false, "redact_fields": null, "redact_patterns": null, "redact_large_objects": false, "redaction_replacement": "<REDACTED>", "include_redaction_summary": false, "audit_trail": false, "cache_scope": "operation", "cache_size_limit": 1000, "cache_warn_on_limit": true, "cache_metrics_enabled": false}}}, "complex_types": {"description": "Complex type handling", "results": {"serialization": {"mean": 6.040170000005673e-05, "min": 5.5685000006633345e-05, "max": 8.094300000038857e-05, "std": 7.464388536470515e-06, "mean_ms": 0.060401700000056735}, "deserialization": {"mean": 5.911219999887862e-05, "min": 5.827999999041822e-05, "max": 6.18960000053903e-05, "std": 1.0676118553394487e-06, "mean_ms": 0.05911219999887862}, "total_time_ms": 0.11951389999893536, "successful_runs": 10, "config": {"date_format": "unix", "custom_date_format": null, "uuid_format": "object", "parse_uuids": true, "dataframe_orient": "values", "datetime_output": "json_safe", "series_output": "json_safe", "dataframe_output": "json_safe", "numpy_output": "json_safe", "nan_handling": "null", "type_coercion": "safe", "preserve_decimals": false, "preserve_complex": false, "max_depth": 50, "max_size": 100000, "max_string_length": 1000000, "custom_serializers": null, "sort_keys": false, "ensure_ascii": false, "check_if_serialized": false, "include_type_hints": false, "auto_detect_types": false, "redact_fields": null, "redact_patterns": null, "redact_large_objects": false, "redaction_replacement": "<REDACTED>", "include_redaction_summary": false, "audit_trail": false, "cache_scope": "operation", "cache_size_limit": 1000, "cache_warn_on_limit": true, "cache_metrics_enabled": false}}}, "medium_dataset": {"description": "Medium-sized realistic dataset", "results": {"serialization": {"mean": 0.0009460277999991717, "min": 0.0009289860000052386, "max": 0.0009698629999945751, "std": 1.3356491701001574e-05, "mean_ms": 0.9460277999991717}, "deserialization": {"mean": 0.0018891652000007752, "min": 0.0018716269999998758, "max": 0.0018984980000027463, "std": 7.801964592535253e-06, "mean_ms": 1.8891652000007753}, "total_time_ms": 2.835192999999947, "successful_runs": 10, "config": {"date_format": "unix", "custom_date_format": null, "uuid_format": "object", "parse_uuids": true, "dataframe_orient": "values", "datetime_output": "json_safe", "series_output": "json_safe", "dataframe_output": "json_safe", "numpy_output": "json_safe", "nan_handling": "null", "type_coercion": "safe", "preserve_decimals": false, "preserve_complex": false, "max_depth": 50, "max_size": 100000, "max_string_length": 1000000, "custom_serializers": null, "sort_keys": false, "ensure_ascii": false, "check_if_serialized": false, "include_type_hints": false, "auto_detect_types": false, "redact_fields": null, "redact_patterns": null, "redact_large_objects": false, "redaction_replacement": "<REDACTED>", "include_redaction_summary": false, "audit_trail": false, "cache_scope": "operation", "cache_size_limit": 1000, "cache_warn_on_limit": true, "cache_metrics_enabled": false}}}}}, "ml_training": {"description": "ML model serialization", "datasets": {"small_objects": {"description": "Small API-style objects", "results": {"serialization": {"mean": 3.2333900000480754e-05, "min": 2.6669999996897786e-05, "max": 5.07459999994353e-05, "std": 9.771222356958126e-06, "mean_ms": 0.03233390000048075}, "deserialization": {"mean": 3.496660000195107e-05, "min": 3.1368999998449e-05, "max": 5.613499999412852e-05, "std": 7.55709118036721e-06, "mean_ms": 0.034966600001951065}, "total_time_ms": 0.06730050000243183, "successful_runs": 10, "config": {"date_format": "unix_ms", "custom_date_format": null, "uuid_format": "object", "parse_uuids": true, "dataframe_orient": "records", "datetime_output": "json_safe", "series_output": "json_safe", "dataframe_output": "json_safe", "numpy_output": "json_safe", "nan_handling": "null", "type_coercion": "aggressive", "preserve_decimals": false, "preserve_complex": false, "max_depth": 50, "max_size": 100000, "max_string_length": 1000000, "custom_serializers": null, "sort_keys": true, "ensure_ascii": false, "check_if_serialized": false, "include_type_hints": true, "auto_detect_types": false, "redact_fields": null, "redact_patterns": null, "redact_large_objects": false, "redaction_replacement": "<REDACTED>", "include_redaction_summary": false, "audit_trail": false, "cache_scope": "operation", "cache_size_limit": 1000, "cache_warn_on_limit": true, "cache_metrics_enabled": false}}}, "complex_types": {"description": "Complex type handling", "results": {"serialization": {"mean": 6.0979699999563766e-05, "min": 5.92409999882193e-05, "max": 6.558300000847339e-05, "std": 2.018316795065418e-06, "mean_ms": 0.06097969999956376}, "deserialization": {"mean": 6.263970000333074e-05, "min": 6.013300000518029e-05, "max": 7.876800000872208e-05, "std": 5.69268599282042e-06, "mean_ms": 0.06263970000333074}, "total_time_ms": 0.12361940000289452, "successful_runs": 10, "config": {"date_format": "unix_ms", "custom_date_format": null, "uuid_format": "object", "parse_uuids": true, "dataframe_orient": "records",