{"suite_type": "configurations", "metadata": {"timestamp": 1780297647.1833158, "python_version": "3.12.13", "datason_version": "0.13.0", "enhancement": "capability_based_testing_v1"}, "configurations": {"default": {"description": "Out-of-box experience", "datasets": {"small_objects": {"description": "Small API-style objects", "results": {"serialization": {"mean": 2.979379999885623e-05, "min": 2.58489999964695e-05, "max": 5.030399999839119e-05, "std": 7.421817699222186e-06, "mean_ms": 0.02979379999885623}, "deserialization": {"mean": 3.38502999987611e-05, "min": 3.249999999610509e-05, "max": 3.631799999936902e-05, "std": 1.2448946453714041e-06, "mean_ms": 0.0338502999987611}, "total_time_ms": 0.06364409999761733, "successful_runs": 10, "config": {}}}, "complex_types": {"description": "Complex type handling", "results": {"serialization": {"mean": 4.853570000165064e-05, "min": 4.4083000005912254e-05, "max": 6.070300000260431e-05, "std": 5.573814972854312e-06, "mean_ms": 0.04853570000165064}, "deserialization": {"mean": 7.094459999947844e-05, "min": 6.114499999654299e-05, "max": 0.00010632899999762913, "std": 1.5306516645860288e-05, "mean_ms": 0.07094459999947844}, "total_time_ms": 0.11948030000112907, "successful_runs": 10, "config": {}}}, "medium_dataset": {"description": "Medium-sized realistic dataset", "results": {"serialization": {"mean": 0.0008238499000000843, "min": 0.0008065379999990796, "max": 0.0008445579999971642, "std": 1.070875412831374e-05, "mean_ms": 0.8238499000000843}, "deserialization": {"mean": 0.0020494481000021382, "min": 0.002027901000005272, "max": 0.0020677450000050612, "std": 1.2424640136988898e-05, "mean_ms": 2.049448100002138}, "total_time_ms": 2.8732980000022224, "successful_runs": 10, "config": {}}}}}, "api_fast": {"description": "Fast API responses", "datasets": {"small_objects": {"description": "Small API-style objects", "results": {"serialization": {"mean": 2.7834200001564113e-05, "min": 2.6420000004634403e-05, "max": 3.099800000683217e-05, "std": 1.3294477389470331e-06, "mean_ms": 0.027834200001564113}, "deserialization": {"mean": 3.302359999821647e-05, "min": 3.233000000335551e-05, "max": 3.449399999766456e-05, "std": 6.940711136698996e-07, "mean_ms": 0.03302359999821647}, "total_time_ms": 0.060857799999780575, "successful_runs": 10, "config": {"date_format": "unix", "custom_date_format": null, "uuid_format": "object", "parse_uuids": true, "dataframe_orient": "values", "datetime_output": "json_safe", "series_output": "json_safe", "dataframe_output": "json_safe", "numpy_output": "json_safe", "nan_handling": "null", "type_coercion": "safe", "preserve_decimals": false, "preserve_complex": false, "max_depth": 50, "max_size": 100000, "max_string_length": 1000000, "custom_serializers": null, "sort_keys": false, "ensure_ascii": false, "check_if_serialized": false, "include_type_hints": false, "auto_detect_types": false, "redact_fields": null, "redact_patterns": null, "redact_large_objects": false, "redaction_replacement": "<REDACTED>", "include_redaction_summary": false, "audit_trail": false, "cache_scope": "operation", "cache_size_limit": 1000, "cache_warn_on_limit": true, "cache_metrics_enabled": false}}}, "complex_types": {"description": "Complex type handling", "results": {"serialization": {"mean": 5.49228000011226e-05, "min": 5.188700000502422e-05, "max": 6.0593999997138326e-05, "std": 3.0442538119140198e-06, "mean_ms": 0.054922800001122596}, "deserialization": {"mean": 6.18675000019664e-05, "min": 5.885000000205309e-05, "max": 8.074100000499129e-05, "std": 6.6665942047200496e-06, "mean_ms": 0.06186750000196639}, "total_time_ms": 0.11679030000308899, "successful_runs": 10, "config": {"date_format": "unix", "custom_date_format": null, "uuid_format": "object", "parse_uuids": true, "dataframe_orient": "values", "datetime_output": "json_safe", "series_output": "json_safe", "dataframe_output": "json_safe", "numpy_output": "json_safe", "nan_handling": "null", "type_coercion": "safe", "preserve_decimals": false, "preserve_complex": false, "max_depth": 50, "max_size": 100000, "max_string_length": 1000000, "custom_serializers": null, "sort_keys": false, "ensure_ascii": false, "check_if_serialized": false, "include_type_hints": false, "auto_detect_types": false, "redact_fields": null, "redact_patterns": null, "redact_large_objects": false, "redaction_replacement": "<REDACTED>", "include_redaction_summary": false, "audit_trail": false, "cache_scope": "operation", "cache_size_limit": 1000, "cache_warn_on_limit": true, "cache_metrics_enabled": false}}}, "medium_dataset": {"description": "Medium-sized realistic dataset", "results": {"serialization": {"mean": 0.0009376759000012669, "min": 0.0009162130000035518, "max": 0.0009500060000036115, "std": 9.350650047706627e-06, "mean_ms": 0.9376759000012669}, "deserialization": {"mean": 0.001951821299999068, "min": 0.001941408999996952, "max": 0.001975071999993361, "std": 1.1841623752218822e-05, "mean_ms": 1.951821299999068}, "total_time_ms": 2.889497200000335, "successful_runs": 10, "config": {"date_format": "unix", "custom_date_format": null, "uuid_format": "object", "parse_uuids": true, "dataframe_orient": "values", "datetime_output": "json_safe", "series_output": "json_safe", "dataframe_output": "json_safe", "numpy_output": "json_safe", "nan_handling": "null", "type_coercion": "safe", "preserve_decimals": false, "preserve_complex": false, "max_depth": 50, "max_size": 100000, "max_string_length": 1000000, "custom_serializers": null, "sort_keys": false, "ensure_ascii": false, "check_if_serialized": false, "include_type_hints": false, "auto_detect_types": false, "redact_fields": null, "redact_patterns": null, "redact_large_objects": false, "redaction_replacement": "<REDACTED>", "include_redaction_summary": false, "audit_trail": false, "cache_scope": "operation", "cache_size_limit": 1000, "cache_warn_on_limit": true, "cache_metrics_enabled": false}}}}}, "ml_training": {"description": "ML model serialization", "datasets": {"small_objects": {"description": "Small API-style objects", "results": {"serialization": {"mean": 2.851639999903455e-05, "min": 2.6640000001521003e-05, "max": 3.120799999578594e-05, "std": 1.6416006542546445e-06, "mean_ms": 0.028516399999034547}, "deserialization": {"mean": 3.2414499999333656e-05, "min": 3.1409000001758614e-05, "max": 3.394299999825989e-05, "std": 8.790450935686363e-07, "mean_ms": 0.03241449999933366}, "total_time_ms": 0.060930899998368204, "successful_runs": 10, "config": {"date_format": "unix_ms", "custom_date_format": null, "uuid_format": "object", "parse_uuids": true, "dataframe_orient": "records", "datetime_output": "json_safe", "series_output": "json_safe", "dataframe_output": "json_safe", "numpy_output": "json_safe", "nan_handling": "null", "type_coercion": "aggressive", "preserve_decimals": false, "preserve_complex": false, "max_depth": 50, "max_size": 100000, "max_string_length": 1000000, "custom_serializers": null, "sort_keys": true, "ensure_ascii": false, "check_if_serialized": false, "include_type_hints": true, "auto_detect_types": false, "redact_fields": null, "redact_patterns": null, "redact_large_objects": false, "redaction_replacement": "<REDACTED>", "include_redaction_summary": false, "audit_trail": false, "cache_scope": "operation", "cache_size_limit": 1000, "cache_warn_on_limit": true, "cache_metrics_enabled": false}}}, "complex_types": {"description": "Complex type handling", "results": {"serialization": {"mean": 6.698410000041121e-05, "min": 5.5564000000174474e-05, "max": 0.00010230200000194145, "std": 1.5968618916687374e-05, "mean_ms": 0.06698410000041122}, "deserialization": {"mean": 6.488419999968187e-05, "min": 5.945099999848935e-05, "max": 8.668200000272464e-05, "std": 8.958476941061546e-06, "mean_ms": 0.06488419999968187}, "total_time_ms": 0.13186830000009306, "successful_runs": 10, "config": {"date_format": "unix_ms", "custom_date_format": null, "uuid_format": "object", "parse_uuids": true, "dataframe_orient": "records",