{"suite_type": "configurations", "metadata": {"timestamp": 1776057554.2322202, "python_version": "3.12.13", "datason_version": "0.13.0", "enhancement": "capability_based_testing_v1"}, "configurations": {"default": {"description": "Out-of-box experience", "datasets": {"small_objects": {"description": "Small API-style objects", "results": {"serialization": {"mean": 2.5412199999408358e-05, "min": 2.3003999999104963e-05, "max": 3.315899999734029e-05, "std": 3.129686452075833e-06, "mean_ms": 0.025412199999408358}, "deserialization": {"mean": 2.9898499998637363e-05, "min": 2.856100000059314e-05, "max": 3.44199999986472e-05, "std": 1.7666810846664766e-06, "mean_ms": 0.029898499998637362}, "total_time_ms": 0.05531069999804572, "successful_runs": 10, "config": {}}}, "complex_types": {"description": "Complex type handling", "results": {"serialization": {"mean": 4.442380000000412e-05, "min": 3.9587999999923795e-05, "max": 6.945199999819351e-05, "std": 8.909307738932023e-06, "mean_ms": 0.04442380000000412}, "deserialization": {"mean": 5.896419999942282e-05, "min": 5.764400000174419e-05, "max": 6.176000000124304e-05, "std": 1.3536659527228018e-06, "mean_ms": 0.05896419999942282}, "total_time_ms": 0.10338799999942694, "successful_runs": 10, "config": {}}}, "medium_dataset": {"description": "Medium-sized realistic dataset", "results": {"serialization": {"mean": 0.0007926454000013905, "min": 0.00077966900000348, "max": 0.0008148710000028814, "std": 1.1277210098479667e-05, "mean_ms": 0.7926454000013905}, "deserialization": {"mean": 0.0019363194000014516, "min": 0.0019094300000048747, "max": 0.0019718619999977705, "std": 1.6108629612173685e-05, "mean_ms": 1.9363194000014516}, "total_time_ms": 2.728964800002842, "successful_runs": 10, "config": {}}}}}, "api_fast": {"description": "Fast API responses", "datasets": {"small_objects": {"description": "Small API-style objects", "results": {"serialization": {"mean": 2.644669999867233e-05, "min": 2.3994999999388256e-05, "max": 4.0218999998842264e-05, "std": 4.910518032162688e-06, "mean_ms": 0.02644669999867233}, "deserialization": {"mean": 2.9866499998831843e-05, "min": 2.9061999995860788e-05, "max": 3.1346000000098684e-05, "std": 6.493460395838038e-07, "mean_ms": 0.02986649999883184}, "total_time_ms": 0.05631319999750417, "successful_runs": 10, "config": {"date_format": "unix", "custom_date_format": null, "uuid_format": "object", "parse_uuids": true, "dataframe_orient": "values", "datetime_output": "json_safe", "series_output": "json_safe", "dataframe_output": "json_safe", "numpy_output": "json_safe", "nan_handling": "null", "type_coercion": "safe", "preserve_decimals": false, "preserve_complex": false, "max_depth": 50, "max_size": 100000, "max_string_length": 1000000, "custom_serializers": null, "sort_keys": false, "ensure_ascii": false, "check_if_serialized": false, "include_type_hints": false, "auto_detect_types": false, "redact_fields": null, "redact_patterns": null, "redact_large_objects": false, "redaction_replacement": "<REDACTED>", "include_redaction_summary": false, "audit_trail": false, "cache_scope": "operation", "cache_size_limit": 1000, "cache_warn_on_limit": true, "cache_metrics_enabled": false}}}, "complex_types": {"description": "Complex type handling", "results": {"serialization": {"mean": 4.682649999878663e-05, "min": 4.5055000001070766e-05, "max": 5.030399999839119e-05, "std": 1.5045898842456208e-06, "mean_ms": 0.04682649999878663}, "deserialization": {"mean": 5.54901000022312e-05, "min": 5.3497999999763124e-05, "max": 6.915100000526309e-05, "std": 4.819947913405764e-06, "mean_ms": 0.0554901000022312}, "total_time_ms": 0.10231660000101783, "successful_runs": 10, "config": {"date_format": "unix", "custom_date_format": null, "uuid_format": "object", "parse_uuids": true, "dataframe_orient": "values", "datetime_output": "json_safe", "series_output": "json_safe", "dataframe_output": "json_safe", "numpy_output": "json_safe", "nan_handling": "null", "type_coercion": "safe", "preserve_decimals": false, "preserve_complex": false, "max_depth": 50, "max_size": 100000, "max_string_length": 1000000, "custom_serializers": null, "sort_keys": false, "ensure_ascii": false, "check_if_serialized": false, "include_type_hints": false, "auto_detect_types": false, "redact_fields": null, "redact_patterns": null, "redact_large_objects": false, "redaction_replacement": "<REDACTED>", "include_redaction_summary": false, "audit_trail": false, "cache_scope": "operation", "cache_size_limit": 1000, "cache_warn_on_limit": true, "cache_metrics_enabled": false}}}, "medium_dataset": {"description": "Medium-sized realistic dataset", "results": {"serialization": {"mean": 0.0008744807999995885, "min": 0.0008643130000010046, "max": 0.0008911130000015532, "std": 8.377388969797402e-06, "mean_ms": 0.8744807999995885}, "deserialization": {"mean": 0.0018320922000000905, "min": 0.0018168749999958322, "max": 0.0018388870000052293, "std": 7.033387107025332e-06, "mean_ms": 1.8320922000000905}, "total_time_ms": 2.706572999999679, "successful_runs": 10, "config": {"date_format": "unix", "custom_date_format": null, "uuid_format": "object", "parse_uuids": true, "dataframe_orient": "values", "datetime_output": "json_safe", "series_output": "json_safe", "dataframe_output": "json_safe", "numpy_output": "json_safe", "nan_handling": "null", "type_coercion": "safe", "preserve_decimals": false, "preserve_complex": false, "max_depth": 50, "max_size": 100000, "max_string_length": 1000000, "custom_serializers": null, "sort_keys": false, "ensure_ascii": false, "check_if_serialized": false, "include_type_hints": false, "auto_detect_types": false, "redact_fields": null, "redact_patterns": null, "redact_large_objects": false, "redaction_replacement": "<REDACTED>", "include_redaction_summary": false, "audit_trail": false, "cache_scope": "operation", "cache_size_limit": 1000, "cache_warn_on_limit": true, "cache_metrics_enabled": false}}}}}, "ml_training": {"description": "ML model serialization", "datasets": {"small_objects": {"description": "Small API-style objects", "results": {"serialization": {"mean": 2.7449300000625952e-05, "min": 2.4555999999620326e-05, "max": 4.526700000440087e-05, "std": 6.337419648927119e-06, "mean_ms": 0.027449300000625954}, "deserialization": {"mean": 3.063960000133647e-05, "min": 2.926300000183346e-05, "max": 3.725399999865431e-05, "std": 2.463039322807266e-06, "mean_ms": 0.030639600001336472}, "total_time_ms": 0.05808890000196242, "successful_runs": 10, "config": {"date_format": "unix_ms", "custom_date_format": null, "uuid_format": "object", "parse_uuids": true, "dataframe_orient": "records", "datetime_output": "json_safe", "series_output": "json_safe", "dataframe_output": "json_safe", "numpy_output": "json_safe", "nan_handling": "null", "type_coercion": "aggressive", "preserve_decimals": false, "preserve_complex": false, "max_depth": 50, "max_size": 100000, "max_string_length": 1000000, "custom_serializers": null, "sort_keys": true, "ensure_ascii": false, "check_if_serialized": false, "include_type_hints": true, "auto_detect_types": false, "redact_fields": null, "redact_patterns": null, "redact_large_objects": false, "redaction_replacement": "<REDACTED>", "include_redaction_summary": false, "audit_trail": false, "cache_scope": "operation", "cache_size_limit": 1000, "cache_warn_on_limit": true, "cache_metrics_enabled": false}}}, "complex_types": {"description": "Complex type handling", "results": {"serialization": {"mean": 5.2422600001023055e-05, "min": 4.996300000215115e-05, "max": 6.175000000041564e-05, "std": 3.5583858127975695e-06, "mean_ms": 0.052422600001023056}, "deserialization": {"mean": 5.7110299999862944e-05, "min": 5.45089999945958e-05, "max": 6.93310000059455e-05, "std": 4.374273403507271e-06, "mean_ms": 0.057110299999862946}, "total_time_ms": 0.109532900000886, "successful_runs": 10, "config": {"date_format": "unix_ms", "custom_date_format": null, "uuid_format": "object", "parse_uuids": true, "dataframe_orient": "records",