{"suite_type": "configurations", "metadata": {"timestamp": 1760930386.0602224, "python_version": "3.12.12", "datason_version": "0.13.0", "enhancement": "capability_based_testing_v1"}, "configurations": {"default": {"description": "Out-of-box experience", "datasets": {"small_objects": {"description": "Small API-style objects", "results": {"serialization": {"mean": 2.9882399999792142e-05, "min": 2.5286999999707405e-05, "max": 4.8500000005446964e-05, "std": 7.341625528943026e-06, "mean_ms": 0.029882399999792142}, "deserialization": {"mean": 3.3217799995099995e-05, "min": 3.176899998891258e-05, "max": 3.5144999998237836e-05, "std": 1.2155211786524284e-06, "mean_ms": 0.033217799995099995}, "total_time_ms": 0.06310019999489214, "successful_runs": 10, "config": {}}}, "complex_types": {"description": "Complex type handling", "results": {"serialization": {"mean": 5.166089999875112e-05, "min": 4.650600000388749e-05, "max": 7.934799999986808e-05, "std": 9.936293445838773e-06, "mean_ms": 0.05166089999875112}, "deserialization": {"mean": 6.63705000008008e-05, "min": 6.277699999657216e-05, "max": 7.602099999814982e-05, "std": 4.0311697307732984e-06, "mean_ms": 0.0663705000008008}, "total_time_ms": 0.11803139999955192, "successful_runs": 10, "config": {}}}, "medium_dataset": {"description": "Medium-sized realistic dataset", "results": {"serialization": {"mean": 0.0008330523000026346, "min": 0.000811790000000201, "max": 0.0008619729999992387, "std": 1.304822735446218e-05, "mean_ms": 0.8330523000026346}, "deserialization": {"mean": 0.002016490299997997, "min": 0.0020025750000058906, "max": 0.0020369479999970963, "std": 1.1592734410957265e-05, "mean_ms": 2.0164902999979972}, "total_time_ms": 2.849542600000632, "successful_runs": 10, "config": {}}}}}, "api_fast": {"description": "Fast API responses", "datasets": {"small_objects": {"description": "Small API-style objects", "results": {"serialization": {"mean": 2.8683300001830503e-05, "min": 2.7091000006862487e-05, "max": 3.184900000974267e-05, "std": 1.6122550150536633e-06, "mean_ms": 0.028683300001830503}, "deserialization": {"mean": 3.4273800000050866e-05, "min": 3.172899999981382e-05, "max": 4.82490000024427e-05, "std": 4.944641967455735e-06, "mean_ms": 0.03427380000005087}, "total_time_ms": 0.06295710000188137, "successful_runs": 10, "config": {"date_format": "unix", "custom_date_format": null, "uuid_format": "object", "parse_uuids": true, "dataframe_orient": "values", "datetime_output": "json_safe", "series_output": "json_safe", "dataframe_output": "json_safe", "numpy_output": "json_safe", "nan_handling": "null", "type_coercion": "safe", "preserve_decimals": false, "preserve_complex": false, "max_depth": 50, "max_size": 100000, "max_string_length": 1000000, "custom_serializers": null, "sort_keys": false, "ensure_ascii": false, "check_if_serialized": false, "include_type_hints": false, "auto_detect_types": false, "redact_fields": null, "redact_patterns": null, "redact_large_objects": false, "redaction_replacement": "<REDACTED>", "include_redaction_summary": false, "audit_trail": false, "cache_scope": "operation", "cache_size_limit": 1000, "cache_warn_on_limit": true, "cache_metrics_enabled": false}}}, "complex_types": {"description": "Complex type handling", "results": {"serialization": {"mean": 5.9033100001215644e-05, "min": 5.599399999312027e-05, "max": 6.362900001022354e-05, "std": 2.395579610821446e-06, "mean_ms": 0.059033100001215644}, "deserialization": {"mean": 6.372969999972611e-05, "min": 5.9441000004767375e-05, "max": 8.277400000622492e-05, "std": 7.831300093295128e-06, "mean_ms": 0.06372969999972611}, "total_time_ms": 0.12276280000094174, "successful_runs": 10, "config": {"date_format": "unix", "custom_date_format": null, "uuid_format": "object", "parse_uuids": true, "dataframe_orient": "values", "datetime_output": "json_safe", "series_output": "json_safe", "dataframe_output": "json_safe", "numpy_output": "json_safe", "nan_handling": "null", "type_coercion": "safe", "preserve_decimals": false, "preserve_complex": false, "max_depth": 50, "max_size": 100000, "max_string_length": 1000000, "custom_serializers": null, "sort_keys": false, "ensure_ascii": false, "check_if_serialized": false, "include_type_hints": false, "auto_detect_types": false, "redact_fields": null, "redact_patterns": null, "redact_large_objects": false, "redaction_replacement": "<REDACTED>", "include_redaction_summary": false, "audit_trail": false, "cache_scope": "operation", "cache_size_limit": 1000, "cache_warn_on_limit": true, "cache_metrics_enabled": false}}}, "medium_dataset": {"description": "Medium-sized realistic dataset", "results": {"serialization": {"mean": 0.000957373499998937, "min": 0.0009442759999984673, "max": 0.0009714169999881506, "std": 9.087137208455612e-06, "mean_ms": 0.957373499998937}, "deserialization": {"mean": 0.0019205199000012386, "min": 0.0019079980000071828, "max": 0.0019359610000009297, "std": 8.319917097311964e-06, "mean_ms": 1.9205199000012385}, "total_time_ms": 2.8778934000001755, "successful_runs": 10, "config": {"date_format": "unix", "custom_date_format": null, "uuid_format": "object", "parse_uuids": true, "dataframe_orient": "values", "datetime_output": "json_safe", "series_output": "json_safe", "dataframe_output": "json_safe", "numpy_output": "json_safe", "nan_handling": "null", "type_coercion": "safe", "preserve_decimals": false, "preserve_complex": false, "max_depth": 50, "max_size": 100000, "max_string_length": 1000000, "custom_serializers": null, "sort_keys": false, "ensure_ascii": false, "check_if_serialized": false, "include_type_hints": false, "auto_detect_types": false, "redact_fields": null, "redact_patterns": null, "redact_large_objects": false, "redaction_replacement": "<REDACTED>", "include_redaction_summary": false, "audit_trail": false, "cache_scope": "operation", "cache_size_limit": 1000, "cache_warn_on_limit": true, "cache_metrics_enabled": false}}}}}, "ml_training": {"description": "ML model serialization", "datasets": {"small_objects": {"description": "Small API-style objects", "results": {"serialization": {"mean": 2.866639999723475e-05, "min": 2.727999999763142e-05, "max": 3.409400000009555e-05, "std": 2.1791716682053174e-06, "mean_ms": 0.02866639999723475}, "deserialization": {"mean": 3.5895599999946626e-05, "min": 3.241000000286931e-05, "max": 6.232599999123067e-05, "std": 9.292367225474788e-06, "mean_ms": 0.035895599999946626}, "total_time_ms": 0.06456199999718137, "successful_runs": 10, "config": {"date_format": "unix_ms", "custom_date_format": null, "uuid_format": "object", "parse_uuids": true, "dataframe_orient": "records", "datetime_output": "json_safe", "series_output": "json_safe", "dataframe_output": "json_safe", "numpy_output": "json_safe", "nan_handling": "null", "type_coercion": "aggressive", "preserve_decimals": false, "preserve_complex": false, "max_depth": 50, "max_size": 100000, "max_string_length": 1000000, "custom_serializers": null, "sort_keys": true, "ensure_ascii": false, "check_if_serialized": false, "include_type_hints": true, "auto_detect_types": false, "redact_fields": null, "redact_patterns": null, "redact_large_objects": false, "redaction_replacement": "<REDACTED>", "include_redaction_summary": false, "audit_trail": false, "cache_scope": "operation", "cache_size_limit": 1000, "cache_warn_on_limit": true, "cache_metrics_enabled": false}}}, "complex_types": {"description": "Complex type handling", "results": {"serialization": {"mean": 7.041409999999359e-05, "min": 6.004200000120363e-05, "max": 0.00010671900000147616, "std": 1.3992173927380964e-05, "mean_ms": 0.0704140999999936}, "deserialization": {"mean": 6.935510000118938e-05, "min": 6.0933999989742915e-05, "max": 0.0001014390000051435, "std": 1.3406228924534675e-05, "mean_ms": 0.06935510000118938}, "total_time_ms": 0.13976920000118298, "successful_runs": 10, "config": {"date_format": "unix_ms", "custom_date_format": null, "uuid_format": "object", "parse_uuids": true, "dataframe_orient": "records",