{"suite_type": "configurations", "metadata": {"timestamp": 1781508480.79502, "python_version": "3.12.13", "datason_version": "0.13.0", "enhancement": "capability_based_testing_v1"}, "configurations": {"default": {"description": "Out-of-box experience", "datasets": {"small_objects": {"description": "Small API-style objects", "results": {"serialization": {"mean": 1.915249999910884e-05, "min": 1.7756000005419992e-05, "max": 2.4417000005882983e-05, "std": 2.056506761515018e-06, "mean_ms": 0.01915249999910884}, "deserialization": {"mean": 2.5059600001497984e-05, "min": 2.2874999999089596e-05, "max": 3.6776000001736975e-05, "std": 4.218951032859884e-06, "mean_ms": 0.025059600001497984}, "total_time_ms": 0.044212100000606824, "successful_runs": 10, "config": {}}}, "complex_types": {"description": "Complex type handling", "results": {"serialization": {"mean": 3.21842000019501e-05, "min": 3.00850000058972e-05, "max": 3.689499999381951e-05, "std": 2.101557769213009e-06, "mean_ms": 0.0321842000019501}, "deserialization": {"mean": 4.808110000027454e-05, "min": 4.4287000008580435e-05, "max": 6.864299999165269e-05, "std": 7.287721107334145e-06, "mean_ms": 0.048081100000274546}, "total_time_ms": 0.08026530000222465, "successful_runs": 10, "config": {}}}, "medium_dataset": {"description": "Medium-sized realistic dataset", "results": {"serialization": {"mean": 0.0006015782999995167, "min": 0.0005881419999980153, "max": 0.0006225840000126937, "std": 1.2902899755710136e-05, "mean_ms": 0.6015782999995167}, "deserialization": {"mean": 0.0015114777999983176, "min": 0.0015016020000047092, "max": 0.0015190179999962083, "std": 5.725583129440655e-06, "mean_ms": 1.5114777999983176}, "total_time_ms": 2.1130560999978343, "successful_runs": 10, "config": {}}}}}, "api_fast": {"description": "Fast API responses", "datasets": {"small_objects": {"description": "Small API-style objects", "results": {"serialization": {"mean": 2.1746800003086263e-05, "min": 1.8608000004860514e-05, "max": 3.3379999990756914e-05, "std": 5.4643487682048695e-06, "mean_ms": 0.021746800003086264}, "deserialization": {"mean": 2.5161599999989903e-05, "min": 2.2653999991462115e-05, "max": 3.710500000408956e-05, "std": 4.824313084084104e-06, "mean_ms": 0.025161599999989903}, "total_time_ms": 0.04690840000307617, "successful_runs": 10, "config": {"date_format": "unix", "custom_date_format": null, "uuid_format": "object", "parse_uuids": true, "dataframe_orient": "values", "datetime_output": "json_safe", "series_output": "json_safe", "dataframe_output": "json_safe", "numpy_output": "json_safe", "nan_handling": "null", "type_coercion": "safe", "preserve_decimals": false, "preserve_complex": false, "max_depth": 50, "max_size": 100000, "max_string_length": 1000000, "custom_serializers": null, "sort_keys": false, "ensure_ascii": false, "check_if_serialized": false, "include_type_hints": false, "auto_detect_types": false, "redact_fields": null, "redact_patterns": null, "redact_large_objects": false, "redaction_replacement": "<REDACTED>", "include_redaction_summary": false, "audit_trail": false, "cache_scope": "operation", "cache_size_limit": 1000, "cache_warn_on_limit": true, "cache_metrics_enabled": false}}}, "complex_types": {"description": "Complex type handling", "results": {"serialization": {"mean": 3.7590499998430006e-05, "min": 3.4722999998848536e-05, "max": 4.919299999528448e-05, "std": 4.364972500690864e-06, "mean_ms": 0.037590499998430005}, "deserialization": {"mean": 4.2715000002147005e-05, "min": 4.218300000502495e-05, "max": 4.3404999999552274e-05, "std": 4.531835531005398e-07, "mean_ms": 0.04271500000214701}, "total_time_ms": 0.08030550000057701, "successful_runs": 10, "config": {"date_format": "unix", "custom_date_format": null, "uuid_format": "object", "parse_uuids": true, "dataframe_orient": "values", "datetime_output": "json_safe", "series_output": "json_safe", "dataframe_output": "json_safe", "numpy_output": "json_safe", "nan_handling": "null", "type_coercion": "safe", "preserve_decimals": false, "preserve_complex": false, "max_depth": 50, "max_size": 100000, "max_string_length": 1000000, "custom_serializers": null, "sort_keys": false, "ensure_ascii": false, "check_if_serialized": false, "include_type_hints": false, "auto_detect_types": false, "redact_fields": null, "redact_patterns": null, "redact_large_objects": false, "redaction_replacement": "<REDACTED>", "include_redaction_summary": false, "audit_trail": false, "cache_scope": "operation", "cache_size_limit": 1000, "cache_warn_on_limit": true, "cache_metrics_enabled": false}}}, "medium_dataset": {"description": "Medium-sized realistic dataset", "results": {"serialization": {"mean": 0.0006805245999984777, "min": 0.0006598389999936671, "max": 0.0007561439999932418, "std": 2.7648684248036974e-05, "mean_ms": 0.6805245999984777}, "deserialization": {"mean": 0.0014533947000032299, "min": 0.0014329389999971909, "max": 0.0015135499999985313, "std": 2.2412792095416975e-05, "mean_ms": 1.45339470000323}, "total_time_ms": 2.1339193000017076, "successful_runs": 10, "config": {"date_format": "unix", "custom_date_format": null, "uuid_format": "object", "parse_uuids": true, "dataframe_orient": "values", "datetime_output": "json_safe", "series_output": "json_safe", "dataframe_output": "json_safe", "numpy_output": "json_safe", "nan_handling": "null", "type_coercion": "safe", "preserve_decimals": false, "preserve_complex": false, "max_depth": 50, "max_size": 100000, "max_string_length": 1000000, "custom_serializers": null, "sort_keys": false, "ensure_ascii": false, "check_if_serialized": false, "include_type_hints": false, "auto_detect_types": false, "redact_fields": null, "redact_patterns": null, "redact_large_objects": false, "redaction_replacement": "<REDACTED>", "include_redaction_summary": false, "audit_trail": false, "cache_scope": "operation", "cache_size_limit": 1000, "cache_warn_on_limit": true, "cache_metrics_enabled": false}}}}}, "ml_training": {"description": "ML model serialization", "datasets": {"small_objects": {"description": "Small API-style objects", "results": {"serialization": {"mean": 2.1627199998874858e-05, "min": 1.8917999994982893e-05, "max": 3.1926999994880134e-05, "std": 5.035067311119804e-06, "mean_ms": 0.021627199998874858}, "deserialization": {"mean": 2.506170000202701e-05, "min": 2.26129999987279e-05, "max": 3.674500000272474e-05, "std": 4.750162549274638e-06, "mean_ms": 0.02506170000202701}, "total_time_ms": 0.04668890000090187, "successful_runs": 10, "config": {"date_format": "unix_ms", "custom_date_format": null, "uuid_format": "object", "parse_uuids": true, "dataframe_orient": "records", "datetime_output": "json_safe", "series_output": "json_safe", "dataframe_output": "json_safe", "numpy_output": "json_safe", "nan_handling": "null", "type_coercion": "aggressive", "preserve_decimals": false, "preserve_complex": false, "max_depth": 50, "max_size": 100000, "max_string_length": 1000000, "custom_serializers": null, "sort_keys": true, "ensure_ascii": false, "check_if_serialized": false, "include_type_hints": true, "auto_detect_types": false, "redact_fields": null, "redact_patterns": null, "redact_large_objects": false, "redaction_replacement": "<REDACTED>", "include_redaction_summary": false, "audit_trail": false, "cache_scope": "operation", "cache_size_limit": 1000, "cache_warn_on_limit": true, "cache_metrics_enabled": false}}}, "complex_types": {"description": "Complex type handling", "results": {"serialization": {"mean": 4.007800000067618e-05, "min": 3.732599999750619e-05, "max": 4.950400000325317e-05, "std": 3.852499910456291e-06, "mean_ms": 0.040078000000676184}, "deserialization": {"mean": 4.318789999473438e-05, "min": 4.17429999970409e-05, "max": 4.460699999242479e-05, "std": 8.180864456744921e-07, "mean_ms": 0.04318789999473438}, "total_time_ms": 0.08326589999541056, "successful_runs": 10, "config": {"date_format": "unix_ms", "custom_date_format": null, "uuid_format": "object", "parse_uuids": true, "dataframe_orient": "records",