{"suite_type": "configurations", "metadata": {"timestamp": 1777873208.4313586, "python_version": "3.12.13", "datason_version": "0.13.0", "enhancement": "capability_based_testing_v1"}, "configurations": {"default": {"description": "Out-of-box experience", "datasets": {"small_objects": {"description": "Small API-style objects", "results": {"serialization": {"mean": 2.7496299998119868e-05, "min": 2.4855999981809873e-05, "max": 3.264100001842962e-05, "std": 2.7178390135488456e-06, "mean_ms": 0.027496299998119866}, "deserialization": {"mean": 3.52391000035368e-05, "min": 3.111799998123388e-05, "max": 5.894000003081601e-05, "std": 8.42890976611784e-06, "mean_ms": 0.035239100003536805}, "total_time_ms": 0.06273540000165667, "successful_runs": 10, "config": {}}}, "complex_types": {"description": "Complex type handling", "results": {"serialization": {"mean": 4.980940000791634e-05, "min": 4.579599999487982e-05, "max": 6.239699996513082e-05, "std": 5.395935032148925e-06, "mean_ms": 0.04980940000791634}, "deserialization": {"mean": 6.458479999764677e-05, "min": 6.285699998898053e-05, "max": 6.727600003841872e-05, "std": 1.434513541234877e-06, "mean_ms": 0.06458479999764677}, "total_time_ms": 0.11439420000556311, "successful_runs": 10, "config": {}}}, "medium_dataset": {"description": "Medium-sized realistic dataset", "results": {"serialization": {"mean": 0.0008187942999995812, "min": 0.0008019100000069557, "max": 0.0008350819999805026, "std": 1.0518294635132195e-05, "mean_ms": 0.8187942999995812}, "deserialization": {"mean": 0.00200282780000407, "min": 0.0019812349999597245, "max": 0.00202916500001038, "std": 1.604067102108587e-05, "mean_ms": 2.00282780000407}, "total_time_ms": 2.821622100003651, "successful_runs": 10, "config": {}}}}}, "api_fast": {"description": "Fast API responses", "datasets": {"small_objects": {"description": "Small API-style objects", "results": {"serialization": {"mean": 2.7632700005142395e-05, "min": 2.6218000016342558e-05, "max": 3.065800001422758e-05, "std": 1.3263134431854368e-06, "mean_ms": 0.027632700005142397}, "deserialization": {"mean": 3.242269999077507e-05, "min": 3.1760000013036915e-05, "max": 3.4063999976297055e-05, "std": 7.660208906148652e-07, "mean_ms": 0.03242269999077507}, "total_time_ms": 0.06005539999591746, "successful_runs": 10, "config": {"date_format": "unix", "custom_date_format": null, "uuid_format": "object", "parse_uuids": true, "dataframe_orient": "values", "datetime_output": "json_safe", "series_output": "json_safe", "dataframe_output": "json_safe", "numpy_output": "json_safe", "nan_handling": "null", "type_coercion": "safe", "preserve_decimals": false, "preserve_complex": false, "max_depth": 50, "max_size": 100000, "max_string_length": 1000000, "custom_serializers": null, "sort_keys": false, "ensure_ascii": false, "check_if_serialized": false, "include_type_hints": false, "auto_detect_types": false, "redact_fields": null, "redact_patterns": null, "redact_large_objects": false, "redaction_replacement": "<REDACTED>", "include_redaction_summary": false, "audit_trail": false, "cache_scope": "operation", "cache_size_limit": 1000, "cache_warn_on_limit": true, "cache_metrics_enabled": false}}}, "complex_types": {"description": "Complex type handling", "results": {"serialization": {"mean": 5.732700000180557e-05, "min": 5.2697999990414246e-05, "max": 7.740400002376191e-05, "std": 7.490091548889001e-06, "mean_ms": 0.05732700000180557}, "deserialization": {"mean": 5.9445299996241374e-05, "min": 5.835900003603456e-05, "max": 6.239699996513082e-05, "std": 1.1709181519057223e-06, "mean_ms": 0.059445299996241374}, "total_time_ms": 0.11677229999804695, "successful_runs": 10, "config": {"date_format": "unix", "custom_date_format": null, "uuid_format": "object", "parse_uuids": true, "dataframe_orient": "values", "datetime_output": "json_safe", "series_output": "json_safe", "dataframe_output": "json_safe", "numpy_output": "json_safe", "nan_handling": "null", "type_coercion": "safe", "preserve_decimals": false, "preserve_complex": false, "max_depth": 50, "max_size": 100000, "max_string_length": 1000000, "custom_serializers": null, "sort_keys": false, "ensure_ascii": false, "check_if_serialized": false, "include_type_hints": false, "auto_detect_types": false, "redact_fields": null, "redact_patterns": null, "redact_large_objects": false, "redaction_replacement": "<REDACTED>", "include_redaction_summary": false, "audit_trail": false, "cache_scope": "operation", "cache_size_limit": 1000, "cache_warn_on_limit": true, "cache_metrics_enabled": false}}}, "medium_dataset": {"description": "Medium-sized realistic dataset", "results": {"serialization": {"mean": 0.0009266810999918107, "min": 0.0009034099999780665, "max": 0.0009446660000094198, "std": 1.2039647460233806e-05, "mean_ms": 0.9266810999918107}, "deserialization": {"mean": 0.0019141377999972065, "min": 0.001886778000027789, "max": 0.002005860999986453, "std": 3.7186057931197985e-05, "mean_ms": 1.9141377999972065}, "total_time_ms": 2.840818899989017, "successful_runs": 10, "config": {"date_format": "unix", "custom_date_format": null, "uuid_format": "object", "parse_uuids": true, "dataframe_orient": "values", "datetime_output": "json_safe", "series_output": "json_safe", "dataframe_output": "json_safe", "numpy_output": "json_safe", "nan_handling": "null", "type_coercion": "safe", "preserve_decimals": false, "preserve_complex": false, "max_depth": 50, "max_size": 100000, "max_string_length": 1000000, "custom_serializers": null, "sort_keys": false, "ensure_ascii": false, "check_if_serialized": false, "include_type_hints": false, "auto_detect_types": false, "redact_fields": null, "redact_patterns": null, "redact_large_objects": false, "redaction_replacement": "<REDACTED>", "include_redaction_summary": false, "audit_trail": false, "cache_scope": "operation", "cache_size_limit": 1000, "cache_warn_on_limit": true, "cache_metrics_enabled": false}}}}}, "ml_training": {"description": "ML model serialization", "datasets": {"small_objects": {"description": "Small API-style objects", "results": {"serialization": {"mean": 2.986779999787359e-05, "min": 2.6219000005767157e-05, "max": 4.577499998958956e-05, "std": 5.7774064458483055e-06, "mean_ms": 0.02986779999787359}, "deserialization": {"mean": 3.2887499997968916e-05, "min": 3.164900005003801e-05, "max": 3.666800000701187e-05, "std": 1.4353490657164804e-06, "mean_ms": 0.032887499997968916}, "total_time_ms": 0.0627552999958425, "successful_runs": 10, "config": {"date_format": "unix_ms", "custom_date_format": null, "uuid_format": "object", "parse_uuids": true, "dataframe_orient": "records", "datetime_output": "json_safe", "series_output": "json_safe", "dataframe_output": "json_safe", "numpy_output": "json_safe", "nan_handling": "null", "type_coercion": "aggressive", "preserve_decimals": false, "preserve_complex": false, "max_depth": 50, "max_size": 100000, "max_string_length": 1000000, "custom_serializers": null, "sort_keys": true, "ensure_ascii": false, "check_if_serialized": false, "include_type_hints": true, "auto_detect_types": false, "redact_fields": null, "redact_patterns": null, "redact_large_objects": false, "redaction_replacement": "<REDACTED>", "include_redaction_summary": false, "audit_trail": false, "cache_scope": "operation", "cache_size_limit": 1000, "cache_warn_on_limit": true, "cache_metrics_enabled": false}}}, "complex_types": {"description": "Complex type handling", "results": {"serialization": {"mean": 6.0798699996666984e-05, "min": 5.652599998029473e-05, "max": 7.766499999206644e-05, "std": 6.3423789783010645e-06, "mean_ms": 0.06079869999666698}, "deserialization": {"mean": 6.208600000263686e-05, "min": 6.092400002444265e-05, "max": 6.347800001549331e-05, "std": 8.98642176592931e-07, "mean_ms": 0.062086000002636865}, "total_time_ms": 0.12288469999930385, "successful_runs": 10, "config": {"date_format": "unix_ms", "custom_date_format": null, "uuid_format": "object", "parse_uuids": true, "dataframe_orient": "records",