{"suite_type": "configurations", "metadata": {"timestamp": 1782716200.086597, "python_version": "3.12.13", "datason_version": "0.13.0", "enhancement": "capability_based_testing_v1"}, "configurations": {"default": {"description": "Out-of-box experience", "datasets": {"small_objects": {"description": "Small API-style objects", "results": {"serialization": {"mean": 2.7746799992200978e-05, "min": 2.5317000108771026e-05, "max": 3.311099999336875e-05, "std": 2.7733461647237595e-06, "mean_ms": 0.027746799992200977}, "deserialization": {"mean": 3.7563099954240894e-05, "min": 3.326199998809898e-05, "max": 6.348900001285074e-05, "std": 9.194519956278485e-06, "mean_ms": 0.0375630999542409}, "total_time_ms": 0.06530989994644187, "successful_runs": 10, "config": {}}}, "complex_types": {"description": "Complex type handling", "results": {"serialization": {"mean": 5.639249993691919e-05, "min": 4.7137999899860006e-05, "max": 8.298500006276299e-05, "std": 1.1875668396325025e-05, "mean_ms": 0.056392499936919194}, "deserialization": {"mean": 6.833479994838854e-05, "min": 6.542300002365664e-05, "max": 7.90579999829788e-05, "std": 4.149229468596295e-06, "mean_ms": 0.06833479994838854}, "total_time_ms": 0.12472729988530773, "successful_runs": 10, "config": {}}}, "medium_dataset": {"description": "Medium-sized realistic dataset", "results": {"serialization": {"mean": 0.0008240486999966379, "min": 0.0007989629998519376, "max": 0.0008452490001218393, "std": 1.535527616658053e-05, "mean_ms": 0.8240486999966379}, "deserialization": {"mean": 0.0020377582000037364, "min": 0.0020218170000134705, "max": 0.0020571840000229713, "std": 1.1945676187582018e-05, "mean_ms": 2.0377582000037364}, "total_time_ms": 2.8618069000003743, "successful_runs": 10, "config": {}}}}}, "api_fast": {"description": "Fast API responses", "datasets": {"small_objects": {"description": "Small API-style objects", "results": {"serialization": {"mean": 3.072649997193366e-05, "min": 2.666000000317581e-05, "max": 5.3941000032864395e-05, "std": 8.365744061836447e-06, "mean_ms": 0.030726499971933663}, "deserialization": {"mean": 3.4321199996156794e-05, "min": 3.244100003030326e-05, "max": 4.239999998389976e-05, "std": 2.9260370060461152e-06, "mean_ms": 0.03432119999615679}, "total_time_ms": 0.06504769996809046, "successful_runs": 10, "config": {"date_format": "unix", "custom_date_format": null, "uuid_format": "object", "parse_uuids": true, "dataframe_orient": "values", "datetime_output": "json_safe", "series_output": "json_safe", "dataframe_output": "json_safe", "numpy_output": "json_safe", "nan_handling": "null", "type_coercion": "safe", "preserve_decimals": false, "preserve_complex": false, "max_depth": 50, "max_size": 100000, "max_string_length": 1000000, "custom_serializers": null, "sort_keys": false, "ensure_ascii": false, "check_if_serialized": false, "include_type_hints": false, "auto_detect_types": false, "redact_fields": null, "redact_patterns": null, "redact_large_objects": false, "redaction_replacement": "<REDACTED>", "include_redaction_summary": false, "audit_trail": false, "cache_scope": "operation", "cache_size_limit": 1000, "cache_warn_on_limit": true, "cache_metrics_enabled": false}}}, "complex_types": {"description": "Complex type handling", "results": {"serialization": {"mean": 5.976659999760159e-05, "min": 5.365000015444821e-05, "max": 8.400599995184166e-05, "std": 9.101379867943966e-06, "mean_ms": 0.05976659999760159}, "deserialization": {"mean": 6.096379997870827e-05, "min": 5.953100003353029e-05, "max": 6.585300002370786e-05, "std": 1.9356928905851983e-06, "mean_ms": 0.060963799978708266}, "total_time_ms": 0.12073039997630985, "successful_runs": 10, "config": {"date_format": "unix", "custom_date_format": null, "uuid_format": "object", "parse_uuids": true, "dataframe_orient": "values", "datetime_output": "json_safe", "series_output": "json_safe", "dataframe_output": "json_safe", "numpy_output": "json_safe", "nan_handling": "null", "type_coercion": "safe", "preserve_decimals": false, "preserve_complex": false, "max_depth": 50, "max_size": 100000, "max_string_length": 1000000, "custom_serializers": null, "sort_keys": false, "ensure_ascii": false, "check_if_serialized": false, "include_type_hints": false, "auto_detect_types": false, "redact_fields": null, "redact_patterns": null, "redact_large_objects": false, "redaction_replacement": "<REDACTED>", "include_redaction_summary": false, "audit_trail": false, "cache_scope": "operation", "cache_size_limit": 1000, "cache_warn_on_limit": true, "cache_metrics_enabled": false}}}, "medium_dataset": {"description": "Medium-sized realistic dataset", "results": {"serialization": {"mean": 0.0009468874000276628, "min": 0.0009321009999894159, "max": 0.0009855220000645204, "std": 1.593033212843776e-05, "mean_ms": 0.9468874000276628}, "deserialization": {"mean": 0.001964569699975982, "min": 0.001948189999893657, "max": 0.0019835660000353528, "std": 1.0271103295784394e-05, "mean_ms": 1.9645696999759819}, "total_time_ms": 2.911457100003645, "successful_runs": 10, "config": {"date_format": "unix", "custom_date_format": null, "uuid_format": "object", "parse_uuids": true, "dataframe_orient": "values", "datetime_output": "json_safe", "series_output": "json_safe", "dataframe_output": "json_safe", "numpy_output": "json_safe", "nan_handling": "null", "type_coercion": "safe", "preserve_decimals": false, "preserve_complex": false, "max_depth": 50, "max_size": 100000, "max_string_length": 1000000, "custom_serializers": null, "sort_keys": false, "ensure_ascii": false, "check_if_serialized": false, "include_type_hints": false, "auto_detect_types": false, "redact_fields": null, "redact_patterns": null, "redact_large_objects": false, "redaction_replacement": "<REDACTED>", "include_redaction_summary": false, "audit_trail": false, "cache_scope": "operation", "cache_size_limit": 1000, "cache_warn_on_limit": true, "cache_metrics_enabled": false}}}}}, "ml_training": {"description": "ML model serialization", "datasets": {"small_objects": {"description": "Small API-style objects", "results": {"serialization": {"mean": 2.8747800001838186e-05, "min": 2.7501999966261792e-05, "max": 3.141900015179999e-05, "std": 1.1782853923186061e-06, "mean_ms": 0.028747800001838186}, "deserialization": {"mean": 3.511660004278383e-05, "min": 3.251099997214624e-05, "max": 5.324900007508404e-05, "std": 6.387767508972705e-06, "mean_ms": 0.03511660004278383}, "total_time_ms": 0.06386440004462202, "successful_runs": 10, "config": {"date_format": "unix_ms", "custom_date_format": null, "uuid_format": "object", "parse_uuids": true, "dataframe_orient": "records", "datetime_output": "json_safe", "series_output": "json_safe", "dataframe_output": "json_safe", "numpy_output": "json_safe", "nan_handling": "null", "type_coercion": "aggressive", "preserve_decimals": false, "preserve_complex": false, "max_depth": 50, "max_size": 100000, "max_string_length": 1000000, "custom_serializers": null, "sort_keys": true, "ensure_ascii": false, "check_if_serialized": false, "include_type_hints": true, "auto_detect_types": false, "redact_fields": null, "redact_patterns": null, "redact_large_objects": false, "redaction_replacement": "<REDACTED>", "include_redaction_summary": false, "audit_trail": false, "cache_scope": "operation", "cache_size_limit": 1000, "cache_warn_on_limit": true, "cache_metrics_enabled": false}}}, "complex_types": {"description": "Complex type handling", "results": {"serialization": {"mean": 6.337549993986613e-05, "min": 5.863000001227192e-05, "max": 8.167300006789446e-05, "std": 6.6467345460297275e-06, "mean_ms": 0.06337549993986613}, "deserialization": {"mean": 6.258870000692695e-05, "min": 6.132399994385196e-05, "max": 6.634400006078067e-05, "std": 1.4913465455499139e-06, "mean_ms": 0.06258870000692696}, "total_time_ms": 0.12596419994679306, "successful_runs": 10, "config": {"date_format": "unix_ms", "custom_date_format": null, "uuid_format": "object", "parse_uuids": true, "dataframe_orient": "records",