{"suite_type": "configurations", "metadata": {"timestamp": 1761535442.9889054, "python_version": "3.12.11", "datason_version": "0.13.0", "enhancement": "capability_based_testing_v1"}, "configurations": {"default": {"description": "Out-of-box experience", "datasets": {"small_objects": {"description": "Small API-style objects", "results": {"serialization": {"mean": 2.5977800002863206e-05, "min": 2.4225000004207686e-05, "max": 3.151900000375463e-05, "std": 2.3747234599239126e-06, "mean_ms": 0.025977800002863205}, "deserialization": {"mean": 3.215029999807939e-05, "min": 3.0797999997389525e-05, "max": 3.577699999368633e-05, "std": 1.5134400848515672e-06, "mean_ms": 0.03215029999807939}, "total_time_ms": 0.058128100000942595, "successful_runs": 10, "config": {}}}, "complex_types": {"description": "Complex type handling", "results": {"serialization": {"mean": 4.917210000314754e-05, "min": 4.5203999988530086e-05, "max": 6.671500000265951e-05, "std": 6.321796764407628e-06, "mean_ms": 0.049172100003147534}, "deserialization": {"mean": 6.465900000165447e-05, "min": 6.299799998998878e-05, "max": 6.682499999044467e-05, "std": 1.222920364556044e-06, "mean_ms": 0.06465900000165448}, "total_time_ms": 0.11383110000480201, "successful_runs": 10, "config": {}}}, "medium_dataset": {"description": "Medium-sized realistic dataset", "results": {"serialization": {"mean": 0.0008185126000014975, "min": 0.0008009900000018888, "max": 0.0008333609999908731, "std": 1.0240089008940406e-05, "mean_ms": 0.8185126000014975}, "deserialization": {"mean": 0.0019751293999973997, "min": 0.001963085999989289, "max": 0.0019858280000022432, "std": 6.9467464046929256e-06, "mean_ms": 1.9751293999973998}, "total_time_ms": 2.7936419999988975, "successful_runs": 10, "config": {}}}}}, "api_fast": {"description": "Fast API responses", "datasets": {"small_objects": {"description": "Small API-style objects", "results": {"serialization": {"mean": 2.99449000038976e-05, "min": 2.5997999998139676e-05, "max": 3.923299999541996e-05, "std": 4.634146676371773e-06, "mean_ms": 0.0299449000038976}, "deserialization": {"mean": 3.309790000258772e-05, "min": 3.1048999986182935e-05, "max": 4.416200000889603e-05, "std": 3.9332105785475195e-06, "mean_ms": 0.03309790000258772}, "total_time_ms": 0.06304280000648532, "successful_runs": 10, "config": {"date_format": "unix", "custom_date_format": null, "uuid_format": "object", "parse_uuids": true, "dataframe_orient": "values", "datetime_output": "json_safe", "series_output": "json_safe", "dataframe_output": "json_safe", "numpy_output": "json_safe", "nan_handling": "null", "type_coercion": "safe", "preserve_decimals": false, "preserve_complex": false, "max_depth": 50, "max_size": 100000, "max_string_length": 1000000, "custom_serializers": null, "sort_keys": false, "ensure_ascii": false, "check_if_serialized": false, "include_type_hints": false, "auto_detect_types": false, "redact_fields": null, "redact_patterns": null, "redact_large_objects": false, "redaction_replacement": "<REDACTED>", "include_redaction_summary": false, "audit_trail": false, "cache_scope": "operation", "cache_size_limit": 1000, "cache_warn_on_limit": true, "cache_metrics_enabled": false}}}, "complex_types": {"description": "Complex type handling", "results": {"serialization": {"mean": 5.640560000017558e-05, "min": 5.2088000003891466e-05, "max": 6.312800000785046e-05, "std": 4.010065261693779e-06, "mean_ms": 0.05640560000017558}, "deserialization": {"mean": 6.043820000058986e-05, "min": 5.773899999894638e-05, "max": 7.557099999644379e-05, "std": 5.387724210069123e-06, "mean_ms": 0.06043820000058986}, "total_time_ms": 0.11684380000076544, "successful_runs": 10, "config": {"date_format": "unix", "custom_date_format": null, "uuid_format": "object", "parse_uuids": true, "dataframe_orient": "values", "datetime_output": "json_safe", "series_output": "json_safe", "dataframe_output": "json_safe", "numpy_output": "json_safe", "nan_handling": "null", "type_coercion": "safe", "preserve_decimals": false, "preserve_complex": false, "max_depth": 50, "max_size": 100000, "max_string_length": 1000000, "custom_serializers": null, "sort_keys": false, "ensure_ascii": false, "check_if_serialized": false, "include_type_hints": false, "auto_detect_types": false, "redact_fields": null, "redact_patterns": null, "redact_large_objects": false, "redaction_replacement": "<REDACTED>", "include_redaction_summary": false, "audit_trail": false, "cache_scope": "operation", "cache_size_limit": 1000, "cache_warn_on_limit": true, "cache_metrics_enabled": false}}}, "medium_dataset": {"description": "Medium-sized realistic dataset", "results": {"serialization": {"mean": 0.0009287181000004807, "min": 0.0009013279999976476, "max": 0.0009584350000011455, "std": 1.621883090980905e-05, "mean_ms": 0.9287181000004807}, "deserialization": {"mean": 0.0018955837000007136, "min": 0.0018822939999978416, "max": 0.0019330800000005866, "std": 1.440229130684842e-05, "mean_ms": 1.8955837000007136}, "total_time_ms": 2.8243018000011944, "successful_runs": 10, "config": {"date_format": "unix", "custom_date_format": null, "uuid_format": "object", "parse_uuids": true, "dataframe_orient": "values", "datetime_output": "json_safe", "series_output": "json_safe", "dataframe_output": "json_safe", "numpy_output": "json_safe", "nan_handling": "null", "type_coercion": "safe", "preserve_decimals": false, "preserve_complex": false, "max_depth": 50, "max_size": 100000, "max_string_length": 1000000, "custom_serializers": null, "sort_keys": false, "ensure_ascii": false, "check_if_serialized": false, "include_type_hints": false, "auto_detect_types": false, "redact_fields": null, "redact_patterns": null, "redact_large_objects": false, "redaction_replacement": "<REDACTED>", "include_redaction_summary": false, "audit_trail": false, "cache_scope": "operation", "cache_size_limit": 1000, "cache_warn_on_limit": true, "cache_metrics_enabled": false}}}}}, "ml_training": {"description": "ML model serialization", "datasets": {"small_objects": {"description": "Small API-style objects", "results": {"serialization": {"mean": 2.7248100001031616e-05, "min": 2.6208999997834326e-05, "max": 2.9374999996889528e-05, "std": 9.884932917310926e-07, "mean_ms": 0.027248100001031617}, "deserialization": {"mean": 3.35836999980188e-05, "min": 3.163899999947262e-05, "max": 4.660700000158613e-05, "std": 4.590885368308374e-06, "mean_ms": 0.0335836999980188}, "total_time_ms": 0.06083179999905042, "successful_runs": 10, "config": {"date_format": "unix_ms", "custom_date_format": null, "uuid_format": "object", "parse_uuids": true, "dataframe_orient": "records", "datetime_output": "json_safe", "series_output": "json_safe", "dataframe_output": "json_safe", "numpy_output": "json_safe", "nan_handling": "null", "type_coercion": "aggressive", "preserve_decimals": false, "preserve_complex": false, "max_depth": 50, "max_size": 100000, "max_string_length": 1000000, "custom_serializers": null, "sort_keys": true, "ensure_ascii": false, "check_if_serialized": false, "include_type_hints": true, "auto_detect_types": false, "redact_fields": null, "redact_patterns": null, "redact_large_objects": false, "redaction_replacement": "<REDACTED>", "include_redaction_summary": false, "audit_trail": false, "cache_scope": "operation", "cache_size_limit": 1000, "cache_warn_on_limit": true, "cache_metrics_enabled": false}}}, "complex_types": {"description": "Complex type handling", "results": {"serialization": {"mean": 5.8468499999264624e-05, "min": 5.71470000068075e-05, "max": 6.157599999312424e-05, "std": 1.4953424166230033e-06, "mean_ms": 0.05846849999926462}, "deserialization": {"mean": 6.246179999749301e-05, "min": 6.0113000003525485e-05, "max": 7.697399999528898e-05, "std": 5.111781767194022e-06, "mean_ms": 0.06246179999749301}, "total_time_ms": 0.12093029999675763, "successful_runs": 10, "config": {"date_format": "unix_ms", "custom_date_format": null, "uuid_format": "object", "parse_uuids": true, "dataframe_orient": "records",