{"suite_type": "configurations", "metadata": {"timestamp": 1764561309.6183293, "python_version": "3.12.12", "datason_version": "0.13.0", "enhancement": "capability_based_testing_v1"}, "configurations": {"default": {"description": "Out-of-box experience", "datasets": {"small_objects": {"description": "Small API-style objects", "results": {"serialization": {"mean": 2.6881400000888788e-05, "min": 2.4907000010898628e-05, "max": 3.1958999997527826e-05, "std": 2.083462938558576e-06, "mean_ms": 0.02688140000088879}, "deserialization": {"mean": 3.2392599997876914e-05, "min": 3.1458999998790205e-05, "max": 3.4553999995523554e-05, "std": 9.644583058960428e-07, "mean_ms": 0.032392599997876914}, "total_time_ms": 0.0592739999987657, "successful_runs": 10, "config": {}}}, "complex_types": {"description": "Complex type handling", "results": {"serialization": {"mean": 4.87160000020026e-05, "min": 4.683699999930013e-05, "max": 5.278800000496631e-05, "std": 2.0976108108666948e-06, "mean_ms": 0.0487160000020026}, "deserialization": {"mean": 6.613930000014534e-05, "min": 6.307799999660801e-05, "max": 8.089099999608607e-05, "std": 5.421237210648207e-06, "mean_ms": 0.06613930000014534}, "total_time_ms": 0.11485530000214794, "successful_runs": 10, "config": {}}}, "medium_dataset": {"description": "Medium-sized realistic dataset", "results": {"serialization": {"mean": 0.000821837200000175, "min": 0.0008102420000000166, "max": 0.0008422530000018469, "std": 9.002072598998657e-06, "mean_ms": 0.821837200000175}, "deserialization": {"mean": 0.002026600299998904, "min": 0.0019852359999958935, "max": 0.0022138829999960308, "std": 6.697234179616984e-05, "mean_ms": 2.026600299998904}, "total_time_ms": 2.848437499999079, "successful_runs": 10, "config": {}}}}}, "api_fast": {"description": "Fast API responses", "datasets": {"small_objects": {"description": "Small API-style objects", "results": {"serialization": {"mean": 2.9354699996986255e-05, "min": 2.604899999880672e-05, "max": 4.692699999964134e-05, "std": 6.286218189701765e-06, "mean_ms": 0.029354699996986255}, "deserialization": {"mean": 3.236839999942731e-05, "min": 3.1297999996127146e-05, "max": 3.533599999627768e-05, "std": 1.2003898613321565e-06, "mean_ms": 0.03236839999942731}, "total_time_ms": 0.061723099996413566, "successful_runs": 10, "config": {"date_format": "unix", "custom_date_format": null, "uuid_format": "object", "parse_uuids": true, "dataframe_orient": "values", "datetime_output": "json_safe", "series_output": "json_safe", "dataframe_output": "json_safe", "numpy_output": "json_safe", "nan_handling": "null", "type_coercion": "safe", "preserve_decimals": false, "preserve_complex": false, "max_depth": 50, "max_size": 100000, "max_string_length": 1000000, "custom_serializers": null, "sort_keys": false, "ensure_ascii": false, "check_if_serialized": false, "include_type_hints": false, "auto_detect_types": false, "redact_fields": null, "redact_patterns": null, "redact_large_objects": false, "redaction_replacement": "<REDACTED>", "include_redaction_summary": false, "audit_trail": false, "cache_scope": "operation", "cache_size_limit": 1000, "cache_warn_on_limit": true, "cache_metrics_enabled": false}}}, "complex_types": {"description": "Complex type handling", "results": {"serialization": {"mean": 6.103170000102409e-05, "min": 5.590399999277906e-05, "max": 9.124999999698957e-05, "std": 1.0779741822034237e-05, "mean_ms": 0.06103170000102409}, "deserialization": {"mean": 5.99497999957066e-05, "min": 5.9079999999767097e-05, "max": 6.280699999194894e-05, "std": 1.1442556800893537e-06, "mean_ms": 0.0599497999957066}, "total_time_ms": 0.12098149999673069, "successful_runs": 10, "config": {"date_format": "unix", "custom_date_format": null, "uuid_format": "object", "parse_uuids": true, "dataframe_orient": "values", "datetime_output": "json_safe", "series_output": "json_safe", "dataframe_output": "json_safe", "numpy_output": "json_safe", "nan_handling": "null", "type_coercion": "safe", "preserve_decimals": false, "preserve_complex": false, "max_depth": 50, "max_size": 100000, "max_string_length": 1000000, "custom_serializers": null, "sort_keys": false, "ensure_ascii": false, "check_if_serialized": false, "include_type_hints": false, "auto_detect_types": false, "redact_fields": null, "redact_patterns": null, "redact_large_objects": false, "redaction_replacement": "<REDACTED>", "include_redaction_summary": false, "audit_trail": false, "cache_scope": "operation", "cache_size_limit": 1000, "cache_warn_on_limit": true, "cache_metrics_enabled": false}}}, "medium_dataset": {"description": "Medium-sized realistic dataset", "results": {"serialization": {"mean": 0.0009392664999992917, "min": 0.0009215509999904725, "max": 0.0009654520000026423, "std": 1.399704632187924e-05, "mean_ms": 0.9392664999992917}, "deserialization": {"mean": 0.0018903659000002904, "min": 0.001878496000003338, "max": 0.0019041540000017676, "std": 8.092709290000782e-06, "mean_ms": 1.8903659000002904}, "total_time_ms": 2.829632399999582, "successful_runs": 10, "config": {"date_format": "unix", "custom_date_format": null, "uuid_format": "object", "parse_uuids": true, "dataframe_orient": "values", "datetime_output": "json_safe", "series_output": "json_safe", "dataframe_output": "json_safe", "numpy_output": "json_safe", "nan_handling": "null", "type_coercion": "safe", "preserve_decimals": false, "preserve_complex": false, "max_depth": 50, "max_size": 100000, "max_string_length": 1000000, "custom_serializers": null, "sort_keys": false, "ensure_ascii": false, "check_if_serialized": false, "include_type_hints": false, "auto_detect_types": false, "redact_fields": null, "redact_patterns": null, "redact_large_objects": false, "redaction_replacement": "<REDACTED>", "include_redaction_summary": false, "audit_trail": false, "cache_scope": "operation", "cache_size_limit": 1000, "cache_warn_on_limit": true, "cache_metrics_enabled": false}}}}}, "ml_training": {"description": "ML model serialization", "datasets": {"small_objects": {"description": "Small API-style objects", "results": {"serialization": {"mean": 3.4115600000461656e-05, "min": 2.6989999994952996e-05, "max": 5.3069000003347355e-05, "std": 9.68716689835313e-06, "mean_ms": 0.034115600000461654}, "deserialization": {"mean": 3.547439999636026e-05, "min": 3.198899999290461e-05, "max": 5.6755999992219586e-05, "std": 7.557056306995741e-06, "mean_ms": 0.03547439999636026}, "total_time_ms": 0.06958999999682192, "successful_runs": 10, "config": {"date_format": "unix_ms", "custom_date_format": null, "uuid_format": "object", "parse_uuids": true, "dataframe_orient": "records", "datetime_output": "json_safe", "series_output": "json_safe", "dataframe_output": "json_safe", "numpy_output": "json_safe", "nan_handling": "null", "type_coercion": "aggressive", "preserve_decimals": false, "preserve_complex": false, "max_depth": 50, "max_size": 100000, "max_string_length": 1000000, "custom_serializers": null, "sort_keys": true, "ensure_ascii": false, "check_if_serialized": false, "include_type_hints": true, "auto_detect_types": false, "redact_fields": null, "redact_patterns": null, "redact_large_objects": false, "redaction_replacement": "<REDACTED>", "include_redaction_summary": false, "audit_trail": false, "cache_scope": "operation", "cache_size_limit": 1000, "cache_warn_on_limit": true, "cache_metrics_enabled": false}}}, "complex_types": {"description": "Complex type handling", "results": {"serialization": {"mean": 6.242360000072723e-05, "min": 5.9360999998148145e-05, "max": 7.537100000831742e-05, "std": 4.8704569786411216e-06, "mean_ms": 0.06242360000072723}, "deserialization": {"mean": 6.205179999625443e-05, "min": 6.0613000002263107e-05, "max": 6.37589999996635e-05, "std": 1.01710229007069e-06, "mean_ms": 0.06205179999625443}, "total_time_ms": 0.12447539999698164, "successful_runs": 10, "config": {"date_format": "unix_ms", "custom_date_format": null, "uuid_format": "object", "parse_uuids": true, "dataframe_orient": "records",