{"suite_type": "configurations", "metadata": {"timestamp": 1783320167.7878249, "python_version": "3.12.13", "datason_version": "0.13.0", "enhancement": "capability_based_testing_v1"}, "configurations": {"default": {"description": "Out-of-box experience", "datasets": {"small_objects": {"description": "Small API-style objects", "results": {"serialization": {"mean": 2.3774499997841757e-05, "min": 2.2544999993101555e-05, "max": 2.807799999970939e-05, "std": 1.6915884890913924e-06, "mean_ms": 0.023774499997841758}, "deserialization": {"mean": 2.9814699998809147e-05, "min": 2.8438999997604242e-05, "max": 3.131900000141741e-05, "std": 8.491128775784647e-07, "mean_ms": 0.029814699998809147}, "total_time_ms": 0.053589199996650905, "successful_runs": 10, "config": {}}}, "complex_types": {"description": "Complex type handling", "results": {"serialization": {"mean": 4.220980000155805e-05, "min": 4.032900000083828e-05, "max": 4.4094000003269684e-05, "std": 1.3212462814381505e-06, "mean_ms": 0.04220980000155805}, "deserialization": {"mean": 6.187249999811684e-05, "min": 5.658099999550359e-05, "max": 9.280500000130587e-05, "std": 1.095767652135445e-05, "mean_ms": 0.06187249999811684}, "total_time_ms": 0.10408229999967489, "successful_runs": 10, "config": {}}}, "medium_dataset": {"description": "Medium-sized realistic dataset", "results": {"serialization": {"mean": 0.0007265922000001979, "min": 0.0007088930000023197, "max": 0.0007437709999962294, "std": 1.0955952200633328e-05, "mean_ms": 0.7265922000001979}, "deserialization": {"mean": 0.0018373544999988668, "min": 0.0018012560000002509, "max": 0.002040094999998132, "std": 7.186638188697867e-05, "mean_ms": 1.8373544999988667}, "total_time_ms": 2.563946699999065, "successful_runs": 10, "config": {}}}}}, "api_fast": {"description": "Fast API responses", "datasets": {"small_objects": {"description": "Small API-style objects", "results": {"serialization": {"mean": 2.7023600000575244e-05, "min": 2.3542999997516745e-05, "max": 4.708499999850346e-05, "std": 7.137311852603821e-06, "mean_ms": 0.027023600000575243}, "deserialization": {"mean": 3.136710000006815e-05, "min": 2.8552999999931217e-05, "max": 4.652700000207233e-05, "std": 5.359365623271567e-06, "mean_ms": 0.03136710000006815}, "total_time_ms": 0.05839070000064339, "successful_runs": 10, "config": {"date_format": "unix", "custom_date_format": null, "uuid_format": "object", "parse_uuids": true, "dataframe_orient": "values", "datetime_output": "json_safe", "series_output": "json_safe", "dataframe_output": "json_safe", "numpy_output": "json_safe", "nan_handling": "null", "type_coercion": "safe", "preserve_decimals": false, "preserve_complex": false, "max_depth": 50, "max_size": 100000, "max_string_length": 1000000, "custom_serializers": null, "sort_keys": false, "ensure_ascii": false, "check_if_serialized": false, "include_type_hints": false, "auto_detect_types": false, "redact_fields": null, "redact_patterns": null, "redact_large_objects": false, "redaction_replacement": "<REDACTED>", "include_redaction_summary": false, "audit_trail": false, "cache_scope": "operation", "cache_size_limit": 1000, "cache_warn_on_limit": true, "cache_metrics_enabled": false}}}, "complex_types": {"description": "Complex type handling", "results": {"serialization": {"mean": 4.882830000028093e-05, "min": 4.705699999618673e-05, "max": 5.719600000020364e-05, "std": 3.0187130832209487e-06, "mean_ms": 0.04882830000028093}, "deserialization": {"mean": 5.3095500000210905e-05, "min": 5.221800000043686e-05, "max": 5.389100000030567e-05, "std": 5.649018099931397e-07, "mean_ms": 0.053095500000210905}, "total_time_ms": 0.10192380000049184, "successful_runs": 10, "config": {"date_format": "unix", "custom_date_format": null, "uuid_format": "object", "parse_uuids": true, "dataframe_orient": "values", "datetime_output": "json_safe", "series_output": "json_safe", "dataframe_output": "json_safe", "numpy_output": "json_safe", "nan_handling": "null", "type_coercion": "safe", "preserve_decimals": false, "preserve_complex": false, "max_depth": 50, "max_size": 100000, "max_string_length": 1000000, "custom_serializers": null, "sort_keys": false, "ensure_ascii": false, "check_if_serialized": false, "include_type_hints": false, "auto_detect_types": false, "redact_fields": null, "redact_patterns": null, "redact_large_objects": false, "redaction_replacement": "<REDACTED>", "include_redaction_summary": false, "audit_trail": false, "cache_scope": "operation", "cache_size_limit": 1000, "cache_warn_on_limit": true, "cache_metrics_enabled": false}}}, "medium_dataset": {"description": "Medium-sized realistic dataset", "results": {"serialization": {"mean": 0.0007899288000011495, "min": 0.0007808359999970094, "max": 0.000813714000003074, "std": 9.813339649801352e-06, "mean_ms": 0.7899288000011495}, "deserialization": {"mean": 0.0017084016000005419, "min": 0.001685680000001355, "max": 0.0017455830000017158, "std": 1.741216428699835e-05, "mean_ms": 1.708401600000542}, "total_time_ms": 2.4983304000016915, "successful_runs": 10, "config": {"date_format": "unix", "custom_date_format": null, "uuid_format": "object", "parse_uuids": true, "dataframe_orient": "values", "datetime_output": "json_safe", "series_output": "json_safe", "dataframe_output": "json_safe", "numpy_output": "json_safe", "nan_handling": "null", "type_coercion": "safe", "preserve_decimals": false, "preserve_complex": false, "max_depth": 50, "max_size": 100000, "max_string_length": 1000000, "custom_serializers": null, "sort_keys": false, "ensure_ascii": false, "check_if_serialized": false, "include_type_hints": false, "auto_detect_types": false, "redact_fields": null, "redact_patterns": null, "redact_large_objects": false, "redaction_replacement": "<REDACTED>", "include_redaction_summary": false, "audit_trail": false, "cache_scope": "operation", "cache_size_limit": 1000, "cache_warn_on_limit": true, "cache_metrics_enabled": false}}}}}, "ml_training": {"description": "ML model serialization", "datasets": {"small_objects": {"description": "Small API-style objects", "results": {"serialization": {"mean": 2.8080899999594065e-05, "min": 2.3245000001281824e-05, "max": 4.623799999592393e-05, "std": 8.881572224539156e-06, "mean_ms": 0.028080899999594067}, "deserialization": {"mean": 3.140319999914709e-05, "min": 2.785400000249183e-05, "max": 5.6668999995679314e-05, "std": 8.905372781515897e-06, "mean_ms": 0.03140319999914709}, "total_time_ms": 0.05948409999874116, "successful_runs": 10, "config": {"date_format": "unix_ms", "custom_date_format": null, "uuid_format": "object", "parse_uuids": true, "dataframe_orient": "records", "datetime_output": "json_safe", "series_output": "json_safe", "dataframe_output": "json_safe", "numpy_output": "json_safe", "nan_handling": "null", "type_coercion": "aggressive", "preserve_decimals": false, "preserve_complex": false, "max_depth": 50, "max_size": 100000, "max_string_length": 1000000, "custom_serializers": null, "sort_keys": true, "ensure_ascii": false, "check_if_serialized": false, "include_type_hints": true, "auto_detect_types": false, "redact_fields": null, "redact_patterns": null, "redact_large_objects": false, "redaction_replacement": "<REDACTED>", "include_redaction_summary": false, "audit_trail": false, "cache_scope": "operation", "cache_size_limit": 1000, "cache_warn_on_limit": true, "cache_metrics_enabled": false}}}, "complex_types": {"description": "Complex type handling", "results": {"serialization": {"mean": 5.51851000004433e-05, "min": 5.1247000001808374e-05, "max": 6.568599999923208e-05, "std": 4.079473207718001e-06, "mean_ms": 0.0551851000004433}, "deserialization": {"mean": 5.660639999902628e-05, "min": 5.44210000015255e-05, "max": 5.963399999586727e-05, "std": 1.938979983688294e-06, "mean_ms": 0.05660639999902628}, "total_time_ms": 0.11179149999946958, "successful_runs": 10, "config": {"date_format": "unix_ms", "custom_date_format": null, "uuid_format": "object", "parse_uuids": true, "dataframe_orient": "records",