{"suite_type": "configurations", "metadata": {"timestamp": 1774846200.1737466, "python_version": "3.12.13", "datason_version": "0.13.0", "enhancement": "capability_based_testing_v1"}, "configurations": {"default": {"description": "Out-of-box experience", "datasets": {"small_objects": {"description": "Small API-style objects", "results": {"serialization": {"mean": 2.6498399998331477e-05, "min": 2.5155999999526557e-05, "max": 3.23000000008733e-05, "std": 2.2581246996365228e-06, "mean_ms": 0.02649839999833148}, "deserialization": {"mean": 3.615339999782918e-05, "min": 3.137799999564095e-05, "max": 6.694500000037351e-05, "std": 1.087798489610773e-05, "mean_ms": 0.03615339999782918}, "total_time_ms": 0.06265179999616066, "successful_runs": 10, "config": {}}}, "complex_types": {"description": "Complex type handling", "results": {"serialization": {"mean": 4.781610000108572e-05, "min": 4.4844000001376116e-05, "max": 5.3749999999297415e-05, "std": 3.134217302134356e-06, "mean_ms": 0.047816100001085715}, "deserialization": {"mean": 6.666129999999271e-05, "min": 6.258700000216777e-05, "max": 8.716299999633748e-05, "std": 7.330604340230306e-06, "mean_ms": 0.06666129999999271}, "total_time_ms": 0.11447740000107842, "successful_runs": 10, "config": {}}}, "medium_dataset": {"description": "Medium-sized realistic dataset", "results": {"serialization": {"mean": 0.0008182139999995286, "min": 0.0008031580000036342, "max": 0.0008449660000025006, "std": 1.2111450542082445e-05, "mean_ms": 0.8182139999995286}, "deserialization": {"mean": 0.0020318548999995302, "min": 0.002007473999995568, "max": 0.0021160570000020584, "std": 3.392027895101175e-05, "mean_ms": 2.03185489999953}, "total_time_ms": 2.8500688999990587, "successful_runs": 10, "config": {}}}}}, "api_fast": {"description": "Fast API responses", "datasets": {"small_objects": {"description": "Small API-style objects", "results": {"serialization": {"mean": 2.7685800000654125e-05, "min": 2.6429000001826353e-05, "max": 2.9744999999081756e-05, "std": 1.0035018461690059e-06, "mean_ms": 0.027685800000654126}, "deserialization": {"mean": 3.264989999891554e-05, "min": 3.1958999997527826e-05, "max": 3.358200000036504e-05, "std": 4.902263539738385e-07, "mean_ms": 0.032649899998915544}, "total_time_ms": 0.06033569999956966, "successful_runs": 10, "config": {"date_format": "unix", "custom_date_format": null, "uuid_format": "object", "parse_uuids": true, "dataframe_orient": "values", "datetime_output": "json_safe", "series_output": "json_safe", "dataframe_output": "json_safe", "numpy_output": "json_safe", "nan_handling": "null", "type_coercion": "safe", "preserve_decimals": false, "preserve_complex": false, "max_depth": 50, "max_size": 100000, "max_string_length": 1000000, "custom_serializers": null, "sort_keys": false, "ensure_ascii": false, "check_if_serialized": false, "include_type_hints": false, "auto_detect_types": false, "redact_fields": null, "redact_patterns": null, "redact_large_objects": false, "redaction_replacement": "<REDACTED>", "include_redaction_summary": false, "audit_trail": false, "cache_scope": "operation", "cache_size_limit": 1000, "cache_warn_on_limit": true, "cache_metrics_enabled": false}}}, "complex_types": {"description": "Complex type handling", "results": {"serialization": {"mean": 5.490330000057497e-05, "min": 5.2277999998295854e-05, "max": 6.014200000237224e-05, "std": 2.5737541140734746e-06, "mean_ms": 0.05490330000057497}, "deserialization": {"mean": 6.276200000101539e-05, "min": 5.960100000379498e-05, "max": 8.40070000052151e-05, "std": 7.498568324004436e-06, "mean_ms": 0.0627620000010154}, "total_time_ms": 0.11766530000159037, "successful_runs": 10, "config": {"date_format": "unix", "custom_date_format": null, "uuid_format": "object", "parse_uuids": true, "dataframe_orient": "values", "datetime_output": "json_safe", "series_output": "json_safe", "dataframe_output": "json_safe", "numpy_output": "json_safe", "nan_handling": "null", "type_coercion": "safe", "preserve_decimals": false, "preserve_complex": false, "max_depth": 50, "max_size": 100000, "max_string_length": 1000000, "custom_serializers": null, "sort_keys": false, "ensure_ascii": false, "check_if_serialized": false, "include_type_hints": false, "auto_detect_types": false, "redact_fields": null, "redact_patterns": null, "redact_large_objects": false, "redaction_replacement": "<REDACTED>", "include_redaction_summary": false, "audit_trail": false, "cache_scope": "operation", "cache_size_limit": 1000, "cache_warn_on_limit": true, "cache_metrics_enabled": false}}}, "medium_dataset": {"description": "Medium-sized realistic dataset", "results": {"serialization": {"mean": 0.0009052374999996005, "min": 0.0008903310000007991, "max": 0.0009189439999985893, "std": 1.1264540707744515e-05, "mean_ms": 0.9052374999996005}, "deserialization": {"mean": 0.0019275711999988232, "min": 0.0019097819999984722, "max": 0.0019460899999970138, "std": 1.2772288925418135e-05, "mean_ms": 1.9275711999988232}, "total_time_ms": 2.8328086999984237, "successful_runs": 10, "config": {"date_format": "unix", "custom_date_format": null, "uuid_format": "object", "parse_uuids": true, "dataframe_orient": "values", "datetime_output": "json_safe", "series_output": "json_safe", "dataframe_output": "json_safe", "numpy_output": "json_safe", "nan_handling": "null", "type_coercion": "safe", "preserve_decimals": false, "preserve_complex": false, "max_depth": 50, "max_size": 100000, "max_string_length": 1000000, "custom_serializers": null, "sort_keys": false, "ensure_ascii": false, "check_if_serialized": false, "include_type_hints": false, "auto_detect_types": false, "redact_fields": null, "redact_patterns": null, "redact_large_objects": false, "redaction_replacement": "<REDACTED>", "include_redaction_summary": false, "audit_trail": false, "cache_scope": "operation", "cache_size_limit": 1000, "cache_warn_on_limit": true, "cache_metrics_enabled": false}}}}}, "ml_training": {"description": "ML model serialization", "datasets": {"small_objects": {"description": "Small API-style objects", "results": {"serialization": {"mean": 3.025750000062999e-05, "min": 2.634900000231255e-05, "max": 4.815999999863152e-05, "std": 6.6590652038268875e-06, "mean_ms": 0.03025750000062999}, "deserialization": {"mean": 3.311550000049124e-05, "min": 3.189899999966883e-05, "max": 3.4995000000037635e-05, "std": 1.1920714228575555e-06, "mean_ms": 0.03311550000049124}, "total_time_ms": 0.06337300000112123, "successful_runs": 10, "config": {"date_format": "unix_ms", "custom_date_format": null, "uuid_format": "object", "parse_uuids": true, "dataframe_orient": "records", "datetime_output": "json_safe", "series_output": "json_safe", "dataframe_output": "json_safe", "numpy_output": "json_safe", "nan_handling": "null", "type_coercion": "aggressive", "preserve_decimals": false, "preserve_complex": false, "max_depth": 50, "max_size": 100000, "max_string_length": 1000000, "custom_serializers": null, "sort_keys": true, "ensure_ascii": false, "check_if_serialized": false, "include_type_hints": true, "auto_detect_types": false, "redact_fields": null, "redact_patterns": null, "redact_large_objects": false, "redaction_replacement": "<REDACTED>", "include_redaction_summary": false, "audit_trail": false, "cache_scope": "operation", "cache_size_limit": 1000, "cache_warn_on_limit": true, "cache_metrics_enabled": false}}}, "complex_types": {"description": "Complex type handling", "results": {"serialization": {"mean": 5.848089999886952e-05, "min": 5.482199999562454e-05, "max": 6.623299999830579e-05, "std": 3.232040375824358e-06, "mean_ms": 0.05848089999886952}, "deserialization": {"mean": 6.279200000065543e-05, "min": 5.9861000003991194e-05, "max": 7.746400000030462e-05, "std": 5.29814231583901e-06, "mean_ms": 0.06279200000065543}, "total_time_ms": 0.12127289999952495, "successful_runs": 10, "config": {"date_format": "unix_ms", "custom_date_format": null, "uuid_format": "object", "parse_uuids": true, "dataframe_orient": "records",