{"suite_type": "configurations", "metadata": {"timestamp": 1771820959.489188, "python_version": "3.12.12", "datason_version": "0.13.0", "enhancement": "capability_based_testing_v1"}, "configurations": {"default": {"description": "Out-of-box experience", "datasets": {"small_objects": {"description": "Small API-style objects", "results": {"serialization": {"mean": 2.7824899997597186e-05, "min": 2.4917000004620604e-05, "max": 3.407399999844074e-05, "std": 3.060129064307323e-06, "mean_ms": 0.027824899997597186}, "deserialization": {"mean": 3.644289999868988e-05, "min": 3.242999999031326e-05, "max": 6.28979999959256e-05, "std": 9.379241456737006e-06, "mean_ms": 0.03644289999868988}, "total_time_ms": 0.06426779999628707, "successful_runs": 10, "config": {}}}, "complex_types": {"description": "Complex type handling", "results": {"serialization": {"mean": 5.0957099999493495e-05, "min": 4.5866000007777075e-05, "max": 7.102300000383366e-05, "std": 7.48282364284526e-06, "mean_ms": 0.050957099999493494}, "deserialization": {"mean": 6.50003000046695e-05, "min": 6.372900000428672e-05, "max": 6.917900000757982e-05, "std": 1.5700534363260034e-06, "mean_ms": 0.0650003000046695}, "total_time_ms": 0.11595740000416299, "successful_runs": 10, "config": {}}}, "medium_dataset": {"description": "Medium-sized realistic dataset", "results": {"serialization": {"mean": 0.0008319569999997612, "min": 0.0008056730000021162, "max": 0.0008592229999919709, "std": 1.5043919819303869e-05, "mean_ms": 0.8319569999997611}, "deserialization": {"mean": 0.0020688124000002974, "min": 0.0020108620000058863, "max": 0.002274632999998971, "std": 8.568577313000849e-05, "mean_ms": 2.068812400000297}, "total_time_ms": 2.9007694000000583, "successful_runs": 10, "config": {}}}}}, "api_fast": {"description": "Fast API responses", "datasets": {"small_objects": {"description": "Small API-style objects", "results": {"serialization": {"mean": 2.7563500002258933e-05, "min": 2.6169000008735566e-05, "max": 3.13680000090244e-05, "std": 1.6977160651610424e-06, "mean_ms": 0.027563500002258934}, "deserialization": {"mean": 3.235060000008616e-05, "min": 3.154899999913141e-05, "max": 3.462400000842081e-05, "std": 8.791598533144033e-07, "mean_ms": 0.03235060000008616}, "total_time_ms": 0.059914100002345094, "successful_runs": 10, "config": {"date_format": "unix", "custom_date_format": null, "uuid_format": "object", "parse_uuids": true, "dataframe_orient": "values", "datetime_output": "json_safe", "series_output": "json_safe", "dataframe_output": "json_safe", "numpy_output": "json_safe", "nan_handling": "null", "type_coercion": "safe", "preserve_decimals": false, "preserve_complex": false, "max_depth": 50, "max_size": 100000, "max_string_length": 1000000, "custom_serializers": null, "sort_keys": false, "ensure_ascii": false, "check_if_serialized": false, "include_type_hints": false, "auto_detect_types": false, "redact_fields": null, "redact_patterns": null, "redact_large_objects": false, "redaction_replacement": "<REDACTED>", "include_redaction_summary": false, "audit_trail": false, "cache_scope": "operation", "cache_size_limit": 1000, "cache_warn_on_limit": true, "cache_metrics_enabled": false}}}, "complex_types": {"description": "Complex type handling", "results": {"serialization": {"mean": 5.6345099999077775e-05, "min": 5.2869000001010136e-05, "max": 6.997099998784506e-05, "std": 5.1259190462771655e-06, "mean_ms": 0.056345099999077775}, "deserialization": {"mean": 5.916039999789291e-05, "min": 5.790799998806051e-05, "max": 6.0633000003917914e-05, "std": 8.469909143263856e-07, "mean_ms": 0.05916039999789291}, "total_time_ms": 0.11550549999697068, "successful_runs": 10, "config": {"date_format": "unix", "custom_date_format": null, "uuid_format": "object", "parse_uuids": true, "dataframe_orient": "values", "datetime_output": "json_safe", "series_output": "json_safe", "dataframe_output": "json_safe", "numpy_output": "json_safe", "nan_handling": "null", "type_coercion": "safe", "preserve_decimals": false, "preserve_complex": false, "max_depth": 50, "max_size": 100000, "max_string_length": 1000000, "custom_serializers": null, "sort_keys": false, "ensure_ascii": false, "check_if_serialized": false, "include_type_hints": false, "auto_detect_types": false, "redact_fields": null, "redact_patterns": null, "redact_large_objects": false, "redaction_replacement": "<REDACTED>", "include_redaction_summary": false, "audit_trail": false, "cache_scope": "operation", "cache_size_limit": 1000, "cache_warn_on_limit": true, "cache_metrics_enabled": false}}}, "medium_dataset": {"description": "Medium-sized realistic dataset", "results": {"serialization": {"mean": 0.000915809499997522, "min": 0.0008983959999966373, "max": 0.000940213999996331, "std": 1.131987143837669e-05, "mean_ms": 0.9158094999975219}, "deserialization": {"mean": 0.001916197100001682, "min": 0.0018928010000109907, "max": 0.001945770000006064, "std": 1.6167130016488172e-05, "mean_ms": 1.916197100001682}, "total_time_ms": 2.832006599999204, "successful_runs": 10, "config": {"date_format": "unix", "custom_date_format": null, "uuid_format": "object", "parse_uuids": true, "dataframe_orient": "values", "datetime_output": "json_safe", "series_output": "json_safe", "dataframe_output": "json_safe", "numpy_output": "json_safe", "nan_handling": "null", "type_coercion": "safe", "preserve_decimals": false, "preserve_complex": false, "max_depth": 50, "max_size": 100000, "max_string_length": 1000000, "custom_serializers": null, "sort_keys": false, "ensure_ascii": false, "check_if_serialized": false, "include_type_hints": false, "auto_detect_types": false, "redact_fields": null, "redact_patterns": null, "redact_large_objects": false, "redaction_replacement": "<REDACTED>", "include_redaction_summary": false, "audit_trail": false, "cache_scope": "operation", "cache_size_limit": 1000, "cache_warn_on_limit": true, "cache_metrics_enabled": false}}}}}, "ml_training": {"description": "ML model serialization", "datasets": {"small_objects": {"description": "Small API-style objects", "results": {"serialization": {"mean": 2.9377700001020914e-05, "min": 2.6478999998857944e-05, "max": 4.124699999863424e-05, "std": 4.487087946210515e-06, "mean_ms": 0.029377700001020912}, "deserialization": {"mean": 3.229739999852654e-05, "min": 3.163899999947262e-05, "max": 3.3692999991785655e-05, "std": 5.873772579951881e-07, "mean_ms": 0.032297399998526544}, "total_time_ms": 0.061675099999547456, "successful_runs": 10, "config": {"date_format": "unix_ms", "custom_date_format": null, "uuid_format": "object", "parse_uuids": true, "dataframe_orient": "records", "datetime_output": "json_safe", "series_output": "json_safe", "dataframe_output": "json_safe", "numpy_output": "json_safe", "nan_handling": "null", "type_coercion": "aggressive", "preserve_decimals": false, "preserve_complex": false, "max_depth": 50, "max_size": 100000, "max_string_length": 1000000, "custom_serializers": null, "sort_keys": true, "ensure_ascii": false, "check_if_serialized": false, "include_type_hints": true, "auto_detect_types": false, "redact_fields": null, "redact_patterns": null, "redact_large_objects": false, "redaction_replacement": "<REDACTED>", "include_redaction_summary": false, "audit_trail": false, "cache_scope": "operation", "cache_size_limit": 1000, "cache_warn_on_limit": true, "cache_metrics_enabled": false}}}, "complex_types": {"description": "Complex type handling", "results": {"serialization": {"mean": 5.9855499999628135e-05, "min": 5.752699999561628e-05, "max": 6.396000000563618e-05, "std": 2.014497912268634e-06, "mean_ms": 0.05985549999962814}, "deserialization": {"mean": 6.419440000087207e-05, "min": 6.037200000719167e-05, "max": 7.818599999609432e-05, "std": 6.422299053448793e-06, "mean_ms": 0.06419440000087206}, "total_time_ms": 0.1240499000005002, "successful_runs": 10, "config": {"date_format": "unix_ms", "custom_date_format": null, "uuid_format": "object", "parse_uuids": true, "dataframe_orient": "records",