{"suite_type": "configurations", "metadata": {"timestamp": 1777267785.8705618, "python_version": "3.12.13", "datason_version": "0.13.0", "enhancement": "capability_based_testing_v1"}, "configurations": {"default": {"description": "Out-of-box experience", "datasets": {"small_objects": {"description": "Small API-style objects", "results": {"serialization": {"mean": 2.80455000023494e-05, "min": 2.6469999994560567e-05, "max": 3.470500001867549e-05, "std": 2.490122502055134e-06, "mean_ms": 0.0280455000023494}, "deserialization": {"mean": 3.30587999940235e-05, "min": 3.212999999391286e-05, "max": 3.545600000620652e-05, "std": 1.0269379333394494e-06, "mean_ms": 0.0330587999940235}, "total_time_ms": 0.06110429999637291, "successful_runs": 10, "config": {}}}, "complex_types": {"description": "Complex type handling", "results": {"serialization": {"mean": 5.129490000399528e-05, "min": 4.551499998228792e-05, "max": 8.014000002276589e-05, "std": 1.0342047552717306e-05, "mean_ms": 0.05129490000399528}, "deserialization": {"mean": 6.496249999656811e-05, "min": 6.301799999164359e-05, "max": 6.93490000003294e-05, "std": 2.2995366805814003e-06, "mean_ms": 0.06496249999656811}, "total_time_ms": 0.1162574000005634, "successful_runs": 10, "config": {}}}, "medium_dataset": {"description": "Medium-sized realistic dataset", "results": {"serialization": {"mean": 0.000819895400002224, "min": 0.0007918900000163376, "max": 0.0008611289999862493, "std": 2.109108403331031e-05, "mean_ms": 0.819895400002224}, "deserialization": {"mean": 0.0020116205000022093, "min": 0.0019893679999825054, "max": 0.0020265969999968547, "std": 1.067719405082347e-05, "mean_ms": 2.011620500002209}, "total_time_ms": 2.8315159000044337, "successful_runs": 10, "config": {}}}}}, "api_fast": {"description": "Fast API responses", "datasets": {"small_objects": {"description": "Small API-style objects", "results": {"serialization": {"mean": 2.9374799996162438e-05, "min": 2.6058999992528697e-05, "max": 4.93419999827438e-05, "std": 7.119849694644694e-06, "mean_ms": 0.029374799996162437}, "deserialization": {"mean": 3.2489699995608136e-05, "min": 3.1317999997781953e-05, "max": 3.669800000238865e-05, "std": 1.588728289492361e-06, "mean_ms": 0.032489699995608134}, "total_time_ms": 0.06186449999177058, "successful_runs": 10, "config": {"date_format": "unix", "custom_date_format": null, "uuid_format": "object", "parse_uuids": true, "dataframe_orient": "values", "datetime_output": "json_safe", "series_output": "json_safe", "dataframe_output": "json_safe", "numpy_output": "json_safe", "nan_handling": "null", "type_coercion": "safe", "preserve_decimals": false, "preserve_complex": false, "max_depth": 50, "max_size": 100000, "max_string_length": 1000000, "custom_serializers": null, "sort_keys": false, "ensure_ascii": false, "check_if_serialized": false, "include_type_hints": false, "auto_detect_types": false, "redact_fields": null, "redact_patterns": null, "redact_large_objects": false, "redaction_replacement": "<REDACTED>", "include_redaction_summary": false, "audit_trail": false, "cache_scope": "operation", "cache_size_limit": 1000, "cache_warn_on_limit": true, "cache_metrics_enabled": false}}}, "complex_types": {"description": "Complex type handling", "results": {"serialization": {"mean": 5.4844500004946896e-05, "min": 5.1776999981711924e-05, "max": 6.496200001038233e-05, "std": 4.009197243702791e-06, "mean_ms": 0.054844500004946894}, "deserialization": {"mean": 6.148399999972298e-05, "min": 5.755800000883937e-05, "max": 9.076000000618478e-05, "std": 1.0306044010860656e-05, "mean_ms": 0.06148399999972298}, "total_time_ms": 0.11632850000466988, "successful_runs": 10, "config": {"date_format": "unix", "custom_date_format": null, "uuid_format": "object", "parse_uuids": true, "dataframe_orient": "values", "datetime_output": "json_safe", "series_output": "json_safe", "dataframe_output": "json_safe", "numpy_output": "json_safe", "nan_handling": "null", "type_coercion": "safe", "preserve_decimals": false, "preserve_complex": false, "max_depth": 50, "max_size": 100000, "max_string_length": 1000000, "custom_serializers": null, "sort_keys": false, "ensure_ascii": false, "check_if_serialized": false, "include_type_hints": false, "auto_detect_types": false, "redact_fields": null, "redact_patterns": null, "redact_large_objects": false, "redaction_replacement": "<REDACTED>", "include_redaction_summary": false, "audit_trail": false, "cache_scope": "operation", "cache_size_limit": 1000, "cache_warn_on_limit": true, "cache_metrics_enabled": false}}}, "medium_dataset": {"description": "Medium-sized realistic dataset", "results": {"serialization": {"mean": 0.0009211553999961097, "min": 0.0008897630000035406, "max": 0.0010083739999799946, "std": 3.2076385064237877e-05, "mean_ms": 0.9211553999961097}, "deserialization": {"mean": 0.001956658800003197, "min": 0.0019012930000030792, "max": 0.002358788999998751, "std": 0.00014147911291461596, "mean_ms": 1.956658800003197}, "total_time_ms": 2.8778141999993063, "successful_runs": 10, "config": {"date_format": "unix", "custom_date_format": null, "uuid_format": "object", "parse_uuids": true, "dataframe_orient": "values", "datetime_output": "json_safe", "series_output": "json_safe", "dataframe_output": "json_safe", "numpy_output": "json_safe", "nan_handling": "null", "type_coercion": "safe", "preserve_decimals": false, "preserve_complex": false, "max_depth": 50, "max_size": 100000, "max_string_length": 1000000, "custom_serializers": null, "sort_keys": false, "ensure_ascii": false, "check_if_serialized": false, "include_type_hints": false, "auto_detect_types": false, "redact_fields": null, "redact_patterns": null, "redact_large_objects": false, "redaction_replacement": "<REDACTED>", "include_redaction_summary": false, "audit_trail": false, "cache_scope": "operation", "cache_size_limit": 1000, "cache_warn_on_limit": true, "cache_metrics_enabled": false}}}}}, "ml_training": {"description": "ML model serialization", "datasets": {"small_objects": {"description": "Small API-style objects", "results": {"serialization": {"mean": 3.147479999654479e-05, "min": 2.623899999321111e-05, "max": 6.932999997388833e-05, "std": 1.339409942879898e-05, "mean_ms": 0.03147479999654479}, "deserialization": {"mean": 3.242760000148337e-05, "min": 3.12989999997626e-05, "max": 3.7039000005734124e-05, "std": 1.6705338610902239e-06, "mean_ms": 0.03242760000148337}, "total_time_ms": 0.06390239999802816, "successful_runs": 10, "config": {"date_format": "unix_ms", "custom_date_format": null, "uuid_format": "object", "parse_uuids": true, "dataframe_orient": "records", "datetime_output": "json_safe", "series_output": "json_safe", "dataframe_output": "json_safe", "numpy_output": "json_safe", "nan_handling": "null", "type_coercion": "aggressive", "preserve_decimals": false, "preserve_complex": false, "max_depth": 50, "max_size": 100000, "max_string_length": 1000000, "custom_serializers": null, "sort_keys": true, "ensure_ascii": false, "check_if_serialized": false, "include_type_hints": true, "auto_detect_types": false, "redact_fields": null, "redact_patterns": null, "redact_large_objects": false, "redaction_replacement": "<REDACTED>", "include_redaction_summary": false, "audit_trail": false, "cache_scope": "operation", "cache_size_limit": 1000, "cache_warn_on_limit": true, "cache_metrics_enabled": false}}}, "complex_types": {"description": "Complex type handling", "results": {"serialization": {"mean": 5.870770000342418e-05, "min": 5.614500000206135e-05, "max": 6.782700000940167e-05, "std": 3.6288500826283266e-06, "mean_ms": 0.05870770000342418}, "deserialization": {"mean": 6.394339999928888e-05, "min": 5.959199998528675e-05, "max": 9.53379999941717e-05, "std": 1.1045514585272087e-05, "mean_ms": 0.06394339999928889}, "total_time_ms": 0.12265110000271308, "successful_runs": 10, "config": {"date_format": "unix_ms", "custom_date_format": null, "uuid_format": "object", "parse_uuids": true, "dataframe_orient": "records",