{"suite_type": "configurations", "metadata": {"timestamp": 1784526451.405615, "python_version": "3.12.13", "datason_version": "0.13.0", "enhancement": "capability_based_testing_v1"}, "configurations": {"default": {"description": "Out-of-box experience", "datasets": {"small_objects": {"description": "Small API-style objects", "results": {"serialization": {"mean": 2.7037400003848687e-05, "min": 2.5047000008271425e-05, "max": 3.1178000000409156e-05, "std": 1.998937950397534e-06, "mean_ms": 0.02703740000384869}, "deserialization": {"mean": 3.6141299999314926e-05, "min": 3.178000000048087e-05, "max": 6.242599999950471e-05, "std": 9.280490648564008e-06, "mean_ms": 0.036141299999314924}, "total_time_ms": 0.06317870000316361, "successful_runs": 10, "config": {}}}, "complex_types": {"description": "Complex type handling", "results": {"serialization": {"mean": 4.8272100002577645e-05, "min": 4.549500000905482e-05, "max": 5.706599999655282e-05, "std": 3.542195376542823e-06, "mean_ms": 0.048272100002577645}, "deserialization": {"mean": 6.643669999846224e-05, "min": 6.299700000056419e-05, "max": 8.616999998878327e-05, "std": 7.004685604451035e-06, "mean_ms": 0.06643669999846225}, "total_time_ms": 0.11470880000103989, "successful_runs": 10, "config": {}}}, "medium_dataset": {"description": "Medium-sized realistic dataset", "results": {"serialization": {"mean": 0.0008279581999971697, "min": 0.0008032450000001745, "max": 0.0008759209999880113, "std": 1.922655401739261e-05, "mean_ms": 0.8279581999971697}, "deserialization": {"mean": 0.0020334637000004817, "min": 0.0020190280000065286, "max": 0.0020479420000043547, "std": 8.57527880910817e-06, "mean_ms": 2.033463700000482}, "total_time_ms": 2.8614218999976515, "successful_runs": 10, "config": {}}}}}, "api_fast": {"description": "Fast API responses", "datasets": {"small_objects": {"description": "Small API-style objects", "results": {"serialization": {"mean": 3.6052100000460996e-05, "min": 2.7231000004235284e-05, "max": 7.335699999089229e-05, "std": 1.4856048853750753e-05, "mean_ms": 0.036052100000460996}, "deserialization": {"mean": 3.9027600001873e-05, "min": 3.2320000002528104e-05, "max": 6.513099999949645e-05, "std": 1.228029150186371e-05, "mean_ms": 0.039027600001873}, "total_time_ms": 0.075079700002334, "successful_runs": 10, "config": {"date_format": "unix", "custom_date_format": null, "uuid_format": "object", "parse_uuids": true, "dataframe_orient": "values", "datetime_output": "json_safe", "series_output": "json_safe", "dataframe_output": "json_safe", "numpy_output": "json_safe", "nan_handling": "null", "type_coercion": "safe", "preserve_decimals": false, "preserve_complex": false, "max_depth": 50, "max_size": 100000, "max_string_length": 1000000, "custom_serializers": null, "sort_keys": false, "ensure_ascii": false, "check_if_serialized": false, "include_type_hints": false, "auto_detect_types": false, "redact_fields": null, "redact_patterns": null, "redact_large_objects": false, "redaction_replacement": "<REDACTED>", "include_redaction_summary": false, "audit_trail": false, "cache_scope": "operation", "cache_size_limit": 1000, "cache_warn_on_limit": true, "cache_metrics_enabled": false}}}, "complex_types": {"description": "Complex type handling", "results": {"serialization": {"mean": 5.657339999913802e-05, "min": 5.409099999553746e-05, "max": 6.28070000061598e-05, "std": 2.8533855629341384e-06, "mean_ms": 0.05657339999913802}, "deserialization": {"mean": 6.170070000024452e-05, "min": 5.805799999336614e-05, "max": 8.323499999107753e-05, "std": 7.619232432007223e-06, "mean_ms": 0.06170070000024452}, "total_time_ms": 0.11827409999938254, "successful_runs": 10, "config": {"date_format": "unix", "custom_date_format": null, "uuid_format": "object", "parse_uuids": true, "dataframe_orient": "values", "datetime_output": "json_safe", "series_output": "json_safe", "dataframe_output": "json_safe", "numpy_output": "json_safe", "nan_handling": "null", "type_coercion": "safe", "preserve_decimals": false, "preserve_complex": false, "max_depth": 50, "max_size": 100000, "max_string_length": 1000000, "custom_serializers": null, "sort_keys": false, "ensure_ascii": false, "check_if_serialized": false, "include_type_hints": false, "auto_detect_types": false, "redact_fields": null, "redact_patterns": null, "redact_large_objects": false, "redaction_replacement": "<REDACTED>", "include_redaction_summary": false, "audit_trail": false, "cache_scope": "operation", "cache_size_limit": 1000, "cache_warn_on_limit": true, "cache_metrics_enabled": false}}}, "medium_dataset": {"description": "Medium-sized realistic dataset", "results": {"serialization": {"mean": 0.0009423508000011793, "min": 0.0009255030000048237, "max": 0.0009527429999991455, "std": 7.597388903290841e-06, "mean_ms": 0.9423508000011793}, "deserialization": {"mean": 0.0019636209999987385, "min": 0.0019393799999960493, "max": 0.002050405999995064, "std": 3.1336421963959054e-05, "mean_ms": 1.9636209999987384}, "total_time_ms": 2.9059717999999175, "successful_runs": 10, "config": {"date_format": "unix", "custom_date_format": null, "uuid_format": "object", "parse_uuids": true, "dataframe_orient": "values", "datetime_output": "json_safe", "series_output": "json_safe", "dataframe_output": "json_safe", "numpy_output": "json_safe", "nan_handling": "null", "type_coercion": "safe", "preserve_decimals": false, "preserve_complex": false, "max_depth": 50, "max_size": 100000, "max_string_length": 1000000, "custom_serializers": null, "sort_keys": false, "ensure_ascii": false, "check_if_serialized": false, "include_type_hints": false, "auto_detect_types": false, "redact_fields": null, "redact_patterns": null, "redact_large_objects": false, "redaction_replacement": "<REDACTED>", "include_redaction_summary": false, "audit_trail": false, "cache_scope": "operation", "cache_size_limit": 1000, "cache_warn_on_limit": true, "cache_metrics_enabled": false}}}}}, "ml_training": {"description": "ML model serialization", "datasets": {"small_objects": {"description": "Small API-style objects", "results": {"serialization": {"mean": 3.2823099996903696e-05, "min": 2.7009999996607803e-05, "max": 5.038400000501042e-05, "std": 8.430286637991982e-06, "mean_ms": 0.03282309999690369}, "deserialization": {"mean": 3.404039999992392e-05, "min": 3.275100000621478e-05, "max": 3.6358000002678637e-05, "std": 1.2487212307015128e-06, "mean_ms": 0.03404039999992392}, "total_time_ms": 0.06686349999682761, "successful_runs": 10, "config": {"date_format": "unix_ms", "custom_date_format": null, "uuid_format": "object", "parse_uuids": true, "dataframe_orient": "records", "datetime_output": "json_safe", "series_output": "json_safe", "dataframe_output": "json_safe", "numpy_output": "json_safe", "nan_handling": "null", "type_coercion": "aggressive", "preserve_decimals": false, "preserve_complex": false, "max_depth": 50, "max_size": 100000, "max_string_length": 1000000, "custom_serializers": null, "sort_keys": true, "ensure_ascii": false, "check_if_serialized": false, "include_type_hints": true, "auto_detect_types": false, "redact_fields": null, "redact_patterns": null, "redact_large_objects": false, "redaction_replacement": "<REDACTED>", "include_redaction_summary": false, "audit_trail": false, "cache_scope": "operation", "cache_size_limit": 1000, "cache_warn_on_limit": true, "cache_metrics_enabled": false}}}, "complex_types": {"description": "Complex type handling", "results": {"serialization": {"mean": 6.175390000322523e-05, "min": 5.779800000027535e-05, "max": 8.480799999688315e-05, "std": 8.285399289999796e-06, "mean_ms": 0.061753900003225226}, "deserialization": {"mean": 6.110089999680212e-05, "min": 5.978199999390199e-05, "max": 6.418899999971472e-05, "std": 1.3059610727766137e-06, "mean_ms": 0.06110089999680212}, "total_time_ms": 0.12285480000002737, "successful_runs": 10, "config": {"date_format": "unix_ms", "custom_date_format": null, "uuid_format": "object", "parse_uuids": true, "dataframe_orient": "records",