{"suite_type": "configurations", "metadata": {"timestamp": 1776662301.2341359, "python_version": "3.12.13", "datason_version": "0.13.0", "enhancement": "capability_based_testing_v1"}, "configurations": {"default": {"description": "Out-of-box experience", "datasets": {"small_objects": {"description": "Small API-style objects", "results": {"serialization": {"mean": 2.687239999659141e-05, "min": 2.295499999149797e-05, "max": 4.289399998924637e-05, "std": 6.1489423498242375e-06, "mean_ms": 0.026872399996591412}, "deserialization": {"mean": 3.0305499998917183e-05, "min": 2.9093999984297625e-05, "max": 3.2970000006571354e-05, "std": 1.149213766944598e-06, "mean_ms": 0.030305499998917185}, "total_time_ms": 0.05717789999550859, "successful_runs": 10, "config": {}}}, "complex_types": {"description": "Complex type handling", "results": {"serialization": {"mean": 4.146650000222962e-05, "min": 3.912899998681496e-05, "max": 4.985399999668516e-05, "std": 3.2120569468587318e-06, "mean_ms": 0.04146650000222962}, "deserialization": {"mean": 6.01533999969206e-05, "min": 5.74270000015531e-05, "max": 7.255899998881432e-05, "std": 4.4921164782870624e-06, "mean_ms": 0.0601533999969206}, "total_time_ms": 0.10161989999915022, "successful_runs": 10, "config": {}}}, "medium_dataset": {"description": "Medium-sized realistic dataset", "results": {"serialization": {"mean": 0.0008018593999992163, "min": 0.0007828669999980775, "max": 0.0008325519999914377, "std": 1.3454950091635691e-05, "mean_ms": 0.8018593999992163}, "deserialization": {"mean": 0.0019731585999949175, "min": 0.0019604059999949186, "max": 0.0019968109999979333, "std": 1.0734562107191335e-05, "mean_ms": 1.9731585999949175}, "total_time_ms": 2.775017999994134, "successful_runs": 10, "config": {}}}}}, "api_fast": {"description": "Fast API responses", "datasets": {"small_objects": {"description": "Small API-style objects", "results": {"serialization": {"mean": 2.502830000139511e-05, "min": 2.401599999757309e-05, "max": 2.8242000013278812e-05, "std": 1.2769694222668576e-06, "mean_ms": 0.02502830000139511}, "deserialization": {"mean": 3.100250000045435e-05, "min": 2.9183999998849686e-05, "max": 4.376500001512795e-05, "std": 4.521614374352925e-06, "mean_ms": 0.031002500000454347}, "total_time_ms": 0.05603080000184946, "successful_runs": 10, "config": {"date_format": "unix", "custom_date_format": null, "uuid_format": "object", "parse_uuids": true, "dataframe_orient": "values", "datetime_output": "json_safe", "series_output": "json_safe", "dataframe_output": "json_safe", "numpy_output": "json_safe", "nan_handling": "null", "type_coercion": "safe", "preserve_decimals": false, "preserve_complex": false, "max_depth": 50, "max_size": 100000, "max_string_length": 1000000, "custom_serializers": null, "sort_keys": false, "ensure_ascii": false, "check_if_serialized": false, "include_type_hints": false, "auto_detect_types": false, "redact_fields": null, "redact_patterns": null, "redact_large_objects": false, "redaction_replacement": "<REDACTED>", "include_redaction_summary": false, "audit_trail": false, "cache_scope": "operation", "cache_size_limit": 1000, "cache_warn_on_limit": true, "cache_metrics_enabled": false}}}, "complex_types": {"description": "Complex type handling", "results": {"serialization": {"mean": 4.766360000303393e-05, "min": 4.4355999989420525e-05, "max": 6.110200001785415e-05, "std": 4.869748486332397e-06, "mean_ms": 0.047663600003033935}, "deserialization": {"mean": 5.551320000733995e-05, "min": 5.4521000009799536e-05, "max": 5.803700000228673e-05, "std": 1.0764038655647443e-06, "mean_ms": 0.05551320000733995}, "total_time_ms": 0.10317680001037388, "successful_runs": 10, "config": {"date_format": "unix", "custom_date_format": null, "uuid_format": "object", "parse_uuids": true, "dataframe_orient": "values", "datetime_output": "json_safe", "series_output": "json_safe", "dataframe_output": "json_safe", "numpy_output": "json_safe", "nan_handling": "null", "type_coercion": "safe", "preserve_decimals": false, "preserve_complex": false, "max_depth": 50, "max_size": 100000, "max_string_length": 1000000, "custom_serializers": null, "sort_keys": false, "ensure_ascii": false, "check_if_serialized": false, "include_type_hints": false, "auto_detect_types": false, "redact_fields": null, "redact_patterns": null, "redact_large_objects": false, "redaction_replacement": "<REDACTED>", "include_redaction_summary": false, "audit_trail": false, "cache_scope": "operation", "cache_size_limit": 1000, "cache_warn_on_limit": true, "cache_metrics_enabled": false}}}, "medium_dataset": {"description": "Medium-sized realistic dataset", "results": {"serialization": {"mean": 0.0008882831999983409, "min": 0.000863998999989235, "max": 0.0009182800000075986, "std": 1.8520030088866103e-05, "mean_ms": 0.8882831999983409}, "deserialization": {"mean": 0.001907700399993928, "min": 0.0018639819999748397, "max": 0.00212160899999958, "std": 7.888153378082285e-05, "mean_ms": 1.907700399993928}, "total_time_ms": 2.795983599992269, "successful_runs": 10, "config": {"date_format": "unix", "custom_date_format": null, "uuid_format": "object", "parse_uuids": true, "dataframe_orient": "values", "datetime_output": "json_safe", "series_output": "json_safe", "dataframe_output": "json_safe", "numpy_output": "json_safe", "nan_handling": "null", "type_coercion": "safe", "preserve_decimals": false, "preserve_complex": false, "max_depth": 50, "max_size": 100000, "max_string_length": 1000000, "custom_serializers": null, "sort_keys": false, "ensure_ascii": false, "check_if_serialized": false, "include_type_hints": false, "auto_detect_types": false, "redact_fields": null, "redact_patterns": null, "redact_large_objects": false, "redaction_replacement": "<REDACTED>", "include_redaction_summary": false, "audit_trail": false, "cache_scope": "operation", "cache_size_limit": 1000, "cache_warn_on_limit": true, "cache_metrics_enabled": false}}}}}, "ml_training": {"description": "ML model serialization", "datasets": {"small_objects": {"description": "Small API-style objects", "results": {"serialization": {"mean": 2.541199999939181e-05, "min": 2.4656999983108108e-05, "max": 2.8582999988202573e-05, "std": 1.1698998039286203e-06, "mean_ms": 0.02541199999939181}, "deserialization": {"mean": 2.9996199998549855e-05, "min": 2.970500000287757e-05, "max": 3.0895999998392654e-05, "std": 3.7709822071015005e-07, "mean_ms": 0.029996199998549855}, "total_time_ms": 0.055408199997941665, "successful_runs": 10, "config": {"date_format": "unix_ms", "custom_date_format": null, "uuid_format": "object", "parse_uuids": true, "dataframe_orient": "records", "datetime_output": "json_safe", "series_output": "json_safe", "dataframe_output": "json_safe", "numpy_output": "json_safe", "nan_handling": "null", "type_coercion": "aggressive", "preserve_decimals": false, "preserve_complex": false, "max_depth": 50, "max_size": 100000, "max_string_length": 1000000, "custom_serializers": null, "sort_keys": true, "ensure_ascii": false, "check_if_serialized": false, "include_type_hints": true, "auto_detect_types": false, "redact_fields": null, "redact_patterns": null, "redact_large_objects": false, "redaction_replacement": "<REDACTED>", "include_redaction_summary": false, "audit_trail": false, "cache_scope": "operation", "cache_size_limit": 1000, "cache_warn_on_limit": true, "cache_metrics_enabled": false}}}, "complex_types": {"description": "Complex type handling", "results": {"serialization": {"mean": 5.1085900005887196e-05, "min": 4.771200002551268e-05, "max": 6.248400001140908e-05, "std": 4.425663551548372e-06, "mean_ms": 0.0510859000058872}, "deserialization": {"mean": 5.613129999915145e-05, "min": 5.5091999996648156e-05, "max": 5.718599999227081e-05, "std": 7.849474220515704e-07, "mean_ms": 0.05613129999915145}, "total_time_ms": 0.10721720000503865, "successful_runs": 10, "config": {"date_format": "unix_ms", "custom_date_format": null, "uuid_format": "object", "parse_uuids": true, "dataframe_orient": "records",