{"suite_type": "configurations", "metadata": {"timestamp": 1757301026.2800431, "python_version": "3.12.11", "datason_version": "0.13.0", "enhancement": "capability_based_testing_v1"}, "configurations": {"default": {"description": "Out-of-box experience", "datasets": {"small_objects": {"description": "Small API-style objects", "results": {"serialization": {"mean": 2.6697100000205865e-05, "min": 2.4697000000628577e-05, "max": 3.2320000002528104e-05, "std": 2.179446181301553e-06, "mean_ms": 0.026697100000205864}, "deserialization": {"mean": 3.487729999989142e-05, "min": 3.180900000643305e-05, "max": 5.117599999948652e-05, "std": 5.789497042906246e-06, "mean_ms": 0.03487729999989142}, "total_time_ms": 0.061574400000097285, "successful_runs": 10, "config": {}}}, "complex_types": {"description": "Complex type handling", "results": {"serialization": {"mean": 5.1127599998324055e-05, "min": 4.4833999993443285e-05, "max": 8.042099999272523e-05, "std": 1.066945071986072e-05, "mean_ms": 0.05112759999832406}, "deserialization": {"mean": 6.549050000188572e-05, "min": 6.372900000428672e-05, "max": 6.99109999970915e-05, "std": 1.9472928924082513e-06, "mean_ms": 0.06549050000188572}, "total_time_ms": 0.11661810000020978, "successful_runs": 10, "config": {}}}, "medium_dataset": {"description": "Medium-sized realistic dataset", "results": {"serialization": {"mean": 0.0008495218999982513, "min": 0.0008297419999934164, "max": 0.000897068000000445, "std": 2.3786263234219157e-05, "mean_ms": 0.8495218999982512}, "deserialization": {"mean": 0.002027963800004784, "min": 0.0020088979999997036, "max": 0.0020782070000109343, "std": 2.056265714185366e-05, "mean_ms": 2.027963800004784}, "total_time_ms": 2.8774857000030356, "successful_runs": 10, "config": {}}}}}, "api_fast": {"description": "Fast API responses", "datasets": {"small_objects": {"description": "Small API-style objects", "results": {"serialization": {"mean": 2.9296800001077372e-05, "min": 2.6348999995207123e-05, "max": 4.3461999993610334e-05, "std": 5.099593267293752e-06, "mean_ms": 0.029296800001077372}, "deserialization": {"mean": 3.2639799998435136e-05, "min": 3.2000000004472895e-05, "max": 3.434399999946436e-05, "std": 6.821275218729133e-07, "mean_ms": 0.03263979999843514}, "total_time_ms": 0.061936599999512516, "successful_runs": 10, "config": {"date_format": "unix", "custom_date_format": null, "uuid_format": "object", "parse_uuids": true, "dataframe_orient": "values", "datetime_output": "json_safe", "series_output": "json_safe", "dataframe_output": "json_safe", "numpy_output": "json_safe", "nan_handling": "null", "type_coercion": "safe", "preserve_decimals": false, "preserve_complex": false, "max_depth": 50, "max_size": 100000, "max_string_length": 1000000, "custom_serializers": null, "sort_keys": false, "ensure_ascii": false, "check_if_serialized": false, "include_type_hints": false, "auto_detect_types": false, "redact_fields": null, "redact_patterns": null, "redact_large_objects": false, "redaction_replacement": "<REDACTED>", "include_redaction_summary": false, "audit_trail": false, "cache_scope": "operation", "cache_size_limit": 1000, "cache_warn_on_limit": true, "cache_metrics_enabled": false}}}, "complex_types": {"description": "Complex type handling", "results": {"serialization": {"mean": 5.755989999869371e-05, "min": 5.3389999990827164e-05, "max": 7.579200000407127e-05, "std": 6.8973135930795284e-06, "mean_ms": 0.05755989999869371}, "deserialization": {"mean": 6.116319999875941e-05, "min": 5.854900000201724e-05, "max": 7.316700001069876e-05, "std": 4.501683068044088e-06, "mean_ms": 0.06116319999875941}, "total_time_ms": 0.11872309999745313, "successful_runs": 10, "config": {"date_format": "unix", "custom_date_format": null, "uuid_format": "object", "parse_uuids": true, "dataframe_orient": "values", "datetime_output": "json_safe", "series_output": "json_safe", "dataframe_output": "json_safe", "numpy_output": "json_safe", "nan_handling": "null", "type_coercion": "safe", "preserve_decimals": false, "preserve_complex": false, "max_depth": 50, "max_size": 100000, "max_string_length": 1000000, "custom_serializers": null, "sort_keys": false, "ensure_ascii": false, "check_if_serialized": false, "include_type_hints": false, "auto_detect_types": false, "redact_fields": null, "redact_patterns": null, "redact_large_objects": false, "redaction_replacement": "<REDACTED>", "include_redaction_summary": false, "audit_trail": false, "cache_scope": "operation", "cache_size_limit": 1000, "cache_warn_on_limit": true, "cache_metrics_enabled": false}}}, "medium_dataset": {"description": "Medium-sized realistic dataset", "results": {"serialization": {"mean": 0.0009447551000008048, "min": 0.0009318930000006276, "max": 0.0009583520000120416, "std": 8.911188292057302e-06, "mean_ms": 0.9447551000008048}, "deserialization": {"mean": 0.0019205019000025914, "min": 0.0019010960000116484, "max": 0.00197536400000331, "std": 2.1310521252738317e-05, "mean_ms": 1.9205019000025914}, "total_time_ms": 2.865257000003396, "successful_runs": 10, "config": {"date_format": "unix", "custom_date_format": null, "uuid_format": "object", "parse_uuids": true, "dataframe_orient": "values", "datetime_output": "json_safe", "series_output": "json_safe", "dataframe_output": "json_safe", "numpy_output": "json_safe", "nan_handling": "null", "type_coercion": "safe", "preserve_decimals": false, "preserve_complex": false, "max_depth": 50, "max_size": 100000, "max_string_length": 1000000, "custom_serializers": null, "sort_keys": false, "ensure_ascii": false, "check_if_serialized": false, "include_type_hints": false, "auto_detect_types": false, "redact_fields": null, "redact_patterns": null, "redact_large_objects": false, "redaction_replacement": "<REDACTED>", "include_redaction_summary": false, "audit_trail": false, "cache_scope": "operation", "cache_size_limit": 1000, "cache_warn_on_limit": true, "cache_metrics_enabled": false}}}}}, "ml_training": {"description": "ML model serialization", "datasets": {"small_objects": {"description": "Small API-style objects", "results": {"serialization": {"mean": 2.8220699998371402e-05, "min": 2.637900000479476e-05, "max": 3.182999999751246e-05, "std": 1.6916254526817595e-06, "mean_ms": 0.0282206999983714}, "deserialization": {"mean": 3.436740000211103e-05, "min": 3.202900001042508e-05, "max": 4.8430999996185164e-05, "std": 5.000358388572571e-06, "mean_ms": 0.034367400002111026}, "total_time_ms": 0.06258810000048243, "successful_runs": 10, "config": {"date_format": "unix_ms", "custom_date_format": null, "uuid_format": "object", "parse_uuids": true, "dataframe_orient": "records", "datetime_output": "json_safe", "series_output": "json_safe", "dataframe_output": "json_safe", "numpy_output": "json_safe", "nan_handling": "null", "type_coercion": "aggressive", "preserve_decimals": false, "preserve_complex": false, "max_depth": 50, "max_size": 100000, "max_string_length": 1000000, "custom_serializers": null, "sort_keys": true, "ensure_ascii": false, "check_if_serialized": false, "include_type_hints": true, "auto_detect_types": false, "redact_fields": null, "redact_patterns": null, "redact_large_objects": false, "redaction_replacement": "<REDACTED>", "include_redaction_summary": false, "audit_trail": false, "cache_scope": "operation", "cache_size_limit": 1000, "cache_warn_on_limit": true, "cache_metrics_enabled": false}}}, "complex_types": {"description": "Complex type handling", "results": {"serialization": {"mean": 6.31180000027598e-05, "min": 5.7738000009521784e-05, "max": 8.07610000066461e-05, "std": 7.935126296684593e-06, "mean_ms": 0.0631180000027598}, "deserialization": {"mean": 6.15517999989379e-05, "min": 5.98719999942432e-05, "max": 6.462999999712338e-05, "std": 1.3051275619944213e-06, "mean_ms": 0.061551799998937895}, "total_time_ms": 0.1246698000016977, "successful_runs": 10, "config": {"date_format": "unix_ms", "custom_date_format": null, "uuid_format": "object", "parse_uuids": true, "dataframe_orient": "records",