{"suite_type": "configurations", "metadata": {"timestamp": 1767585588.272787, "python_version": "3.12.12", "datason_version": "0.13.0", "enhancement": "capability_based_testing_v1"}, "configurations": {"default": {"description": "Out-of-box experience", "datasets": {"small_objects": {"description": "Small API-style objects", "results": {"serialization": {"mean": 2.854229999229574e-05, "min": 2.607900000839436e-05, "max": 3.395399994587933e-05, "std": 2.315486196350565e-06, "mean_ms": 0.02854229999229574}, "deserialization": {"mean": 3.52698999677159e-05, "min": 3.442499996708648e-05, "max": 3.791099993577518e-05, "std": 1.152591602587758e-06, "mean_ms": 0.0352698999677159}, "total_time_ms": 0.06381219996001164, "successful_runs": 10, "config": {}}}, "complex_types": {"description": "Complex type handling", "results": {"serialization": {"mean": 5.248479999409028e-05, "min": 4.8870999989958364e-05, "max": 6.131399982223229e-05, "std": 3.9878640511816205e-06, "mean_ms": 0.05248479999409028}, "deserialization": {"mean": 7.206860002497705e-05, "min": 6.860800021968316e-05, "max": 8.953800011113344e-05, "std": 6.261967217747173e-06, "mean_ms": 0.07206860002497706}, "total_time_ms": 0.12455340001906734, "successful_runs": 10, "config": {}}}, "medium_dataset": {"description": "Medium-sized realistic dataset", "results": {"serialization": {"mean": 0.000903037799980666, "min": 0.0008879079998678208, "max": 0.0009203679999245651, "std": 1.1156656158476297e-05, "mean_ms": 0.903037799980666}, "deserialization": {"mean": 0.0021967700999766747, "min": 0.002159991999860722, "max": 0.0022592379998513934, "std": 2.8803523852087277e-05, "mean_ms": 2.196770099976675}, "total_time_ms": 3.099807899957341, "successful_runs": 10, "config": {}}}}}, "api_fast": {"description": "Fast API responses", "datasets": {"small_objects": {"description": "Small API-style objects", "results": {"serialization": {"mean": 3.274820001024637e-05, "min": 2.8223000072102877e-05, "max": 6.194499997036473e-05, "std": 1.0354118899899833e-05, "mean_ms": 0.032748200010246364}, "deserialization": {"mean": 3.644320001967571e-05, "min": 3.368200009390421e-05, "max": 5.011400003240851e-05, "std": 4.951447373065383e-06, "mean_ms": 0.036443200019675714}, "total_time_ms": 0.06919140002992208, "successful_runs": 10, "config": {"date_format": "unix", "custom_date_format": null, "uuid_format": "object", "parse_uuids": true, "dataframe_orient": "values", "datetime_output": "json_safe", "series_output": "json_safe", "dataframe_output": "json_safe", "numpy_output": "json_safe", "nan_handling": "null", "type_coercion": "safe", "preserve_decimals": false, "preserve_complex": false, "max_depth": 50, "max_size": 100000, "max_string_length": 1000000, "custom_serializers": null, "sort_keys": false, "ensure_ascii": false, "check_if_serialized": false, "include_type_hints": false, "auto_detect_types": false, "redact_fields": null, "redact_patterns": null, "redact_large_objects": false, "redaction_replacement": "<REDACTED>", "include_redaction_summary": false, "audit_trail": false, "cache_scope": "operation", "cache_size_limit": 1000, "cache_warn_on_limit": true, "cache_metrics_enabled": false}}}, "complex_types": {"description": "Complex type handling", "results": {"serialization": {"mean": 6.224810006187909e-05, "min": 5.861900012860133e-05, "max": 6.90990000293823e-05, "std": 3.525204540598576e-06, "mean_ms": 0.062248100061879086}, "deserialization": {"mean": 6.778639999538427e-05, "min": 6.360800011862011e-05, "max": 8.247400000982452e-05, "std": 6.8573641385901794e-06, "mean_ms": 0.06778639999538427}, "total_time_ms": 0.13003450005726336, "successful_runs": 10, "config": {"date_format": "unix", "custom_date_format": null, "uuid_format": "object", "parse_uuids": true, "dataframe_orient": "values", "datetime_output": "json_safe", "series_output": "json_safe", "dataframe_output": "json_safe", "numpy_output": "json_safe", "nan_handling": "null", "type_coercion": "safe", "preserve_decimals": false, "preserve_complex": false, "max_depth": 50, "max_size": 100000, "max_string_length": 1000000, "custom_serializers": null, "sort_keys": false, "ensure_ascii": false, "check_if_serialized": false, "include_type_hints": false, "auto_detect_types": false, "redact_fields": null, "redact_patterns": null, "redact_large_objects": false, "redaction_replacement": "<REDACTED>", "include_redaction_summary": false, "audit_trail": false, "cache_scope": "operation", "cache_size_limit": 1000, "cache_warn_on_limit": true, "cache_metrics_enabled": false}}}, "medium_dataset": {"description": "Medium-sized realistic dataset", "results": {"serialization": {"mean": 0.0010523963999730767, "min": 0.0010416640000130428, "max": 0.001057112999887977, "std": 5.104779696749494e-06, "mean_ms": 1.0523963999730768}, "deserialization": {"mean": 0.002061813800014534, "min": 0.0020473419999689213, "max": 0.0020834890001424355, "std": 1.3681538486643017e-05, "mean_ms": 2.0618138000145336}, "total_time_ms": 3.114210199987611, "successful_runs": 10, "config": {"date_format": "unix", "custom_date_format": null, "uuid_format": "object", "parse_uuids": true, "dataframe_orient": "values", "datetime_output": "json_safe", "series_output": "json_safe", "dataframe_output": "json_safe", "numpy_output": "json_safe", "nan_handling": "null", "type_coercion": "safe", "preserve_decimals": false, "preserve_complex": false, "max_depth": 50, "max_size": 100000, "max_string_length": 1000000, "custom_serializers": null, "sort_keys": false, "ensure_ascii": false, "check_if_serialized": false, "include_type_hints": false, "auto_detect_types": false, "redact_fields": null, "redact_patterns": null, "redact_large_objects": false, "redaction_replacement": "<REDACTED>", "include_redaction_summary": false, "audit_trail": false, "cache_scope": "operation", "cache_size_limit": 1000, "cache_warn_on_limit": true, "cache_metrics_enabled": false}}}}}, "ml_training": {"description": "ML model serialization", "datasets": {"small_objects": {"description": "Small API-style objects", "results": {"serialization": {"mean": 3.518049995818728e-05, "min": 2.8993999876547605e-05, "max": 5.6997000001501874e-05, "std": 1.0418426121122255e-05, "mean_ms": 0.035180499958187283}, "deserialization": {"mean": 3.524280002693558e-05, "min": 3.379300005690311e-05, "max": 3.827099999398342e-05, "std": 1.3223082592779376e-06, "mean_ms": 0.03524280002693558}, "total_time_ms": 0.07042329998512285, "successful_runs": 10, "config": {"date_format": "unix_ms", "custom_date_format": null, "uuid_format": "object", "parse_uuids": true, "dataframe_orient": "records", "datetime_output": "json_safe", "series_output": "json_safe", "dataframe_output": "json_safe", "numpy_output": "json_safe", "nan_handling": "null", "type_coercion": "aggressive", "preserve_decimals": false, "preserve_complex": false, "max_depth": 50, "max_size": 100000, "max_string_length": 1000000, "custom_serializers": null, "sort_keys": true, "ensure_ascii": false, "check_if_serialized": false, "include_type_hints": true, "auto_detect_types": false, "redact_fields": null, "redact_patterns": null, "redact_large_objects": false, "redaction_replacement": "<REDACTED>", "include_redaction_summary": false, "audit_trail": false, "cache_scope": "operation", "cache_size_limit": 1000, "cache_warn_on_limit": true, "cache_metrics_enabled": false}}}, "complex_types": {"description": "Complex type handling", "results": {"serialization": {"mean": 7.630630000221572e-05, "min": 6.40189998648566e-05, "max": 0.00014712500001223816, "std": 2.521581362869706e-05, "mean_ms": 0.07630630000221572}, "deserialization": {"mean": 7.3097200038319e-05, "min": 6.474000019807136e-05, "max": 0.00010012699999606411, "std": 1.4186681097201532e-05, "mean_ms": 0.07309720003831899}, "total_time_ms": 0.1494035000405347, "successful_runs": 10, "config": {"date_format": "unix_ms", "custom_date_format": null, "uuid_format": "object", "parse_uuids": true, "dataframe_orient": "records",