{"suite_type": "configurations", "metadata": {"timestamp": 1756145876.322879, "python_version": "3.12.11", "datason_version": "0.12.0", "enhancement": "capability_based_testing_v1"}, "configurations": {"default": {"description": "Out-of-box experience", "datasets": {"small_objects": {"description": "Small API-style objects", "results": {"serialization": {"mean": 4.1704200000936e-05, "min": 3.5836999998650754e-05, "max": 5.3230000006010414e-05, "std": 6.232678430184893e-06, "mean_ms": 0.041704200000936}, "deserialization": {"mean": 0.0009496812999969962, "min": 0.0009280000000018163, "max": 0.0009763599999956796, "std": 1.7309518337490862e-05, "mean_ms": 0.9496812999969961}, "total_time_ms": 0.9913854999979321, "successful_runs": 10, "config": {}}}, "complex_types": {"description": "Complex type handling", "results": {"serialization": {"mean": 6.63384999995742e-05, "min": 6.353900000988233e-05, "max": 7.731499999863445e-05, "std": 4.09130647971644e-06, "mean_ms": 0.0663384999995742}, "deserialization": {"mean": 0.0017476069000011308, "min": 0.0017249030000101584, "max": 0.0018574010000094177, "std": 3.928674566790454e-05, "mean_ms": 1.7476069000011307}, "total_time_ms": 1.8139454000007051, "successful_runs": 10, "config": {}}}, "medium_dataset": {"description": "Medium-sized realistic dataset", "results": {"serialization": {"mean": 0.0009726150999995297, "min": 0.0009497409999994488, "max": 0.0009896760000032145, "std": 1.4004667544437601e-05, "mean_ms": 0.9726150999995298}, "deserialization": {"mean": 0.12477757129999674, "min": 0.12389032100000463, "max": 0.12582369599999765, "std": 0.0006481752892101924, "mean_ms": 124.77757129999674}, "total_time_ms": 125.75018639999627, "successful_runs": 10, "config": {}}}}}, "api_fast": {"description": "Fast API responses", "datasets": {"small_objects": {"description": "Small API-style objects", "results": {"serialization": {"mean": 3.762570000276355e-05, "min": 3.580700000327397e-05, "max": 4.088700001148027e-05, "std": 1.5896597883811752e-06, "mean_ms": 0.03762570000276355}, "deserialization": {"mean": 0.0009807990999988192, "min": 0.0009597390000095629, "max": 0.001030262000000448, "std": 2.1619510234956087e-05, "mean_ms": 0.9807990999988192}, "total_time_ms": 1.0184248000015828, "successful_runs": 10, "config": {"date_format": "unix", "custom_date_format": null, "uuid_format": "object", "parse_uuids": true, "dataframe_orient": "values", "datetime_output": "json_safe", "series_output": "json_safe", "dataframe_output": "json_safe", "numpy_output": "json_safe", "nan_handling": "null", "type_coercion": "safe", "preserve_decimals": false, "preserve_complex": false, "max_depth": 50, "max_size": 100000, "max_string_length": 1000000, "custom_serializers": null, "sort_keys": false, "ensure_ascii": false, "check_if_serialized": false, "include_type_hints": false, "auto_detect_types": false, "redact_fields": null, "redact_patterns": null, "redact_large_objects": false, "redaction_replacement": "<REDACTED>", "include_redaction_summary": false, "audit_trail": false, "cache_scope": "operation", "cache_size_limit": 1000, "cache_warn_on_limit": true, "cache_metrics_enabled": false}}}, "complex_types": {"description": "Complex type handling", "results": {"serialization": {"mean": 7.994890000020404e-05, "min": 7.560099999182057e-05, "max": 9.228300000074796e-05, "std": 6.068956133905828e-06, "mean_ms": 0.07994890000020405}, "deserialization": {"mean": 0.0017230406000010134, "min": 0.0017077130000018315, "max": 0.0017367570000033083, "std": 1.0417132441210331e-05, "mean_ms": 1.7230406000010134}, "total_time_ms": 1.8029895000012173, "successful_runs": 10, "config": {"date_format": "unix", "custom_date_format": null, "uuid_format": "object", "parse_uuids": true, "dataframe_orient": "values", "datetime_output": "json_safe", "series_output": "json_safe", "dataframe_output": "json_safe", "numpy_output": "json_safe", "nan_handling": "null", "type_coercion": "safe", "preserve_decimals": false, "preserve_complex": false, "max_depth": 50, "max_size": 100000, "max_string_length": 1000000, "custom_serializers": null, "sort_keys": false, "ensure_ascii": false, "check_if_serialized": false, "include_type_hints": false, "auto_detect_types": false, "redact_fields": null, "redact_patterns": null, "redact_large_objects": false, "redaction_replacement": "<REDACTED>", "include_redaction_summary": false, "audit_trail": false, "cache_scope": "operation", "cache_size_limit": 1000, "cache_warn_on_limit": true, "cache_metrics_enabled": false}}}, "medium_dataset": {"description": "Medium-sized realistic dataset", "results": {"serialization": {"mean": 0.0010975572999996075, "min": 0.0010773209999968003, "max": 0.001139898000005246, "std": 1.8405962827452858e-05, "mean_ms": 1.0975572999996075}, "deserialization": {"mean": 0.12545780009999988, "min": 0.12426218699999936, "max": 0.12609349199999542, "std": 0.0004823479251842972, "mean_ms": 125.45780009999987}, "total_time_ms": 126.55535739999948, "successful_runs": 10, "config": {"date_format": "unix", "custom_date_format": null, "uuid_format": "object", "parse_uuids": true, "dataframe_orient": "values", "datetime_output": "json_safe", "series_output": "json_safe", "dataframe_output": "json_safe", "numpy_output": "json_safe", "nan_handling": "null", "type_coercion": "safe", "preserve_decimals": false, "preserve_complex": false, "max_depth": 50, "max_size": 100000, "max_string_length": 1000000, "custom_serializers": null, "sort_keys": false, "ensure_ascii": false, "check_if_serialized": false, "include_type_hints": false, "auto_detect_types": false, "redact_fields": null, "redact_patterns": null, "redact_large_objects": false, "redaction_replacement": "<REDACTED>", "include_redaction_summary": false, "audit_trail": false, "cache_scope": "operation", "cache_size_limit": 1000, "cache_warn_on_limit": true, "cache_metrics_enabled": false}}}}}, "ml_training": {"description": "ML model serialization", "datasets": {"small_objects": {"description": "Small API-style objects", "results": {"serialization": {"mean": 4.02876000052288e-05, "min": 3.8002000010806114e-05, "max": 4.6197000003189714e-05, "std": 2.3654053058314635e-06, "mean_ms": 0.040287600005228796}, "deserialization": {"mean": 0.0009601125999992632, "min": 0.0009502919999988535, "max": 0.0009698389999925894, "std": 5.9436909436704615e-06, "mean_ms": 0.9601125999992632}, "total_time_ms": 1.000400200004492, "successful_runs": 10, "config": {"date_format": "unix_ms", "custom_date_format": null, "uuid_format": "object", "parse_uuids": true, "dataframe_orient": "records", "datetime_output": "json_safe", "series_output": "json_safe", "dataframe_output": "json_safe", "numpy_output": "json_safe", "nan_handling": "null", "type_coercion": "aggressive", "preserve_decimals": false, "preserve_complex": false, "max_depth": 50, "max_size": 100000, "max_string_length": 1000000, "custom_serializers": null, "sort_keys": true, "ensure_ascii": false, "check_if_serialized": false, "include_type_hints": true, "auto_detect_types": false, "redact_fields": null, "redact_patterns": null, "redact_large_objects": false, "redaction_replacement": "<REDACTED>", "include_redaction_summary": false, "audit_trail": false, "cache_scope": "operation", "cache_size_limit": 1000, "cache_warn_on_limit": true, "cache_metrics_enabled": false}}}, "complex_types": {"description": "Complex type handling", "results": {"serialization": {"mean": 8.839670000071465e-05, "min": 8.248500000718195e-05, "max": 0.00010150100000316797, "std": 6.668623596579556e-06, "mean_ms": 0.08839670000071465}, "deserialization": {"mean": 0.0017400796000003993, "min": 0.001712711999999783, "max": 0.0018011379999904875, "std": 2.4429924294451106e-05, "mean_ms": 1.7400796000003993}, "total_time_ms": 1.828476300001114, "successful_runs": 10, "config": {"date_format": "unix_ms", "custom_date_format": null, "uuid_format": "object", "parse_uuids": true, "dataframe_orient": "records", "datetime_output": "json_safe",