{"suite_type": "configurations", "metadata": {"timestamp": 1756091986.5479143, "python_version": "3.11.13", "datason_version": "0.12.0", "enhancement": "capability_based_testing_v1"}, "configurations": {"default": {"description": "Out-of-box experience", "datasets": {"small_objects": {"description": "Small API-style objects", "results": {"serialization": {"mean": 3.23676000007822e-05, "min": 3.0127000002266868e-05, "max": 3.924300000335279e-05, "std": 3.0675087687760523e-06, "mean_ms": 0.032367600000782204}, "deserialization": {"mean": 0.0008951975999991646, "min": 0.0008688550000073292, "max": 0.0009256209999932707, "std": 1.6835177053584407e-05, "mean_ms": 0.8951975999991646}, "total_time_ms": 0.9275651999999468, "successful_runs": 10, "config": {}}}, "complex_types": {"description": "Complex type handling", "results": {"serialization": {"mean": 6.112910000126704e-05, "min": 5.714600000317205e-05, "max": 7.404800000188061e-05, "std": 5.092838380474238e-06, "mean_ms": 0.061129100001267034}, "deserialization": {"mean": 0.0016149970000000735, "min": 0.0015941799999978912, "max": 0.0016299669999995103, "std": 1.3749412341191194e-05, "mean_ms": 1.6149970000000735}, "total_time_ms": 1.6761261000013405, "successful_runs": 10, "config": {}}}, "medium_dataset": {"description": "Medium-sized realistic dataset", "results": {"serialization": {"mean": 0.0007981219999976475, "min": 0.0007836449999985007, "max": 0.0008193209999944884, "std": 9.351932799275966e-06, "mean_ms": 0.7981219999976474}, "deserialization": {"mean": 0.11336726799999894, "min": 0.11280620399999464, "max": 0.1143662309999911, "std": 0.00046464625859368285, "mean_ms": 113.36726799999894}, "total_time_ms": 114.16538999999659, "successful_runs": 10, "config": {}}}}}, "api_fast": {"description": "Fast API responses", "datasets": {"small_objects": {"description": "Small API-style objects", "results": {"serialization": {"mean": 3.210410000065167e-05, "min": 3.083800000069914e-05, "max": 3.579600000591654e-05, "std": 1.4359598009086728e-06, "mean_ms": 0.03210410000065167}, "deserialization": {"mean": 0.0008892733999999791, "min": 0.0008602279999934126, "max": 0.0010250159999998232, "std": 4.8707531763624826e-05, "mean_ms": 0.8892733999999791}, "total_time_ms": 0.9213775000006308, "successful_runs": 10, "config": {"date_format": "unix", "custom_date_format": null, "uuid_format": "object", "parse_uuids": true, "dataframe_orient": "values", "datetime_output": "json_safe", "series_output": "json_safe", "dataframe_output": "json_safe", "numpy_output": "json_safe", "nan_handling": "null", "type_coercion": "safe", "preserve_decimals": false, "preserve_complex": false, "max_depth": 50, "max_size": 100000, "max_string_length": 1000000, "custom_serializers": null, "sort_keys": false, "ensure_ascii": false, "check_if_serialized": false, "include_type_hints": false, "auto_detect_types": false, "redact_fields": null, "redact_patterns": null, "redact_large_objects": false, "redaction_replacement": "<REDACTED>", "include_redaction_summary": false, "audit_trail": false, "cache_scope": "operation", "cache_size_limit": 1000, "cache_warn_on_limit": true, "cache_metrics_enabled": false}}}, "complex_types": {"description": "Complex type handling", "results": {"serialization": {"mean": 7.144969999899331e-05, "min": 6.634400000393725e-05, "max": 8.538999999530006e-05, "std": 6.698191513989038e-06, "mean_ms": 0.07144969999899331}, "deserialization": {"mean": 0.0015847446999998737, "min": 0.0015625610000000734, "max": 0.0016662750000051574, "std": 3.0147044080570545e-05, "mean_ms": 1.5847446999998738}, "total_time_ms": 1.656194399998867, "successful_runs": 10, "config": {"date_format": "unix", "custom_date_format": null, "uuid_format": "object", "parse_uuids": true, "dataframe_orient": "values", "datetime_output": "json_safe", "series_output": "json_safe", "dataframe_output": "json_safe", "numpy_output": "json_safe", "nan_handling": "null", "type_coercion": "safe", "preserve_decimals": false, "preserve_complex": false, "max_depth": 50, "max_size": 100000, "max_string_length": 1000000, "custom_serializers": null, "sort_keys": false, "ensure_ascii": false, "check_if_serialized": false, "include_type_hints": false, "auto_detect_types": false, "redact_fields": null, "redact_patterns": null, "redact_large_objects": false, "redaction_replacement": "<REDACTED>", "include_redaction_summary": false, "audit_trail": false, "cache_scope": "operation", "cache_size_limit": 1000, "cache_warn_on_limit": true, "cache_metrics_enabled": false}}}, "medium_dataset": {"description": "Medium-sized realistic dataset", "results": {"serialization": {"mean": 0.000889786999999842, "min": 0.0008777409999964902, "max": 0.0009006840000012062, "std": 8.341273165653128e-06, "mean_ms": 0.889786999999842}, "deserialization": {"mean": 0.1135608992999991, "min": 0.11304346100000373, "max": 0.11421477199999686, "std": 0.00037803153692748807, "mean_ms": 113.56089929999911}, "total_time_ms": 114.45068629999894, "successful_runs": 10, "config": {"date_format": "unix", "custom_date_format": null, "uuid_format": "object", "parse_uuids": true, "dataframe_orient": "values", "datetime_output": "json_safe", "series_output": "json_safe", "dataframe_output": "json_safe", "numpy_output": "json_safe", "nan_handling": "null", "type_coercion": "safe", "preserve_decimals": false, "preserve_complex": false, "max_depth": 50, "max_size": 100000, "max_string_length": 1000000, "custom_serializers": null, "sort_keys": false, "ensure_ascii": false, "check_if_serialized": false, "include_type_hints": false, "auto_detect_types": false, "redact_fields": null, "redact_patterns": null, "redact_large_objects": false, "redaction_replacement": "<REDACTED>", "include_redaction_summary": false, "audit_trail": false, "cache_scope": "operation", "cache_size_limit": 1000, "cache_warn_on_limit": true, "cache_metrics_enabled": false}}}}}, "ml_training": {"description": "ML model serialization", "datasets": {"small_objects": {"description": "Small API-style objects", "results": {"serialization": {"mean": 3.3258200002705965e-05, "min": 3.218999999887728e-05, "max": 3.578700000161916e-05, "std": 1.059083020963663e-06, "mean_ms": 0.03325820000270596}, "deserialization": {"mean": 0.0008684846000008406, "min": 0.0008526849999981323, "max": 0.0008776920000030941, "std": 7.259288935294136e-06, "mean_ms": 0.8684846000008406}, "total_time_ms": 0.9017428000035466, "successful_runs": 10, "config": {"date_format": "unix_ms", "custom_date_format": null, "uuid_format": "object", "parse_uuids": true, "dataframe_orient": "records", "datetime_output": "json_safe", "series_output": "json_safe", "dataframe_output": "json_safe", "numpy_output": "json_safe", "nan_handling": "null", "type_coercion": "aggressive", "preserve_decimals": false, "preserve_complex": false, "max_depth": 50, "max_size": 100000, "max_string_length": 1000000, "custom_serializers": null, "sort_keys": true, "ensure_ascii": false, "check_if_serialized": false, "include_type_hints": true, "auto_detect_types": false, "redact_fields": null, "redact_patterns": null, "redact_large_objects": false, "redaction_replacement": "<REDACTED>", "include_redaction_summary": false, "audit_trail": false, "cache_scope": "operation", "cache_size_limit": 1000, "cache_warn_on_limit": true, "cache_metrics_enabled": false}}}, "complex_types": {"description": "Complex type handling", "results": {"serialization": {"mean": 7.378119999970067e-05, "min": 7.19850000052702e-05, "max": 7.716499999332882e-05, "std": 1.6982127720844675e-06, "mean_ms": 0.07378119999970068}, "deserialization": {"mean": 0.0015940623000005871, "min": 0.0015758880000049658, "max": 0.0016241179999951783, "std": 1.43844573048204e-05, "mean_ms": 1.5940623000005871}, "total_time_ms": 1.6678435000002878, "successful_runs": 10, "config": {"date_format": "unix_ms", "custom_date_format": null, "uuid_format": "object", "parse_uuids": true, "dataframe_orient": "records", "datetime_output": "json_safe",