{"suite_type": "configurations", "metadata": {"timestamp": 1756114845.244106, "python_version": "3.11.13", "datason_version": "0.12.0", "enhancement": "capability_based_testing_v1"}, "configurations": {"default": {"description": "Out-of-box experience", "datasets": {"small_objects": {"description": "Small API-style objects", "results": {"serialization": {"mean": 3.251490000053536e-05, "min": 2.935499999523472e-05, "max": 4.0085000009071337e-05, "std": 3.5370556666191983e-06, "mean_ms": 0.03251490000053536}, "deserialization": {"mean": 0.000908332699998482, "min": 0.0008820110000016257, "max": 0.0009495780000037257, "std": 2.1671896241959285e-05, "mean_ms": 0.908332699998482}, "total_time_ms": 0.9408475999990173, "successful_runs": 10, "config": {}}}, "complex_types": {"description": "Complex type handling", "results": {"serialization": {"mean": 6.180889999995998e-05, "min": 5.800899999997e-05, "max": 7.47299999943607e-05, "std": 5.187074647781974e-06, "mean_ms": 0.061808899999959976}, "deserialization": {"mean": 0.0016276113999978748, "min": 0.001605987000004916, "max": 0.0016371560000010277, "std": 1.0028639335755494e-05, "mean_ms": 1.6276113999978747}, "total_time_ms": 1.6894202999978347, "successful_runs": 10, "config": {}}}, "medium_dataset": {"description": "Medium-sized realistic dataset", "results": {"serialization": {"mean": 0.0008230578000009813, "min": 0.0007945069999948373, "max": 0.0008497110000007524, "std": 2.0890113761334203e-05, "mean_ms": 0.8230578000009814}, "deserialization": {"mean": 0.1173358618000023, "min": 0.11550267700000916, "max": 0.11813689800000304, "std": 0.0008065394562254282, "mean_ms": 117.3358618000023}, "total_time_ms": 118.15891960000329, "successful_runs": 10, "config": {}}}}}, "api_fast": {"description": "Fast API responses", "datasets": {"small_objects": {"description": "Small API-style objects", "results": {"serialization": {"mean": 3.249680000010358e-05, "min": 3.0336999998326064e-05, "max": 4.228900000669e-05, "std": 3.606526548932315e-06, "mean_ms": 0.032496800000103576}, "deserialization": {"mean": 0.0008921363999974119, "min": 0.0008838850000074672, "max": 0.0009109350000073846, "std": 8.434762991890459e-06, "mean_ms": 0.8921363999974119}, "total_time_ms": 0.9246331999975155, "successful_runs": 10, "config": {"date_format": "unix", "custom_date_format": null, "uuid_format": "object", "parse_uuids": true, "dataframe_orient": "values", "datetime_output": "json_safe", "series_output": "json_safe", "dataframe_output": "json_safe", "numpy_output": "json_safe", "nan_handling": "null", "type_coercion": "safe", "preserve_decimals": false, "preserve_complex": false, "max_depth": 50, "max_size": 100000, "max_string_length": 1000000, "custom_serializers": null, "sort_keys": false, "ensure_ascii": false, "check_if_serialized": false, "include_type_hints": false, "auto_detect_types": false, "redact_fields": null, "redact_patterns": null, "redact_large_objects": false, "redaction_replacement": "<REDACTED>", "include_redaction_summary": false, "audit_trail": false, "cache_scope": "operation", "cache_size_limit": 1000, "cache_warn_on_limit": true, "cache_metrics_enabled": false}}}, "complex_types": {"description": "Complex type handling", "results": {"serialization": {"mean": 6.905230000313623e-05, "min": 6.670500000893753e-05, "max": 7.417899999495603e-05, "std": 2.8546061020282473e-06, "mean_ms": 0.06905230000313622}, "deserialization": {"mean": 0.0016220978000035303, "min": 0.0015960580000040636, "max": 0.001640700999999467, "std": 1.448235844545171e-05, "mean_ms": 1.6220978000035302}, "total_time_ms": 1.6911501000066667, "successful_runs": 10, "config": {"date_format": "unix", "custom_date_format": null, "uuid_format": "object", "parse_uuids": true, "dataframe_orient": "values", "datetime_output": "json_safe", "series_output": "json_safe", "dataframe_output": "json_safe", "numpy_output": "json_safe", "nan_handling": "null", "type_coercion": "safe", "preserve_decimals": false, "preserve_complex": false, "max_depth": 50, "max_size": 100000, "max_string_length": 1000000, "custom_serializers": null, "sort_keys": false, "ensure_ascii": false, "check_if_serialized": false, "include_type_hints": false, "auto_detect_types": false, "redact_fields": null, "redact_patterns": null, "redact_large_objects": false, "redaction_replacement": "<REDACTED>", "include_redaction_summary": false, "audit_trail": false, "cache_scope": "operation", "cache_size_limit": 1000, "cache_warn_on_limit": true, "cache_metrics_enabled": false}}}, "medium_dataset": {"description": "Medium-sized realistic dataset", "results": {"serialization": {"mean": 0.0009260957999984498, "min": 0.0009037109999923132, "max": 0.0009760079999949767, "std": 2.2101103129418576e-05, "mean_ms": 0.9260957999984498}, "deserialization": {"mean": 0.11698510689999608, "min": 0.1161726999999928, "max": 0.11826882399999761, "std": 0.0006940428622071344, "mean_ms": 116.98510689999608}, "total_time_ms": 117.91120269999453, "successful_runs": 10, "config": {"date_format": "unix", "custom_date_format": null, "uuid_format": "object", "parse_uuids": true, "dataframe_orient": "values", "datetime_output": "json_safe", "series_output": "json_safe", "dataframe_output": "json_safe", "numpy_output": "json_safe", "nan_handling": "null", "type_coercion": "safe", "preserve_decimals": false, "preserve_complex": false, "max_depth": 50, "max_size": 100000, "max_string_length": 1000000, "custom_serializers": null, "sort_keys": false, "ensure_ascii": false, "check_if_serialized": false, "include_type_hints": false, "auto_detect_types": false, "redact_fields": null, "redact_patterns": null, "redact_large_objects": false, "redaction_replacement": "<REDACTED>", "include_redaction_summary": false, "audit_trail": false, "cache_scope": "operation", "cache_size_limit": 1000, "cache_warn_on_limit": true, "cache_metrics_enabled": false}}}}}, "ml_training": {"description": "ML model serialization", "datasets": {"small_objects": {"description": "Small API-style objects", "results": {"serialization": {"mean": 3.538439999886123e-05, "min": 3.278200000522702e-05, "max": 4.4833999993443285e-05, "std": 3.544122995342027e-06, "mean_ms": 0.03538439999886123}, "deserialization": {"mean": 0.0008842234999988819, "min": 0.0008659509999944248, "max": 0.0009029699999985041, "std": 1.0197974759750681e-05, "mean_ms": 0.8842234999988818}, "total_time_ms": 0.9196078999977432, "successful_runs": 10, "config": {"date_format": "unix_ms", "custom_date_format": null, "uuid_format": "object", "parse_uuids": true, "dataframe_orient": "records", "datetime_output": "json_safe", "series_output": "json_safe", "dataframe_output": "json_safe", "numpy_output": "json_safe", "nan_handling": "null", "type_coercion": "aggressive", "preserve_decimals": false, "preserve_complex": false, "max_depth": 50, "max_size": 100000, "max_string_length": 1000000, "custom_serializers": null, "sort_keys": true, "ensure_ascii": false, "check_if_serialized": false, "include_type_hints": true, "auto_detect_types": false, "redact_fields": null, "redact_patterns": null, "redact_large_objects": false, "redaction_replacement": "<REDACTED>", "include_redaction_summary": false, "audit_trail": false, "cache_scope": "operation", "cache_size_limit": 1000, "cache_warn_on_limit": true, "cache_metrics_enabled": false}}}, "complex_types": {"description": "Complex type handling", "results": {"serialization": {"mean": 7.929049999830796e-05, "min": 7.468999999105108e-05, "max": 8.797399999593836e-05, "std": 4.480004891631948e-06, "mean_ms": 0.07929049999830795}, "deserialization": {"mean": 0.0016676941999989481, "min": 0.0016137610000015457, "max": 0.0018814019999950915, "std": 7.727922146689853e-05, "mean_ms": 1.667694199998948}, "total_time_ms": 1.7469846999972563, "successful_runs": 10, "config": {"date_format": "unix_ms", "custom_date_format": null, "uuid_format": "object", "parse_uuids": true, "dataframe_orient": "records", "datetime_output": "json_safe",