{"suite_type": "configurations", "metadata": {"timestamp": 1756383332.0366168, "python_version": "3.12.11", "datason_version": "0.13.0", "enhancement": "capability_based_testing_v1"}, "configurations": {"default": {"description": "Out-of-box experience", "datasets": {"small_objects": {"description": "Small API-style objects", "results": {"serialization": {"mean": 2.668579999962617e-05, "min": 2.4355999997283106e-05, "max": 3.2611000001736556e-05, "std": 2.6321478267349495e-06, "mean_ms": 0.02668579999962617}, "deserialization": {"mean": 3.5281599999592575e-05, "min": 3.199999999736747e-05, "max": 5.0805000000764267e-05, "std": 5.6782377984114024e-06, "mean_ms": 0.03528159999959257}, "total_time_ms": 0.061967399999218735, "successful_runs": 10, "config": {}}}, "complex_types": {"description": "Complex type handling", "results": {"serialization": {"mean": 4.704759999896169e-05, "min": 4.531500000126698e-05, "max": 5.0252999997724146e-05, "std": 1.8523285761831704e-06, "mean_ms": 0.04704759999896169}, "deserialization": {"mean": 6.788419999992357e-05, "min": 6.536200000084591e-05, "max": 8.518799999990279e-05, "std": 6.1061501019006055e-06, "mean_ms": 0.06788419999992357}, "total_time_ms": 0.11493179999888525, "successful_runs": 10, "config": {}}}, "medium_dataset": {"description": "Medium-sized realistic dataset", "results": {"serialization": {"mean": 0.000837306700000795, "min": 0.0008171019999991813, "max": 0.0008517469999986815, "std": 1.1585630563808632e-05, "mean_ms": 0.837306700000795}, "deserialization": {"mean": 0.0020731762000011146, "min": 0.0020539149999976303, "max": 0.00214571600000113, "std": 2.7507599789318014e-05, "mean_ms": 2.0731762000011145}, "total_time_ms": 2.9104829000019095, "successful_runs": 10, "config": {}}}}}, "api_fast": {"description": "Fast API responses", "datasets": {"small_objects": {"description": "Small API-style objects", "results": {"serialization": {"mean": 3.132110000052535e-05, "min": 2.5847999999939475e-05, "max": 5.124500000164289e-05, "std": 8.723543181980509e-06, "mean_ms": 0.03132110000052535}, "deserialization": {"mean": 3.328190000004838e-05, "min": 3.221000000053209e-05, "max": 3.5486000001583307e-05, "std": 1.230900796072294e-06, "mean_ms": 0.03328190000004838}, "total_time_ms": 0.06460300000057373, "successful_runs": 10, "config": {"date_format": "unix", "custom_date_format": null, "uuid_format": "object", "parse_uuids": true, "dataframe_orient": "values", "datetime_output": "json_safe", "series_output": "json_safe", "dataframe_output": "json_safe", "numpy_output": "json_safe", "nan_handling": "null", "type_coercion": "safe", "preserve_decimals": false, "preserve_complex": false, "max_depth": 50, "max_size": 100000, "max_string_length": 1000000, "custom_serializers": null, "sort_keys": false, "ensure_ascii": false, "check_if_serialized": false, "include_type_hints": false, "auto_detect_types": false, "redact_fields": null, "redact_patterns": null, "redact_large_objects": false, "redaction_replacement": "<REDACTED>", "include_redaction_summary": false, "audit_trail": false, "cache_scope": "operation", "cache_size_limit": 1000, "cache_warn_on_limit": true, "cache_metrics_enabled": false}}}, "complex_types": {"description": "Complex type handling", "results": {"serialization": {"mean": 5.578299999839942e-05, "min": 5.354000000323822e-05, "max": 5.93799999961675e-05, "std": 1.9855486204049436e-06, "mean_ms": 0.05578299999839942}, "deserialization": {"mean": 6.386219999825471e-05, "min": 5.998199999623921e-05, "max": 7.843600000256856e-05, "std": 6.307363331595644e-06, "mean_ms": 0.06386219999825471}, "total_time_ms": 0.11964519999665413, "successful_runs": 10, "config": {"date_format": "unix", "custom_date_format": null, "uuid_format": "object", "parse_uuids": true, "dataframe_orient": "values", "datetime_output": "json_safe", "series_output": "json_safe", "dataframe_output": "json_safe", "numpy_output": "json_safe", "nan_handling": "null", "type_coercion": "safe", "preserve_decimals": false, "preserve_complex": false, "max_depth": 50, "max_size": 100000, "max_string_length": 1000000, "custom_serializers": null, "sort_keys": false, "ensure_ascii": false, "check_if_serialized": false, "include_type_hints": false, "auto_detect_types": false, "redact_fields": null, "redact_patterns": null, "redact_large_objects": false, "redaction_replacement": "<REDACTED>", "include_redaction_summary": false, "audit_trail": false, "cache_scope": "operation", "cache_size_limit": 1000, "cache_warn_on_limit": true, "cache_metrics_enabled": false}}}, "medium_dataset": {"description": "Medium-sized realistic dataset", "results": {"serialization": {"mean": 0.0009319998000009378, "min": 0.0009238899999957084, "max": 0.0009462330000005181, "std": 7.443093903541023e-06, "mean_ms": 0.9319998000009377}, "deserialization": {"mean": 0.0019593571999998007, "min": 0.0019474770000016406, "max": 0.0019869800000051896, "std": 1.2729657166051484e-05, "mean_ms": 1.9593571999998007}, "total_time_ms": 2.8913570000007383, "successful_runs": 10, "config": {"date_format": "unix", "custom_date_format": null, "uuid_format": "object", "parse_uuids": true, "dataframe_orient": "values", "datetime_output": "json_safe", "series_output": "json_safe", "dataframe_output": "json_safe", "numpy_output": "json_safe", "nan_handling": "null", "type_coercion": "safe", "preserve_decimals": false, "preserve_complex": false, "max_depth": 50, "max_size": 100000, "max_string_length": 1000000, "custom_serializers": null, "sort_keys": false, "ensure_ascii": false, "check_if_serialized": false, "include_type_hints": false, "auto_detect_types": false, "redact_fields": null, "redact_patterns": null, "redact_large_objects": false, "redaction_replacement": "<REDACTED>", "include_redaction_summary": false, "audit_trail": false, "cache_scope": "operation", "cache_size_limit": 1000, "cache_warn_on_limit": true, "cache_metrics_enabled": false}}}}}, "ml_training": {"description": "ML model serialization", "datasets": {"small_objects": {"description": "Small API-style objects", "results": {"serialization": {"mean": 3.3211800000287896e-05, "min": 2.641900000099895e-05, "max": 4.999299999752793e-05, "std": 9.378753408164276e-06, "mean_ms": 0.033211800000287894}, "deserialization": {"mean": 3.541070000068203e-05, "min": 3.1989999996540064e-05, "max": 5.534299999965242e-05, "std": 7.080156135108882e-06, "mean_ms": 0.03541070000068203}, "total_time_ms": 0.06862250000096992, "successful_runs": 10, "config": {"date_format": "unix_ms", "custom_date_format": null, "uuid_format": "object", "parse_uuids": true, "dataframe_orient": "records", "datetime_output": "json_safe", "series_output": "json_safe", "dataframe_output": "json_safe", "numpy_output": "json_safe", "nan_handling": "null", "type_coercion": "aggressive", "preserve_decimals": false, "preserve_complex": false, "max_depth": 50, "max_size": 100000, "max_string_length": 1000000, "custom_serializers": null, "sort_keys": true, "ensure_ascii": false, "check_if_serialized": false, "include_type_hints": true, "auto_detect_types": false, "redact_fields": null, "redact_patterns": null, "redact_large_objects": false, "redaction_replacement": "<REDACTED>", "include_redaction_summary": false, "audit_trail": false, "cache_scope": "operation", "cache_size_limit": 1000, "cache_warn_on_limit": true, "cache_metrics_enabled": false}}}, "complex_types": {"description": "Complex type handling", "results": {"serialization": {"mean": 5.880859999933819e-05, "min": 5.651599999367818e-05, "max": 6.346899999698508e-05, "std": 2.5749330616731274e-06, "mean_ms": 0.058808599999338185}, "deserialization": {"mean": 6.371870000094759e-05, "min": 6.070300000260431e-05, "max": 8.249300000073845e-05, "std": 6.644456871792486e-06, "mean_ms": 0.06371870000094759}, "total_time_ms": 0.12252730000028578, "successful_runs": 10, "config": {"date_format": "unix_ms", "custom_date_format": null, "uuid_format": "object", "parse_uuids": true, "dataframe_orient": "records",