{"suite_type": "configurations", "metadata": {"timestamp": 1756392514.827832, "python_version": "3.12.11", "datason_version": "0.13.0", "enhancement": "capability_based_testing_v1"}, "configurations": {"default": {"description": "Out-of-box experience", "datasets": {"small_objects": {"description": "Small API-style objects", "results": {"serialization": {"mean": 2.8335900003639837e-05, "min": 2.691099996354751e-05, "max": 3.363200005424005e-05, "std": 2.0449191674853747e-06, "mean_ms": 0.028335900003639836}, "deserialization": {"mean": 3.552140001374937e-05, "min": 3.4495000022616296e-05, "max": 3.891300002578646e-05, "std": 1.3446590029601446e-06, "mean_ms": 0.03552140001374937}, "total_time_ms": 0.0638573000173892, "successful_runs": 10, "config": {}}}, "complex_types": {"description": "Complex type handling", "results": {"serialization": {"mean": 5.3576899983909246e-05, "min": 4.876100001638406e-05, "max": 7.074199993439834e-05, "std": 6.549397810842225e-06, "mean_ms": 0.05357689998390924}, "deserialization": {"mean": 7.163959999161307e-05, "min": 6.877900000290538e-05, "max": 8.521900008418015e-05, "std": 4.855119583044141e-06, "mean_ms": 0.07163959999161307}, "total_time_ms": 0.1252164999755223, "successful_runs": 10, "config": {}}}, "medium_dataset": {"description": "Medium-sized realistic dataset", "results": {"serialization": {"mean": 0.0008744207999939136, "min": 0.000863061000018206, "max": 0.0008848109999917142, "std": 8.623965490971996e-06, "mean_ms": 0.8744207999939135}, "deserialization": {"mean": 0.0021286140999791313, "min": 0.002117711999972016, "max": 0.002140994999990653, "std": 8.757803439632052e-06, "mean_ms": 2.1286140999791314}, "total_time_ms": 3.003034899973045, "successful_runs": 10, "config": {}}}}}, "api_fast": {"description": "Fast API responses", "datasets": {"small_objects": {"description": "Small API-style objects", "results": {"serialization": {"mean": 3.0485000024782494e-05, "min": 2.8783999937331828e-05, "max": 3.8802000062787556e-05, "std": 2.9966822954243663e-06, "mean_ms": 0.030485000024782494}, "deserialization": {"mean": 3.554129998519784e-05, "min": 3.492499990898068e-05, "max": 3.680800000438467e-05, "std": 5.58876673879707e-07, "mean_ms": 0.03554129998519784}, "total_time_ms": 0.06602630000998033, "successful_runs": 10, "config": {"date_format": "unix", "custom_date_format": null, "uuid_format": "object", "parse_uuids": true, "dataframe_orient": "values", "datetime_output": "json_safe", "series_output": "json_safe", "dataframe_output": "json_safe", "numpy_output": "json_safe", "nan_handling": "null", "type_coercion": "safe", "preserve_decimals": false, "preserve_complex": false, "max_depth": 50, "max_size": 100000, "max_string_length": 1000000, "custom_serializers": null, "sort_keys": false, "ensure_ascii": false, "check_if_serialized": false, "include_type_hints": false, "auto_detect_types": false, "redact_fields": null, "redact_patterns": null, "redact_large_objects": false, "redaction_replacement": "<REDACTED>", "include_redaction_summary": false, "audit_trail": false, "cache_scope": "operation", "cache_size_limit": 1000, "cache_warn_on_limit": true, "cache_metrics_enabled": false}}}, "complex_types": {"description": "Complex type handling", "results": {"serialization": {"mean": 6.300650003367991e-05, "min": 5.88590000916156e-05, "max": 8.135200005199295e-05, "std": 6.659031770800781e-06, "mean_ms": 0.06300650003367991}, "deserialization": {"mean": 6.465639997941253e-05, "min": 6.379899991770799e-05, "max": 6.665399996563792e-05, "std": 8.51358040429779e-07, "mean_ms": 0.06465639997941253}, "total_time_ms": 0.12766290001309244, "successful_runs": 10, "config": {"date_format": "unix", "custom_date_format": null, "uuid_format": "object", "parse_uuids": true, "dataframe_orient": "values", "datetime_output": "json_safe", "series_output": "json_safe", "dataframe_output": "json_safe", "numpy_output": "json_safe", "nan_handling": "null", "type_coercion": "safe", "preserve_decimals": false, "preserve_complex": false, "max_depth": 50, "max_size": 100000, "max_string_length": 1000000, "custom_serializers": null, "sort_keys": false, "ensure_ascii": false, "check_if_serialized": false, "include_type_hints": false, "auto_detect_types": false, "redact_fields": null, "redact_patterns": null, "redact_large_objects": false, "redaction_replacement": "<REDACTED>", "include_redaction_summary": false, "audit_trail": false, "cache_scope": "operation", "cache_size_limit": 1000, "cache_warn_on_limit": true, "cache_metrics_enabled": false}}}, "medium_dataset": {"description": "Medium-sized realistic dataset", "results": {"serialization": {"mean": 0.0010054251999918051, "min": 0.0009795370000347248, "max": 0.0010513219999666035, "std": 2.4018302370781994e-05, "mean_ms": 1.0054251999918051}, "deserialization": {"mean": 0.002043221900021308, "min": 0.0019992800000636635, "max": 0.002209513000025254, "std": 6.23116936058504e-05, "mean_ms": 2.043221900021308}, "total_time_ms": 3.0486471000131132, "successful_runs": 10, "config": {"date_format": "unix", "custom_date_format": null, "uuid_format": "object", "parse_uuids": true, "dataframe_orient": "values", "datetime_output": "json_safe", "series_output": "json_safe", "dataframe_output": "json_safe", "numpy_output": "json_safe", "nan_handling": "null", "type_coercion": "safe", "preserve_decimals": false, "preserve_complex": false, "max_depth": 50, "max_size": 100000, "max_string_length": 1000000, "custom_serializers": null, "sort_keys": false, "ensure_ascii": false, "check_if_serialized": false, "include_type_hints": false, "auto_detect_types": false, "redact_fields": null, "redact_patterns": null, "redact_large_objects": false, "redaction_replacement": "<REDACTED>", "include_redaction_summary": false, "audit_trail": false, "cache_scope": "operation", "cache_size_limit": 1000, "cache_warn_on_limit": true, "cache_metrics_enabled": false}}}}}, "ml_training": {"description": "ML model serialization", "datasets": {"small_objects": {"description": "Small API-style objects", "results": {"serialization": {"mean": 3.0773500020586654e-05, "min": 2.9385000061665778e-05, "max": 3.6046999980499095e-05, "std": 1.9574669043864754e-06, "mean_ms": 0.030773500020586653}, "deserialization": {"mean": 3.711540000495006e-05, "min": 3.493500003060035e-05, "max": 5.045400007475109e-05, "std": 4.762368719074065e-06, "mean_ms": 0.03711540000495006}, "total_time_ms": 0.06788890002553671, "successful_runs": 10, "config": {"date_format": "unix_ms", "custom_date_format": null, "uuid_format": "object", "parse_uuids": true, "dataframe_orient": "records", "datetime_output": "json_safe", "series_output": "json_safe", "dataframe_output": "json_safe", "numpy_output": "json_safe", "nan_handling": "null", "type_coercion": "aggressive", "preserve_decimals": false, "preserve_complex": false, "max_depth": 50, "max_size": 100000, "max_string_length": 1000000, "custom_serializers": null, "sort_keys": true, "ensure_ascii": false, "check_if_serialized": false, "include_type_hints": true, "auto_detect_types": false, "redact_fields": null, "redact_patterns": null, "redact_large_objects": false, "redaction_replacement": "<REDACTED>", "include_redaction_summary": false, "audit_trail": false, "cache_scope": "operation", "cache_size_limit": 1000, "cache_warn_on_limit": true, "cache_metrics_enabled": false}}}, "complex_types": {"description": "Complex type handling", "results": {"serialization": {"mean": 6.53048000117451e-05, "min": 6.32280000445462e-05, "max": 6.827799995789974e-05, "std": 1.5996093022435685e-06, "mean_ms": 0.0653048000117451}, "deserialization": {"mean": 6.943149999187881e-05, "min": 6.512100003419619e-05, "max": 8.581999998114043e-05, "std": 6.9351675649958335e-06, "mean_ms": 0.06943149999187881}, "total_time_ms": 0.13473630000362394, "successful_runs": 10, "config": {"date_format": "unix_ms", "custom_date_format": null, "uuid_format": "object", "parse_uuids": true, "dataframe_orient": "records",