{"suite_type": "configurations", "metadata": {"timestamp": 1756113987.945843, "python_version": "3.11.13", "datason_version": "0.12.0", "enhancement": "capability_based_testing_v1"}, "configurations": {"default": {"description": "Out-of-box experience", "datasets": {"small_objects": {"description": "Small API-style objects", "results": {"serialization": {"mean": 3.270599999609658e-05, "min": 3.0416999976523584e-05, "max": 3.976499999680527e-05, "std": 3.0315720542687254e-06, "mean_ms": 0.03270599999609658}, "deserialization": {"mean": 0.0009110434000007217, "min": 0.0008864469999991798, "max": 0.0009418710000090869, "std": 1.5759148919833445e-05, "mean_ms": 0.9110434000007217}, "total_time_ms": 0.9437493999968184, "successful_runs": 10, "config": {}}}, "complex_types": {"description": "Complex type handling", "results": {"serialization": {"mean": 6.276149999564495e-05, "min": 5.8168999998997606e-05, "max": 7.306699998821387e-05, "std": 5.3391250479054996e-06, "mean_ms": 0.06276149999564495}, "deserialization": {"mean": 0.0016152661000006674, "min": 0.0015890109999929791, "max": 0.0016330629999856683, "std": 1.664097215407464e-05, "mean_ms": 1.6152661000006674}, "total_time_ms": 1.6780275999963123, "successful_runs": 10, "config": {}}}, "medium_dataset": {"description": "Medium-sized realistic dataset", "results": {"serialization": {"mean": 0.0008391520999992963, "min": 0.0008182200000135254, "max": 0.0008691959999964638, "std": 1.7034572846555845e-05, "mean_ms": 0.8391520999992963}, "deserialization": {"mean": 0.11645729310000093, "min": 0.11564284799999314, "max": 0.11777215799997975, "std": 0.0006051683745353873, "mean_ms": 116.45729310000092}, "total_time_ms": 117.29644520000022, "successful_runs": 10, "config": {}}}}}, "api_fast": {"description": "Fast API responses", "datasets": {"small_objects": {"description": "Small API-style objects", "results": {"serialization": {"mean": 3.315200000031382e-05, "min": 3.063799999836192e-05, "max": 4.387199999200675e-05, "std": 3.901629514885353e-06, "mean_ms": 0.03315200000031382}, "deserialization": {"mean": 0.0008948039999978619, "min": 0.0008776610000040819, "max": 0.0009310210000137431, "std": 1.6183255052400628e-05, "mean_ms": 0.8948039999978619}, "total_time_ms": 0.9279559999981757, "successful_runs": 10, "config": {"date_format": "unix", "custom_date_format": null, "uuid_format": "object", "parse_uuids": true, "dataframe_orient": "values", "datetime_output": "json_safe", "series_output": "json_safe", "dataframe_output": "json_safe", "numpy_output": "json_safe", "nan_handling": "null", "type_coercion": "safe", "preserve_decimals": false, "preserve_complex": false, "max_depth": 50, "max_size": 100000, "max_string_length": 1000000, "custom_serializers": null, "sort_keys": false, "ensure_ascii": false, "check_if_serialized": false, "include_type_hints": false, "auto_detect_types": false, "redact_fields": null, "redact_patterns": null, "redact_large_objects": false, "redaction_replacement": "<REDACTED>", "include_redaction_summary": false, "audit_trail": false, "cache_scope": "operation", "cache_size_limit": 1000, "cache_warn_on_limit": true, "cache_metrics_enabled": false}}}, "complex_types": {"description": "Complex type handling", "results": {"serialization": {"mean": 6.949299999519099e-05, "min": 6.766600000673861e-05, "max": 7.316699998227705e-05, "std": 1.8978183927501206e-06, "mean_ms": 0.06949299999519098}, "deserialization": {"mean": 0.001602721800003337, "min": 0.0015828989999988607, "max": 0.0016290860000083285, "std": 1.4610110017523497e-05, "mean_ms": 1.6027218000033372}, "total_time_ms": 1.6722147999985282, "successful_runs": 10, "config": {"date_format": "unix", "custom_date_format": null, "uuid_format": "object", "parse_uuids": true, "dataframe_orient": "values", "datetime_output": "json_safe", "series_output": "json_safe", "dataframe_output": "json_safe", "numpy_output": "json_safe", "nan_handling": "null", "type_coercion": "safe", "preserve_decimals": false, "preserve_complex": false, "max_depth": 50, "max_size": 100000, "max_string_length": 1000000, "custom_serializers": null, "sort_keys": false, "ensure_ascii": false, "check_if_serialized": false, "include_type_hints": false, "auto_detect_types": false, "redact_fields": null, "redact_patterns": null, "redact_large_objects": false, "redaction_replacement": "<REDACTED>", "include_redaction_summary": false, "audit_trail": false, "cache_scope": "operation", "cache_size_limit": 1000, "cache_warn_on_limit": true, "cache_metrics_enabled": false}}}, "medium_dataset": {"description": "Medium-sized realistic dataset", "results": {"serialization": {"mean": 0.0009393312000042897, "min": 0.0008968969999898491, "max": 0.0009871650000263799, "std": 2.4366374008208766e-05, "mean_ms": 0.9393312000042897}, "deserialization": {"mean": 0.11591874599999699, "min": 0.11501485299999104, "max": 0.11701994100002366, "std": 0.0005463509490732162, "mean_ms": 115.91874599999699}, "total_time_ms": 116.85807720000129, "successful_runs": 10, "config": {"date_format": "unix", "custom_date_format": null, "uuid_format": "object", "parse_uuids": true, "dataframe_orient": "values", "datetime_output": "json_safe", "series_output": "json_safe", "dataframe_output": "json_safe", "numpy_output": "json_safe", "nan_handling": "null", "type_coercion": "safe", "preserve_decimals": false, "preserve_complex": false, "max_depth": 50, "max_size": 100000, "max_string_length": 1000000, "custom_serializers": null, "sort_keys": false, "ensure_ascii": false, "check_if_serialized": false, "include_type_hints": false, "auto_detect_types": false, "redact_fields": null, "redact_patterns": null, "redact_large_objects": false, "redaction_replacement": "<REDACTED>", "include_redaction_summary": false, "audit_trail": false, "cache_scope": "operation", "cache_size_limit": 1000, "cache_warn_on_limit": true, "cache_metrics_enabled": false}}}}}, "ml_training": {"description": "ML model serialization", "datasets": {"small_objects": {"description": "Small API-style objects", "results": {"serialization": {"mean": 3.383400000416259e-05, "min": 3.305100000261518e-05, "max": 3.640799999971023e-05, "std": 1.0260967033004356e-06, "mean_ms": 0.03383400000416259}, "deserialization": {"mean": 0.0008864822999981925, "min": 0.0008677630000022418, "max": 0.0009011250000128257, "std": 8.716001606280666e-06, "mean_ms": 0.8864822999981925}, "total_time_ms": 0.9203163000023551, "successful_runs": 10, "config": {"date_format": "unix_ms", "custom_date_format": null, "uuid_format": "object", "parse_uuids": true, "dataframe_orient": "records", "datetime_output": "json_safe", "series_output": "json_safe", "dataframe_output": "json_safe", "numpy_output": "json_safe", "nan_handling": "null", "type_coercion": "aggressive", "preserve_decimals": false, "preserve_complex": false, "max_depth": 50, "max_size": 100000, "max_string_length": 1000000, "custom_serializers": null, "sort_keys": true, "ensure_ascii": false, "check_if_serialized": false, "include_type_hints": true, "auto_detect_types": false, "redact_fields": null, "redact_patterns": null, "redact_large_objects": false, "redaction_replacement": "<REDACTED>", "include_redaction_summary": false, "audit_trail": false, "cache_scope": "operation", "cache_size_limit": 1000, "cache_warn_on_limit": true, "cache_metrics_enabled": false}}}, "complex_types": {"description": "Complex type handling", "results": {"serialization": {"mean": 7.685280000657713e-05, "min": 7.292700001926278e-05, "max": 8.717299999716488e-05, "std": 4.802458348475658e-06, "mean_ms": 0.07685280000657713}, "deserialization": {"mean": 0.0016115019999972447, "min": 0.001588700999974435, "max": 0.0016280639999877167, "std": 1.4394826601807205e-05, "mean_ms": 1.6115019999972446}, "total_time_ms": 1.6883548000038218, "successful_runs": 10, "config": {"date_format": "unix_ms", "custom_date_format": null, "uuid_format": "object", "parse_uuids": true, "dataframe_orient": "records", "datetime_output": "json_safe",