{"suite_type": "configurations", "metadata": {"timestamp": 1779085219.8344257, "python_version": "3.12.13", "datason_version": "0.13.0", "enhancement": "capability_based_testing_v1"}, "configurations": {"default": {"description": "Out-of-box experience", "datasets": {"small_objects": {"description": "Small API-style objects", "results": {"serialization": {"mean": 2.6731100000887408e-05, "min": 2.260400000153595e-05, "max": 5.144700000414559e-05, "std": 8.779462493571964e-06, "mean_ms": 0.02673110000088741}, "deserialization": {"mean": 3.051270000042905e-05, "min": 2.916300000066485e-05, "max": 3.343000000199936e-05, "std": 1.3646942723183878e-06, "mean_ms": 0.03051270000042905}, "total_time_ms": 0.05724380000131646, "successful_runs": 10, "config": {}}}, "complex_types": {"description": "Complex type handling", "results": {"serialization": {"mean": 4.3233899999961524e-05, "min": 3.9590000000089276e-05, "max": 5.294900000052394e-05, "std": 3.932187953472637e-06, "mean_ms": 0.04323389999996152}, "deserialization": {"mean": 6.197619999994685e-05, "min": 5.7947000001945526e-05, "max": 8.52080000015576e-05, "std": 8.207620061498518e-06, "mean_ms": 0.06197619999994685}, "total_time_ms": 0.10521009999990837, "successful_runs": 10, "config": {}}}, "medium_dataset": {"description": "Medium-sized realistic dataset", "results": {"serialization": {"mean": 0.0007858381999987785, "min": 0.0007712809999986803, "max": 0.0008007149999968988, "std": 8.288997818364233e-06, "mean_ms": 0.7858381999987785}, "deserialization": {"mean": 0.0019407528999998646, "min": 0.0019302130000014017, "max": 0.0019499229999979661, "std": 6.268969318295704e-06, "mean_ms": 1.9407528999998647}, "total_time_ms": 2.726591099998643, "successful_runs": 10, "config": {}}}}}, "api_fast": {"description": "Fast API responses", "datasets": {"small_objects": {"description": "Small API-style objects", "results": {"serialization": {"mean": 2.831260000064617e-05, "min": 2.3614999996368624e-05, "max": 4.479800000467549e-05, "std": 7.894348179027511e-06, "mean_ms": 0.02831260000064617}, "deserialization": {"mean": 3.328990000142085e-05, "min": 2.8283000006013026e-05, "max": 5.141700000166338e-05, "std": 9.013288256710295e-06, "mean_ms": 0.03328990000142085}, "total_time_ms": 0.061602500002067025, "successful_runs": 10, "config": {"date_format": "unix", "custom_date_format": null, "uuid_format": "object", "parse_uuids": true, "dataframe_orient": "values", "datetime_output": "json_safe", "series_output": "json_safe", "dataframe_output": "json_safe", "numpy_output": "json_safe", "nan_handling": "null", "type_coercion": "safe", "preserve_decimals": false, "preserve_complex": false, "max_depth": 50, "max_size": 100000, "max_string_length": 1000000, "custom_serializers": null, "sort_keys": false, "ensure_ascii": false, "check_if_serialized": false, "include_type_hints": false, "auto_detect_types": false, "redact_fields": null, "redact_patterns": null, "redact_large_objects": false, "redaction_replacement": "<REDACTED>", "include_redaction_summary": false, "audit_trail": false, "cache_scope": "operation", "cache_size_limit": 1000, "cache_warn_on_limit": true, "cache_metrics_enabled": false}}}, "complex_types": {"description": "Complex type handling", "results": {"serialization": {"mean": 4.6779500001292716e-05, "min": 4.492800000122088e-05, "max": 5.035600000269369e-05, "std": 1.48717130850123e-06, "mean_ms": 0.04677950000129272}, "deserialization": {"mean": 5.5362400001257583e-05, "min": 5.3369999996277784e-05, "max": 6.649000000180649e-05, "std": 3.97953515437004e-06, "mean_ms": 0.05536240000125758}, "total_time_ms": 0.1021419000025503, "successful_runs": 10, "config": {"date_format": "unix", "custom_date_format": null, "uuid_format": "object", "parse_uuids": true, "dataframe_orient": "values", "datetime_output": "json_safe", "series_output": "json_safe", "dataframe_output": "json_safe", "numpy_output": "json_safe", "nan_handling": "null", "type_coercion": "safe", "preserve_decimals": false, "preserve_complex": false, "max_depth": 50, "max_size": 100000, "max_string_length": 1000000, "custom_serializers": null, "sort_keys": false, "ensure_ascii": false, "check_if_serialized": false, "include_type_hints": false, "auto_detect_types": false, "redact_fields": null, "redact_patterns": null, "redact_large_objects": false, "redaction_replacement": "<REDACTED>", "include_redaction_summary": false, "audit_trail": false, "cache_scope": "operation", "cache_size_limit": 1000, "cache_warn_on_limit": true, "cache_metrics_enabled": false}}}, "medium_dataset": {"description": "Medium-sized realistic dataset", "results": {"serialization": {"mean": 0.0008730913000000839, "min": 0.0008625769999994759, "max": 0.0008850510000044665, "std": 6.396988703584139e-06, "mean_ms": 0.873091300000084}, "deserialization": {"mean": 0.0018379588000009051, "min": 0.00182213100000439, "max": 0.00184917200000001, "std": 7.261836342172041e-06, "mean_ms": 1.837958800000905}, "total_time_ms": 2.711050100000989, "successful_runs": 10, "config": {"date_format": "unix", "custom_date_format": null, "uuid_format": "object", "parse_uuids": true, "dataframe_orient": "values", "datetime_output": "json_safe", "series_output": "json_safe", "dataframe_output": "json_safe", "numpy_output": "json_safe", "nan_handling": "null", "type_coercion": "safe", "preserve_decimals": false, "preserve_complex": false, "max_depth": 50, "max_size": 100000, "max_string_length": 1000000, "custom_serializers": null, "sort_keys": false, "ensure_ascii": false, "check_if_serialized": false, "include_type_hints": false, "auto_detect_types": false, "redact_fields": null, "redact_patterns": null, "redact_large_objects": false, "redaction_replacement": "<REDACTED>", "include_redaction_summary": false, "audit_trail": false, "cache_scope": "operation", "cache_size_limit": 1000, "cache_warn_on_limit": true, "cache_metrics_enabled": false}}}}}, "ml_training": {"description": "ML model serialization", "datasets": {"small_objects": {"description": "Small API-style objects", "results": {"serialization": {"mean": 2.8059400002433676e-05, "min": 2.4166999999408745e-05, "max": 4.185299999903691e-05, "std": 6.943080363368545e-06, "mean_ms": 0.028059400002433676}, "deserialization": {"mean": 3.393299999956412e-05, "min": 2.8602999996962808e-05, "max": 6.632899999914343e-05, "std": 1.1920760918822815e-05, "mean_ms": 0.03393299999956412}, "total_time_ms": 0.061992400001997794, "successful_runs": 10, "config": {"date_format": "unix_ms", "custom_date_format": null, "uuid_format": "object", "parse_uuids": true, "dataframe_orient": "records", "datetime_output": "json_safe", "series_output": "json_safe", "dataframe_output": "json_safe", "numpy_output": "json_safe", "nan_handling": "null", "type_coercion": "aggressive", "preserve_decimals": false, "preserve_complex": false, "max_depth": 50, "max_size": 100000, "max_string_length": 1000000, "custom_serializers": null, "sort_keys": true, "ensure_ascii": false, "check_if_serialized": false, "include_type_hints": true, "auto_detect_types": false, "redact_fields": null, "redact_patterns": null, "redact_large_objects": false, "redaction_replacement": "<REDACTED>", "include_redaction_summary": false, "audit_trail": false, "cache_scope": "operation", "cache_size_limit": 1000, "cache_warn_on_limit": true, "cache_metrics_enabled": false}}}, "complex_types": {"description": "Complex type handling", "results": {"serialization": {"mean": 4.9560800000847394e-05, "min": 4.8343000003114867e-05, "max": 5.310000000235959e-05, "std": 1.4991646415856777e-06, "mean_ms": 0.049560800000847394}, "deserialization": {"mean": 5.64560999990249e-05, "min": 5.366100000259166e-05, "max": 6.880299999778572e-05, "std": 4.3986055472051205e-06, "mean_ms": 0.0564560999990249}, "total_time_ms": 0.1060168999998723, "successful_runs": 10, "config": {"date_format": "unix_ms", "custom_date_format": null, "uuid_format": "object", "parse_uuids": true, "dataframe_orient": "records",