{"suite_type": "configurations", "metadata": {"timestamp": 1769400064.6230528, "python_version": "3.12.12", "datason_version": "0.13.0", "enhancement": "capability_based_testing_v1"}, "configurations": {"default": {"description": "Out-of-box experience", "datasets": {"small_objects": {"description": "Small API-style objects", "results": {"serialization": {"mean": 2.904100000193921e-05, "min": 2.5467000000389817e-05, "max": 4.265000001169028e-05, "std": 5.27173007867958e-06, "mean_ms": 0.02904100000193921}, "deserialization": {"mean": 3.32128000081866e-05, "min": 3.1508999995821796e-05, "max": 3.602700002147685e-05, "std": 1.5057987061365936e-06, "mean_ms": 0.033212800008186605}, "total_time_ms": 0.062253800010125815, "successful_runs": 10, "config": {}}}, "complex_types": {"description": "Complex type handling", "results": {"serialization": {"mean": 5.075620000525305e-05, "min": 4.613600000880069e-05, "max": 6.459000002223547e-05, "std": 6.321879926000695e-06, "mean_ms": 0.05075620000525305}, "deserialization": {"mean": 6.458329999361467e-05, "min": 6.338800000094125e-05, "max": 6.691400000136127e-05, "std": 1.3698956187543373e-06, "mean_ms": 0.06458329999361467}, "total_time_ms": 0.11533949999886772, "successful_runs": 10, "config": {}}}, "medium_dataset": {"description": "Medium-sized realistic dataset", "results": {"serialization": {"mean": 0.0008280278000000862, "min": 0.0008099259999880815, "max": 0.0008734040000035748, "std": 1.9028752162633113e-05, "mean_ms": 0.8280278000000862}, "deserialization": {"mean": 0.002025004199995806, "min": 0.0019889490000082333, "max": 0.00220122299998593, "std": 6.442731568457544e-05, "mean_ms": 2.0250041999958057}, "total_time_ms": 2.8530319999958924, "successful_runs": 10, "config": {}}}}}, "api_fast": {"description": "Fast API responses", "datasets": {"small_objects": {"description": "Small API-style objects", "results": {"serialization": {"mean": 2.9780299999515592e-05, "min": 2.6509000008445582e-05, "max": 4.6806999989712494e-05, "std": 6.103054897414856e-06, "mean_ms": 0.02978029999951559}, "deserialization": {"mean": 3.421870000295257e-05, "min": 3.1679000016993086e-05, "max": 4.936199999860946e-05, "std": 5.416216554476883e-06, "mean_ms": 0.03421870000295257}, "total_time_ms": 0.06399900000246816, "successful_runs": 10, "config": {"date_format": "unix", "custom_date_format": null, "uuid_format": "object", "parse_uuids": true, "dataframe_orient": "values", "datetime_output": "json_safe", "series_output": "json_safe", "dataframe_output": "json_safe", "numpy_output": "json_safe", "nan_handling": "null", "type_coercion": "safe", "preserve_decimals": false, "preserve_complex": false, "max_depth": 50, "max_size": 100000, "max_string_length": 1000000, "custom_serializers": null, "sort_keys": false, "ensure_ascii": false, "check_if_serialized": false, "include_type_hints": false, "auto_detect_types": false, "redact_fields": null, "redact_patterns": null, "redact_large_objects": false, "redaction_replacement": "<REDACTED>", "include_redaction_summary": false, "audit_trail": false, "cache_scope": "operation", "cache_size_limit": 1000, "cache_warn_on_limit": true, "cache_metrics_enabled": false}}}, "complex_types": {"description": "Complex type handling", "results": {"serialization": {"mean": 5.8976599999027715e-05, "min": 5.421000000183085e-05, "max": 8.1622000010384e-05, "std": 8.232424949985375e-06, "mean_ms": 0.05897659999902771}, "deserialization": {"mean": 6.107860000099663e-05, "min": 5.850899998449677e-05, "max": 7.355700000744037e-05, "std": 4.50284757492019e-06, "mean_ms": 0.06107860000099663}, "total_time_ms": 0.12005520000002434, "successful_runs": 10, "config": {"date_format": "unix", "custom_date_format": null, "uuid_format": "object", "parse_uuids": true, "dataframe_orient": "values", "datetime_output": "json_safe", "series_output": "json_safe", "dataframe_output": "json_safe", "numpy_output": "json_safe", "nan_handling": "null", "type_coercion": "safe", "preserve_decimals": false, "preserve_complex": false, "max_depth": 50, "max_size": 100000, "max_string_length": 1000000, "custom_serializers": null, "sort_keys": false, "ensure_ascii": false, "check_if_serialized": false, "include_type_hints": false, "auto_detect_types": false, "redact_fields": null, "redact_patterns": null, "redact_large_objects": false, "redaction_replacement": "<REDACTED>", "include_redaction_summary": false, "audit_trail": false, "cache_scope": "operation", "cache_size_limit": 1000, "cache_warn_on_limit": true, "cache_metrics_enabled": false}}}, "medium_dataset": {"description": "Medium-sized realistic dataset", "results": {"serialization": {"mean": 0.0009198303999937707, "min": 0.0009037799999873641, "max": 0.0009566389999804414, "std": 1.4290439320418455e-05, "mean_ms": 0.9198303999937707}, "deserialization": {"mean": 0.0018975431999990633, "min": 0.0018837920000009944, "max": 0.001922314000012193, "std": 1.2269679631776906e-05, "mean_ms": 1.8975431999990633}, "total_time_ms": 2.817373599992834, "successful_runs": 10, "config": {"date_format": "unix", "custom_date_format": null, "uuid_format": "object", "parse_uuids": true, "dataframe_orient": "values", "datetime_output": "json_safe", "series_output": "json_safe", "dataframe_output": "json_safe", "numpy_output": "json_safe", "nan_handling": "null", "type_coercion": "safe", "preserve_decimals": false, "preserve_complex": false, "max_depth": 50, "max_size": 100000, "max_string_length": 1000000, "custom_serializers": null, "sort_keys": false, "ensure_ascii": false, "check_if_serialized": false, "include_type_hints": false, "auto_detect_types": false, "redact_fields": null, "redact_patterns": null, "redact_large_objects": false, "redaction_replacement": "<REDACTED>", "include_redaction_summary": false, "audit_trail": false, "cache_scope": "operation", "cache_size_limit": 1000, "cache_warn_on_limit": true, "cache_metrics_enabled": false}}}}}, "ml_training": {"description": "ML model serialization", "datasets": {"small_objects": {"description": "Small API-style objects", "results": {"serialization": {"mean": 3.4533299998429354e-05, "min": 2.6628999989952717e-05, "max": 5.3860000008398856e-05, "std": 1.1704188449382335e-05, "mean_ms": 0.034533299998429356}, "deserialization": {"mean": 3.718030000072758e-05, "min": 3.129799998191629e-05, "max": 5.769800000621217e-05, "std": 1.0469396017381586e-05, "mean_ms": 0.037180300000727584}, "total_time_ms": 0.07171359999915694, "successful_runs": 10, "config": {"date_format": "unix_ms", "custom_date_format": null, "uuid_format": "object", "parse_uuids": true, "dataframe_orient": "records", "datetime_output": "json_safe", "series_output": "json_safe", "dataframe_output": "json_safe", "numpy_output": "json_safe", "nan_handling": "null", "type_coercion": "aggressive", "preserve_decimals": false, "preserve_complex": false, "max_depth": 50, "max_size": 100000, "max_string_length": 1000000, "custom_serializers": null, "sort_keys": true, "ensure_ascii": false, "check_if_serialized": false, "include_type_hints": true, "auto_detect_types": false, "redact_fields": null, "redact_patterns": null, "redact_large_objects": false, "redaction_replacement": "<REDACTED>", "include_redaction_summary": false, "audit_trail": false, "cache_scope": "operation", "cache_size_limit": 1000, "cache_warn_on_limit": true, "cache_metrics_enabled": false}}}, "complex_types": {"description": "Complex type handling", "results": {"serialization": {"mean": 6.121479999876556e-05, "min": 5.7416000004195666e-05, "max": 7.690299997875627e-05, "std": 5.76679393977623e-06, "mean_ms": 0.06121479999876556}, "deserialization": {"mean": 6.0978500002306646e-05, "min": 6.01719999906436e-05, "max": 6.355800002211254e-05, "std": 9.920208690292413e-07, "mean_ms": 0.060978500002306646}, "total_time_ms": 0.1221933000010722, "successful_runs": 10, "config": {"date_format": "unix_ms", "custom_date_format": null, "uuid_format": "object", "parse_uuids": true, "dataframe_orient": "records",