{
  "eligibility_check": {
    "median_ms": 0.000583,
    "p95_ms": 0.00329
  },
  "limits_prepare": {
    "median_ms": 0.012479,
    "p95_ms": 0.02796664999999999
  },
  "serialize_inner_python": {
    "median_ms": 0.0005,
    "p95_ms": 0.009457
  },
  "save_string": {
    "median_ms": 0.198708,
    "p95_ms": 518.0816122
  },
  "smart_scalars": {
    "median_ms": 0.000166,
    "p95_ms": 0.000249
  },
  "postprocess": {
    "median_ms": 0.006957,
    "p95_ms": 0.023333
  },
  "load_basic_json": {
    "median_ms": 0.18,
    "p95_ms": 668.2498997
  }
}