{
  "eligibility_check": {
    "median_ms": 0.000542,
    "p95_ms": 0.003084
  },
  "limits_prepare": {
    "median_ms": 0.012292,
    "p95_ms": 0.023329149999999996
  },
  "serialize_inner_python": {
    "median_ms": 0.0005,
    "p95_ms": 0.00929
  },
  "save_string": {
    "median_ms": 0.205749,
    "p95_ms": 491.33605739999996
  },
  "smart_scalars": {
    "median_ms": 0.000166,
    "p95_ms": 0.000208
  },
  "postprocess": {
    "median_ms": 0.006582,
    "p95_ms": 0.021875
  },
  "load_basic_json": {
    "median_ms": 0.179541,
    "p95_ms": 626.4448741
  }
}