stage,median_ms,p95_ms
eligibility_check,0.000542,0.003084
limits_prepare,0.012292,0.023329
load_basic_json,0.179541,626.444874
postprocess,0.006582,0.021875
save_string,0.205749,491.336057
serialize_inner_python,0.000500,0.009290
smart_scalars,0.000166,0.000208
