{
  "metadata": {
    "timestamp": "2025-06-02T17:58:58.325204+00:00",
    "python_version": "3.12.0 (main, Feb 22 2025, 21:43:18) [Clang 16.0.0 (clang-1600.0.26.6)]",
    "datason_version": "0.4.5",
    "ml_libraries": {
      "numpy": "1.26.3",
      "pandas": "2.2.3"
    },
    "competitive_libs": {
      "orjson": "3.10.18",
      "ujson": "5.10.0"
    }
  },
  "ml_benchmarks": {
    "numpy_arrays": {
      "small_array": {
        "test_name": "numpy_arrays.small_array",
        "datason_standard": {
          "mean": 0.00023250820813700557,
          "min": 0.0002211670216638595,
          "max": 0.00024429100449196994,
          "std": 8.319346538775705e-06,
          "iterations": 5,
          "result_size": 20819
        },
        "datason_performance": {
          "mean": 0.000544833397725597,
          "min": 0.00021320898667909205,
          "max": 0.001553167006932199,
          "std": 0.0005740757530334393,
          "iterations": 5,
          "result_size": 20819
        },
        "json_standard": {
          "mean": 0.0003493918105959892,
          "min": 0.0003292500041425228,
          "max": 0.00037674998748116195,
          "std": 1.7622521368304545e-05,
          "iterations": 5,
          "result_size": 20819
        },
        "orjson": {
          "mean": 1.7866393318399786e-05,
          "min": 1.5792000340297818e-05,
          "max": 2.216600114479661e-05,
          "std": 2.747443962181482e-06,
          "iterations": 5,
          "result_size": 19820
        },
        "ujson": {
          "mean": 8.993340306915343e-05,
          "min": 8.774999878369272e-05,
          "max": 9.337498340755701e-05,
          "std": 2.135237809675146e-06,
          "iterations": 5,
          "result_size": 19820
        },
        "pickle": {
          "mean": 1.1124997399747372e-05,
          "min": 1.0666990419849753e-05,
          "max": 1.1791998986154795e-05,
          "std": 4.1361621754259174e-07,
          "iterations": 5,
          "result_size": 25520
        }
      },
      "medium_array": {
        "test_name": "numpy_arrays.medium_array",
        "datason_standard": {
          "mean": 0.002067474799696356,
          "min": 0.0020221669983584434,
          "max": 0.002098041004501283,
          "std": 3.2943170422822176e-05,
          "iterations": 5,
          "result_size": 207300
        },
        "datason_performance": {
          "mean": 0.0020727083960082383,
          "min": 0.0020278749871067703,
          "max": 0.002141125005437061,
          "std": 4.6861654156249274e-05,
          "iterations": 5,
          "result_size": 207300
        },
        "json_standard": {
          "mean": 0.003412891592597589,
          "min": 0.0033240419870708138,
          "max": 0.003605332982260734,
          "std": 0.00011093007441490995,
          "iterations": 5,
          "result_size": 207300
        },
        "orjson": {
          "mean": 0.00023482480901293457,
          "min": 0.0001777909928932786,
          "max": 0.00029112500487826765,
          "std": 4.8832007921922906e-05,
          "iterations": 5,
          "result_size": 197301
        },
        "ujson": {
          "mean": 0.0008785748039372265,
          "min": 0.0008690830145496875,
          "max": 0.0009086249920073897,
          "std": 1.691459865893202e-05,
          "iterations": 5,
          "result_size": 197301
        },
        "pickle": {
          "mean": 8.482499397359789e-05,
          "min": 8.337499457411468e-05,
          "max": 8.787499973550439e-05,
          "std": 1.762732306365517e-06,
          "iterations": 5,
          "result_size": 251007
        }
      },
      "mixed_types": {
        "test_name": "numpy_arrays.mixed_types",
        "datason_standard": {
          "mean": 0.00019846640061587094,
          "min": 0.00019758299458771944,
          "max": 0.00019958300981670618,
          "std": 7.588147884605709e-07,
          "iterations": 5,
          "result_size": 13415
        },
        "datason_performance": {
          "mean": 0.00019927539979107677,
          "min": 0.00019887500093318522,
          "max": 0.00019979200442321599,
          "std": 4.047513714984046e-07,
          "iterations": 5,
          "result_size": 13415
        },
        "json_standard": {
          "mean": 0.00020743320928886532,
          "min": 0.0002057919919025153,
          "max": 0.00021004202426411211,
          "std": 1.7042750087149343e-06,
          "iterations": 5,
          "result_size": 13415
        },
        "orjson": {
          "mean": 1.3132987078279257e-05,
          "min": 1.1540978448465466e-05,
          "max": 1.5375000657513738e-05,
          "std": 1.7792888922676205e-06,
          "iterations": 5,
          "result_size": 12413
        },
        "ujson": {
          "mean": 7.799979648552835e-05,
          "min": 7.208299939520657e-05,
          "max": 8.6499989265576e-05,
          "std": 6.11527711050226e-06,
          "iterations": 5,
          "result_size": 12413
        },
        "pickle": {
          "mean": 1.6958400374278425e-05,
          "min": 1.6167003195732832e-05,
          "max": 1.8040998838841915e-05,
          "std": 7.77563073767486e-07,
          "iterations": 5,
          "result_size": 16154
        }
      }
    },
    "pandas_dataframes": {
      "small_df": {
        "test_name": "pandas_dataframes.small_df",
        "datason_standard": {
          "mean": 3.8958393270149826e-05,
          "min": 3.341698902659118e-05,
          "max": 5.574998795054853e-05,
          "std": 9.542539087022417e-06,
          "iterations": 5,
          "result_size": 3861
        },
        "datason_performance": {
          "mean": 3.6433199420571326e-05,
          "min": 3.399999695830047e-05,
          "max": 4.462499055080116e-05,
          "std": 4.612337069117987e-06,
          "iterations": 5,
          "result_size": 3861
        },
        "json_standard": {
          "mean": 3.649179707281292e-05,
          "min": 3.5416975151747465e-05,
          "max": 3.804199513979256e-05,
          "std": 1.0741995933647476e-06,
          "iterations": 5,
          "result_size": 3861
        },
        "orjson": {
          "mean": 3.7999998312443495e-06,
          "min": 3.7080026231706142e-06,
          "max": 4.0000013541430235e-06,
          "std": 1.1568084161499115e-07,
          "iterations": 5,
          "result_size": 3462
        },
        "ujson": {
          "mean": 1.9175006309524177e-05,
          "min": 1.895800232887268e-05,
          "max": 1.9583007087931037e-05,
          "std": 2.658059817591895e-07,
          "iterations": 5,
          "result_size": 3462
        },
        "pickle": {
          "mean": 7.4003997724503275e-06,
          "min": 7.041991921141744e-06,
          "max": 8.167000487446785e-06,
          "std": 4.531281108610895e-07,
          "iterations": 5,
          "result_size": 4042
        }
      },
      "mixed_df": {
        "test_name": "pandas_dataframes.mixed_df",
        "datason_standard": {
          "mean": 0.0006282501912210136,
          "min": 0.0005379169888328761,
          "max": 0.0009625419916119426,
          "std": 0.00018719077892792707,
          "iterations": 5,
          "result_size": 11934
        },
        "datason_performance": {
          "mean": 0.0004851581936236471,
          "min": 0.00046087498776614666,
          "max": 0.0005587500054389238,
          "std": 4.146541602921868e-05,
          "iterations": 5,
          "result_size": 5814
        },
        "json_standard": {
          "mean": 4.755820264108479e-05,
          "min": 4.587500006891787e-05,
          "max": 5.1417009672150016e-05,
          "std": 2.2993242027778935e-06,
          "iterations": 5,
          "result_size": 6014
        },
        "orjson": {
          "mean": 1.348339719697833e-05,
          "min": 1.3374985428526998e-05,
          "max": 1.3625016435980797e-05,
          "std": 1.0036691288537617e-07,
          "iterations": 5,