{
  "metadata": {
    "timestamp": "2025-06-02T20:36:54.264990+00:00",
    "python_version": "3.12.0 (main, Feb 22 2025, 21:43:18) [Clang 16.0.0 (clang-1600.0.26.6)]",
    "datason_version": "0.4.5",
    "ml_libraries": {
      "numpy": "1.26.3",
      "pandas": "2.2.3"
    },
    "competitive_libs": {
      "orjson": "3.10.18",
      "ujson": "5.10.0"
    }
  },
  "ml_benchmarks": {
    "numpy_arrays": {
      "small_array": {
        "test_name": "numpy_arrays.small_array",
        "datason_standard": {
          "mean": 0.0002244831994175911,
          "min": 0.0002197079884354025,
          "max": 0.00022837499273009598,
          "std": 3.2147855112130485e-06,
          "iterations": 5,
          "result_size": 20856
        },
        "datason_performance": {
          "mean": 0.0002628417976666242,
          "min": 0.00022941699717193842,
          "max": 0.00034087500534951687,
          "std": 4.911663165818781e-05,
          "iterations": 5,
          "result_size": 20856
        },
        "json_standard": {
          "mean": 0.0003548166016116738,
          "min": 0.00035275000846013427,
          "max": 0.0003567080129869282,
          "std": 1.8434557708588392e-06,
          "iterations": 5,
          "result_size": 20856
        },
        "orjson": {
          "mean": 1.8833798822015525e-05,
          "min": 1.6584002878516912e-05,
          "max": 2.541701542213559e-05,
          "std": 3.7300773590144383e-06,
          "iterations": 5,
          "result_size": 19857
        },
        "ujson": {
          "mean": 9.484159527346492e-05,
          "min": 9.32500115595758e-05,
          "max": 9.674998000264168e-05,
          "std": 1.510422549989226e-06,
          "iterations": 5,
          "result_size": 19857
        },
        "pickle": {
          "mean": 1.1425005504861474e-05,
          "min": 1.0832998668774962e-05,
          "max": 1.2125005014240742e-05,
          "std": 4.6072328984121836e-07,
          "iterations": 5,
          "result_size": 25572
        }
      },
      "medium_array": {
        "test_name": "numpy_arrays.medium_array",
        "datason_standard": {
          "mean": 0.002087441401090473,
          "min": 0.0019627079891506582,
          "max": 0.0021949579822830856,
          "std": 9.276089023172e-05,
          "iterations": 5,
          "result_size": 207499
        },
        "datason_performance": {
          "mean": 0.002117691596504301,
          "min": 0.0020885419799014926,
          "max": 0.0021527500066440552,
          "std": 2.3870633753114956e-05,
          "iterations": 5,
          "result_size": 207499
        },
        "json_standard": {
          "mean": 0.0038790582038927823,
          "min": 0.003587584011256695,
          "max": 0.00466829098877497,
          "std": 0.000446820457755304,
          "iterations": 5,
          "result_size": 207499
        },
        "orjson": {
          "mean": 0.00022859160089865326,
          "min": 0.00019783299649134278,
          "max": 0.00026441700174473226,
          "std": 3.00261963103356e-05,
          "iterations": 5,
          "result_size": 197500
        },
        "ujson": {
          "mean": 0.0009312663925811649,
          "min": 0.0009024159808177501,
          "max": 0.000990375003311783,
          "std": 3.569733669657133e-05,
          "iterations": 5,
          "result_size": 197500
        },
        "pickle": {
          "mean": 0.00010378321167081594,
          "min": 8.870800957083702e-05,
          "max": 0.00015016700490377843,
          "std": 2.6297532588079144e-05,
          "iterations": 5,
          "result_size": 250432
        }
      },
      "mixed_types": {
        "test_name": "numpy_arrays.mixed_types",
        "datason_standard": {
          "mean": 0.0002050834009423852,
          "min": 0.00020304200006648898,
          "max": 0.00020620899158529937,
          "std": 1.2246409449665251e-06,
          "iterations": 5,
          "result_size": 13424
        },
        "datason_performance": {
          "mean": 0.00020712479017674922,
          "min": 0.00020691700046882033,
          "max": 0.00020766598754562438,
          "std": 3.058788029566329e-07,
          "iterations": 5,
          "result_size": 13424
        },
        "json_standard": {
          "mean": 0.0002068918023724109,
          "min": 0.00020654199761338532,
          "max": 0.0002079170080833137,
          "std": 5.786643874808233e-07,
          "iterations": 5,
          "result_size": 13424
        },
        "orjson": {
          "mean": 1.3566389679908752e-05,
          "min": 1.1708005331456661e-05,
          "max": 1.49579718708992e-05,
          "std": 1.4079440178678007e-06,
          "iterations": 5,
          "result_size": 12422
        },
        "ujson": {
          "mean": 7.70915998145938e-05,
          "min": 7.483299123123288e-05,
          "max": 8.162498124875128e-05,
          "std": 2.801368283103438e-06,
          "iterations": 5,
          "result_size": 12422
        },
        "pickle": {
          "mean": 1.6508204862475395e-05,
          "min": 1.6125006368383765e-05,
          "max": 1.720801810733974e-05,
          "std": 4.191160792624785e-07,
          "iterations": 5,
          "result_size": 16242
        }
      }
    },
    "pandas_dataframes": {
      "small_df": {
        "test_name": "pandas_dataframes.small_df",
        "datason_standard": {
          "mean": 3.4366792533546686e-05,
          "min": 3.3249991247430444e-05,
          "max": 3.779199323616922e-05,
          "std": 1.9211716159303433e-06,
          "iterations": 5,
          "result_size": 3855
        },
        "datason_performance": {
          "mean": 3.3416599035263064e-05,
          "min": 3.3167016226798296e-05,
          "max": 3.374999505467713e-05,
          "std": 2.103016292712412e-07,
          "iterations": 5,
          "result_size": 3855
        },
        "json_standard": {
          "mean": 3.5916402703151105e-05,
          "min": 3.566598752513528e-05,
          "max": 3.65830201189965e-05,
          "std": 3.8076065963174124e-07,
          "iterations": 5,
          "result_size": 3855
        },
        "orjson": {
          "mean": 4.025199450552463e-06,
          "min": 3.958994057029486e-06,
          "max": 4.083995008841157e-06,
          "std": 5.5793137594630783e-08,
          "iterations": 5,
          "result_size": 3456
        },
        "ujson": {
          "mean": 2.1183205535635353e-05,
          "min": 2.1082989405840635e-05,
          "max": 2.1417014067992568e-05,
          "std": 1.3720929582931416e-07,
          "iterations": 5,
          "result_size": 3456
        },
        "pickle": {
          "mean": 7.6083990279585125e-06,
          "min": 7.4160052463412285e-06,
          "max": 8.125003660097718e-06,
          "std": 3.013011227754093e-07,
          "iterations": 5,
          "result_size": 3997
        }
      },
      "mixed_df": {
        "test_name": "pandas_dataframes.mixed_df",
        "datason_standard": {
          "mean": 0.0007182334025856108,
          "min": 0.0005861250101588666,
          "max": 0.0010734999959822744,
          "std": 0.00020258995483832777,
          "iterations": 5,
          "result_size": 11934
        },
        "datason_performance": {
          "mean": 0.0005055417947005481,
          "min": 0.0005003749975003302,
          "max": 0.000512875005370006,
          "std": 4.690143547333739e-06,
          "iterations": 5,
          "result_size": 5814
        },
        "json_standard": {
          "mean": 4.592479672282934e-05,
          "min": 4.520799848251045e-05,
          "max": 4.6958011807873845e-05,
          "std": 7.66855139290923e-07,
          "iterations": 5,
          "result_size": 6014
        },
        "orjson": {
          "mean": 1.3524998212233186e-05,
          "min": 1.329201040789485e-05,
          "max": 1.3958982890471816e-05,
          "std": 2.647481936907008e-07,
          "iterations": 5,