{
  "metadata": {
    "timestamp": "2025-06-02T20:38:32.941718+00:00",
    "python_version": "3.12.0 (main, Feb 22 2025, 21:43:18) [Clang 16.0.0 (clang-1600.0.26.6)]",
    "datason_version": "0.4.5",
    "ml_libraries": {
      "numpy": "1.26.3",
      "pandas": "2.2.3"
    },
    "competitive_libs": {
      "orjson": "3.10.18",
      "ujson": "5.10.0"
    }
  },
  "ml_benchmarks": {
    "numpy_arrays": {
      "small_array": {
        "test_name": "numpy_arrays.small_array",
        "datason_standard": {
          "mean": 0.00024238339392468333,
          "min": 0.00021658398327417672,
          "max": 0.0003254170005675405,
          "std": 4.6556892255769635e-05,
          "iterations": 5,
          "result_size": 20806
        },
        "datason_performance": {
          "mean": 0.00022010820102877915,
          "min": 0.00021762499818578362,
          "max": 0.00022516600438393652,
          "std": 3.191631226761261e-06,
          "iterations": 5,
          "result_size": 20806
        },
        "json_standard": {
          "mean": 0.00044704120373353364,
          "min": 0.00034912500996142626,
          "max": 0.0007640410040039569,
          "std": 0.0001787814849977428,
          "iterations": 5,
          "result_size": 20806
        },
        "orjson": {
          "mean": 2.784180105663836e-05,
          "min": 2.083400613628328e-05,
          "max": 4.0417013224214315e-05,
          "std": 7.99960069521392e-06,
          "iterations": 5,
          "result_size": 19807
        },
        "ujson": {
          "mean": 0.00010154999908991158,
          "min": 9.358298848383129e-05,
          "max": 0.00013045899686403573,
          "std": 1.618262953615259e-05,
          "iterations": 5,
          "result_size": 19807
        },
        "pickle": {
          "mean": 1.1333596194162965e-05,
          "min": 1.087499549612403e-05,
          "max": 1.2249976862221956e-05,
          "std": 5.534185863001837e-07,
          "iterations": 5,
          "result_size": 25464
        }
      },
      "medium_array": {
        "test_name": "numpy_arrays.medium_array",
        "datason_standard": {
          "mean": 0.0027908334042876957,
          "min": 0.0023262500180862844,
          "max": 0.0031359579879790545,
          "std": 0.0003264107149220042,
          "iterations": 5,
          "result_size": 207316
        },
        "datason_performance": {
          "mean": 0.0021022332017309963,
          "min": 0.0020295410067774355,
          "max": 0.0023268749937415123,
          "std": 0.00012617061870964677,
          "iterations": 5,
          "result_size": 207316
        },
        "json_standard": {
          "mean": 0.003434758202638477,
          "min": 0.0033677080064080656,
          "max": 0.003489750000881031,
          "std": 4.764303300637459e-05,
          "iterations": 5,
          "result_size": 207316
        },
        "orjson": {
          "mean": 0.00048129180213436485,
          "min": 0.0002529170014895499,
          "max": 0.0013045000087004155,
          "std": 0.00046039075502549756,
          "iterations": 5,
          "result_size": 197318
        },
        "ujson": {
          "mean": 0.0009035166003741324,
          "min": 0.0008982919971458614,
          "max": 0.0009147079836111516,
          "std": 6.586991778662528e-06,
          "iterations": 5,
          "result_size": 197316
        },
        "pickle": {
          "mean": 8.549979538656771e-05,
          "min": 8.395800250582397e-05,
          "max": 8.779199561104178e-05,
          "std": 1.511121270691875e-06,
          "iterations": 5,
          "result_size": 250843
        }
      },
      "mixed_types": {
        "test_name": "numpy_arrays.mixed_types",
        "datason_standard": {
          "mean": 0.00023941679974086582,
          "min": 0.00020170799689367414,
          "max": 0.00033679199987091124,
          "std": 5.80910651925526e-05,
          "iterations": 5,
          "result_size": 13399
        },
        "datason_performance": {
          "mean": 0.0002068334026262164,
          "min": 0.00020404200768098235,
          "max": 0.0002103750011883676,
          "std": 2.360922144246392e-06,
          "iterations": 5,
          "result_size": 13399
        },
        "json_standard": {
          "mean": 0.00021766660502180456,
          "min": 0.00021200001356191933,
          "max": 0.00022662500850856304,
          "std": 7.001610502223673e-06,
          "iterations": 5,
          "result_size": 13399
        },
        "orjson": {
          "mean": 1.2441392755135894e-05,
          "min": 1.1749973054975271e-05,
          "max": 1.4332996215671301e-05,
          "std": 1.0966516277893328e-06,
          "iterations": 5,
          "result_size": 12398
        },
        "ujson": {
          "mean": 7.75331980548799e-05,
          "min": 7.67909805290401e-05,
          "max": 7.899999036453664e-05,
          "std": 9.650543269873236e-07,
          "iterations": 5,
          "result_size": 12396
        },
        "pickle": {
          "mean": 1.7633190145716072e-05,
          "min": 1.7207989003509283e-05,
          "max": 1.8416991224512458e-05,
          "std": 4.873656214983277e-07,
          "iterations": 5,
          "result_size": 16142
        }
      }
    },
    "pandas_dataframes": {
      "small_df": {
        "test_name": "pandas_dataframes.small_df",
        "datason_standard": {
          "mean": 3.420798457227647e-05,
          "min": 3.383299917913973e-05,
          "max": 3.4582975786179304e-05,
          "std": 2.8570619978796925e-07,
          "iterations": 5,
          "result_size": 3865
        },
        "datason_performance": {
          "mean": 3.3966993214562535e-05,
          "min": 3.383398870937526e-05,
          "max": 3.412499791011214e-05,
          "std": 1.075976582642516e-07,
          "iterations": 5,
          "result_size": 3865
        },
        "json_standard": {
          "mean": 3.697499050758779e-05,
          "min": 3.5874982131645083e-05,
          "max": 3.9000005926936865e-05,
          "std": 1.2305866513021403e-06,
          "iterations": 5,
          "result_size": 3865
        },
        "orjson": {
          "mean": 4.016602179035544e-06,
          "min": 3.958004526793957e-06,
          "max": 4.125002305954695e-06,
          "std": 6.32673583407162e-08,
          "iterations": 5,
          "result_size": 3466
        },
        "ujson": {
          "mean": 2.1825003204867244e-05,
          "min": 2.1666986867785454e-05,
          "max": 2.1875021047890186e-05,
          "std": 9.018796583670222e-08,
          "iterations": 5,
          "result_size": 3466
        },
        "pickle": {
          "mean": 7.825001375749707e-06,
          "min": 7.624999852851033e-06,
          "max": 8.25000461190939e-06,
          "std": 2.4891697084563656e-07,
          "iterations": 5,
          "result_size": 4060
        }
      },
      "mixed_df": {
        "test_name": "pandas_dataframes.mixed_df",
        "datason_standard": {
          "mean": 0.0007048580038826913,
          "min": 0.000586750014917925,
          "max": 0.0011560410202946514,
          "std": 0.0002523029760619015,
          "iterations": 5,
          "result_size": 11934
        },
        "datason_performance": {
          "mean": 0.0005192497919779271,
          "min": 0.0005112919898238033,
          "max": 0.0005299579934217036,
          "std": 6.88700319401678e-06,
          "iterations": 5,
          "result_size": 5814
        },
        "json_standard": {
          "mean": 4.7166604781523346e-05,
          "min": 4.620800609700382e-05,
          "max": 4.787501529790461e-05,
          "std": 6.896500940848083e-07,
          "iterations": 5,
          "result_size": 6014
        },
        "orjson": {
          "mean": 1.3791397213935852e-05,
          "min": 1.3457989552989602e-05,
          "max": 1.4125020243227482e-05,
          "std": 2.7812296760092215e-07,
          "iterations": 5,