{
  "metadata": {
    "timestamp": "2025-06-02T20:42:37.589793+00:00",
    "python_version": "3.12.0 (main, Feb 22 2025, 21:43:18) [Clang 16.0.0 (clang-1600.0.26.6)]",
    "datason_version": "0.4.5",
    "ml_libraries": {
      "numpy": "1.26.3",
      "pandas": "2.2.3"
    },
    "competitive_libs": {
      "orjson": "3.10.18",
      "ujson": "5.10.0"
    }
  },
  "ml_benchmarks": {
    "numpy_arrays": {
      "small_array": {
        "test_name": "numpy_arrays.small_array",
        "datason_standard": {
          "mean": 0.00021740019437856972,
          "min": 0.00021416699746623635,
          "max": 0.00022466699010692537,
          "std": 4.356599308258529e-06,
          "iterations": 5,
          "result_size": 20840
        },
        "datason_performance": {
          "mean": 0.00021896660327911377,
          "min": 0.00021570801618508995,
          "max": 0.0002198750153183937,
          "std": 1.823118379909482e-06,
          "iterations": 5,
          "result_size": 20840
        },
        "json_standard": {
          "mean": 0.0003386001975741237,
          "min": 0.0003358749963808805,
          "max": 0.0003437919949647039,
          "std": 3.4848055684287443e-06,
          "iterations": 5,
          "result_size": 20840
        },
        "orjson": {
          "mean": 1.7949799075722695e-05,
          "min": 1.620801049284637e-05,
          "max": 2.245799987576902e-05,
          "std": 2.609062998569564e-06,
          "iterations": 5,
          "result_size": 19841
        },
        "ujson": {
          "mean": 9.183359798043966e-05,
          "min": 9.116699220612645e-05,
          "max": 9.312498150393367e-05,
          "std": 7.664196530645111e-07,
          "iterations": 5,
          "result_size": 19841
        },
        "pickle": {
          "mean": 1.1108204489573836e-05,
          "min": 1.0750023648142815e-05,
          "max": 1.200000406242907e-05,
          "std": 5.083327453689212e-07,
          "iterations": 5,
          "result_size": 25354
        }
      },
      "medium_array": {
        "test_name": "numpy_arrays.medium_array",
        "datason_standard": {
          "mean": 0.002086816600058228,
          "min": 0.0020217080018483102,
          "max": 0.0021707080013584346,
          "std": 5.7054347721918384e-05,
          "iterations": 5,
          "result_size": 207396
        },
        "datason_performance": {
          "mean": 0.0020829001965466886,
          "min": 0.0019859999883919954,
          "max": 0.002151209017029032,
          "std": 6.898850153378385e-05,
          "iterations": 5,
          "result_size": 207396
        },
        "json_standard": {
          "mean": 0.003351424599532038,
          "min": 0.0032753749983385205,
          "max": 0.003436375001911074,
          "std": 6.81927941316163e-05,
          "iterations": 5,
          "result_size": 207396
        },
        "orjson": {
          "mean": 0.00024797499645501375,
          "min": 0.00018729199655354023,
          "max": 0.0003040409937966615,
          "std": 4.56518052034014e-05,
          "iterations": 5,
          "result_size": 197397
        },
        "ujson": {
          "mean": 0.0009437750035431236,
          "min": 0.0009095839923247695,
          "max": 0.001026125013595447,
          "std": 4.79934881809042e-05,
          "iterations": 5,
          "result_size": 197397
        },
        "pickle": {
          "mean": 0.00011424160329625011,
          "min": 8.674999116919935e-05,
          "max": 0.00016891700215637684,
          "std": 3.242454569197825e-05,
          "iterations": 5,
          "result_size": 250915
        }
      },
      "mixed_types": {
        "test_name": "numpy_arrays.mixed_types",
        "datason_standard": {
          "mean": 0.00020465839188545942,
          "min": 0.00020358400070108473,
          "max": 0.00020545799634419382,
          "std": 7.905905639478231e-07,
          "iterations": 5,
          "result_size": 13426
        },
        "datason_performance": {
          "mean": 0.0002058747981209308,
          "min": 0.00019895899458788335,
          "max": 0.00022154199541546404,
          "std": 9.271728808281532e-06,
          "iterations": 5,
          "result_size": 13426
        },
        "json_standard": {
          "mean": 0.00020886660204268991,
          "min": 0.0002050829934887588,
          "max": 0.0002136249968316406,
          "std": 3.99075018643787e-06,
          "iterations": 5,
          "result_size": 13426
        },
        "orjson": {
          "mean": 1.4241808094084263e-05,
          "min": 1.2542004697024822e-05,
          "max": 1.5416997484862804e-05,
          "std": 1.0775131919560395e-06,
          "iterations": 5,
          "result_size": 12424
        },
        "ujson": {
          "mean": 7.385820499621332e-05,
          "min": 7.325000478886068e-05,
          "max": 7.479102350771427e-05,
          "std": 6.369726735945241e-07,
          "iterations": 5,
          "result_size": 12424
        },
        "pickle": {
          "mean": 1.7117004608735444e-05,
          "min": 1.662501017563045e-05,
          "max": 1.7999991541728377e-05,
          "std": 5.505746437712613e-07,
          "iterations": 5,
          "result_size": 16318
        }
      }
    },
    "pandas_dataframes": {
      "small_df": {
        "test_name": "pandas_dataframes.small_df",
        "datason_standard": {
          "mean": 4.5400013914331796e-05,
          "min": 3.354201908223331e-05,
          "max": 7.475001621060073e-05,
          "std": 1.6664044606587485e-05,
          "iterations": 5,
          "result_size": 3863
        },
        "datason_performance": {
          "mean": 3.422500449232757e-05,
          "min": 3.21249826811254e-05,
          "max": 3.891700180247426e-05,
          "std": 3.026581613817249e-06,
          "iterations": 5,
          "result_size": 3863
        },
        "json_standard": {
          "mean": 3.45999957062304e-05,
          "min": 3.412499791011214e-05,
          "max": 3.524997737258673e-05,
          "std": 4.4561814836534987e-07,
          "iterations": 5,
          "result_size": 3863
        },
        "orjson": {
          "mean": 3.99160198867321e-06,
          "min": 3.875000402331352e-06,
          "max": 4.3339969124644995e-06,
          "std": 1.9446685432328893e-07,
          "iterations": 5,
          "result_size": 3464
        },
        "ujson": {
          "mean": 2.1116604330018163e-05,
          "min": 2.0750012481585145e-05,
          "max": 2.141698496416211e-05,
          "std": 3.039992522692942e-07,
          "iterations": 5,
          "result_size": 3464
        },
        "pickle": {
          "mean": 7.666595047339797e-06,
          "min": 7.374997949227691e-06,
          "max": 8.457980584353209e-06,
          "std": 4.543768368918916e-07,
          "iterations": 5,
          "result_size": 4022
        }
      },
      "mixed_df": {
        "test_name": "pandas_dataframes.mixed_df",
        "datason_standard": {
          "mean": 0.0006838332046754658,
          "min": 0.0005692080012522638,
          "max": 0.001088832999812439,
          "std": 0.00022694288153414396,
          "iterations": 5,
          "result_size": 11934
        },
        "datason_performance": {
          "mean": 0.0005119831999763847,
          "min": 0.0004895000020042062,
          "max": 0.0005654580018017441,
          "std": 3.104467766962353e-05,
          "iterations": 5,
          "result_size": 5814
        },
        "json_standard": {
          "mean": 4.663320723921061e-05,
          "min": 4.4249987695366144e-05,
          "max": 5.0166010623797774e-05,
          "std": 2.4567926613671747e-06,
          "iterations": 5,
          "result_size": 6014
        },
        "orjson": {
          "mean": 1.2941204477101565e-05,
          "min": 1.2833013897761703e-05,
          "max": 1.3041018974035978e-05,
          "std": 7.561110906632943e-08,
          "iterations": 5,