{
  "metadata": {
    "timestamp": "2025-06-02T20:52:27.214537+00:00",
    "python_version": "3.12.0 (main, Feb 22 2025, 21:43:18) [Clang 16.0.0 (clang-1600.0.26.6)]",
    "datason_version": "0.4.5",
    "ml_libraries": {
      "numpy": "1.26.3",
      "pandas": "2.2.3"
    },
    "competitive_libs": {
      "orjson": "3.10.18",
      "ujson": "5.10.0"
    }
  },
  "ml_benchmarks": {
    "numpy_arrays": {
      "small_array": {
        "test_name": "numpy_arrays.small_array",
        "datason_standard": {
          "mean": 0.0002010332013014704,
          "min": 0.00019879100727848709,
          "max": 0.0002075420052278787,
          "std": 3.6643853751120608e-06,
          "iterations": 5,
          "result_size": 20859
        },
        "datason_performance": {
          "mean": 0.00021150800166651605,
          "min": 0.00020354098523966968,
          "max": 0.00022141600493341684,
          "std": 6.563436873611021e-06,
          "iterations": 5,
          "result_size": 20859
        },
        "json_standard": {
          "mean": 0.00038820860791020093,
          "min": 0.00037387499469332397,
          "max": 0.0004076670156791806,
          "std": 1.2326767023182806e-05,
          "iterations": 5,
          "result_size": 20859
        },
        "orjson": {
          "mean": 1.8424802692607046e-05,
          "min": 1.637497916817665e-05,
          "max": 2.400000812485814e-05,
          "std": 3.207759637054117e-06,
          "iterations": 5,
          "result_size": 19860
        },
        "ujson": {
          "mean": 9.415820240974427e-05,
          "min": 9.083299664780498e-05,
          "max": 9.741701069287956e-05,
          "std": 2.8570052846515755e-06,
          "iterations": 5,
          "result_size": 19860
        },
        "pickle": {
          "mean": 1.0916602332144975e-05,
          "min": 1.0583025868982077e-05,
          "max": 1.1625001206994057e-05,
          "std": 4.104500969713366e-07,
          "iterations": 5,
          "result_size": 25293
        }
      },
      "medium_array": {
        "test_name": "numpy_arrays.medium_array",
        "datason_standard": {
          "mean": 0.001998583402018994,
          "min": 0.0019245830189902335,
          "max": 0.0020958330132998526,
          "std": 7.52186464125316e-05,
          "iterations": 5,
          "result_size": 207303
        },
        "datason_performance": {
          "mean": 0.001996417000191286,
          "min": 0.0019468750106170774,
          "max": 0.0020419590000528842,
          "std": 3.402233650081472e-05,
          "iterations": 5,
          "result_size": 207303
        },
        "json_standard": {
          "mean": 0.0033847999933641405,
          "min": 0.0032984589925035834,
          "max": 0.0034637499775271863,
          "std": 6.691815072282083e-05,
          "iterations": 5,
          "result_size": 207303
        },
        "orjson": {
          "mean": 0.00022184979752637446,
          "min": 0.00018295799964107573,
          "max": 0.0002406249986961484,
          "std": 2.374106558696849e-05,
          "iterations": 5,
          "result_size": 197306
        },
        "ujson": {
          "mean": 0.0008901413937564939,
          "min": 0.000863957975525409,
          "max": 0.0009257500059902668,
          "std": 2.67003924706971e-05,
          "iterations": 5,
          "result_size": 197302
        },
        "pickle": {
          "mean": 8.505839505232871e-05,
          "min": 8.304198854602873e-05,
          "max": 8.712499402463436e-05,
          "std": 1.6013269231603327e-06,
          "iterations": 5,
          "result_size": 250681
        }
      },
      "mixed_types": {
        "test_name": "numpy_arrays.mixed_types",
        "datason_standard": {
          "mean": 0.00017499179812148214,
          "min": 0.00017208399367518723,
          "max": 0.0001833749993238598,
          "std": 4.847788761974757e-06,
          "iterations": 5,
          "result_size": 13466
        },
        "datason_performance": {
          "mean": 0.0001725748006720096,
          "min": 0.0001723329769447446,
          "max": 0.00017275000573135912,
          "std": 1.6776612316266393e-07,
          "iterations": 5,
          "result_size": 13466
        },
        "json_standard": {
          "mean": 0.00019881659536622465,
          "min": 0.00019729201449081302,
          "max": 0.00020037498325109482,
          "std": 1.3275804953254805e-06,
          "iterations": 5,
          "result_size": 13466
        },
        "orjson": {
          "mean": 1.1917005758732558e-05,
          "min": 1.09999964479357e-05,
          "max": 1.4209013897925615e-05,
          "std": 1.3128789035156326e-06,
          "iterations": 5,
          "result_size": 12464
        },
        "ujson": {
          "mean": 6.932479445822536e-05,
          "min": 6.895800470374525e-05,
          "max": 6.979101453907788e-05,
          "std": 3.4026902252448467e-07,
          "iterations": 5,
          "result_size": 12464
        },
        "pickle": {
          "mean": 1.6391801182180643e-05,
          "min": 1.604200224392116e-05,
          "max": 1.724998583085835e-05,
          "std": 5.011743207608303e-07,
          "iterations": 5,
          "result_size": 16360
        }
      }
    },
    "pandas_dataframes": {
      "small_df": {
        "test_name": "pandas_dataframes.small_df",
        "datason_standard": {
          "mean": 3.4675007918849586e-05,
          "min": 3.258298966102302e-05,
          "max": 4.037501639686525e-05,
          "std": 3.2856196701057194e-06,
          "iterations": 5,
          "result_size": 3854
        },
        "datason_performance": {
          "mean": 3.285000566393137e-05,
          "min": 3.2625015592202544e-05,
          "max": 3.312501939944923e-05,
          "std": 1.8064454695155812e-07,
          "iterations": 5,
          "result_size": 3854
        },
        "json_standard": {
          "mean": 3.510800306685269e-05,
          "min": 3.429100615903735e-05,
          "max": 3.5958015359938145e-05,
          "std": 7.076084195436059e-07,
          "iterations": 5,
          "result_size": 3854
        },
        "orjson": {
          "mean": 3.825000021606684e-06,
          "min": 3.749999450519681e-06,
          "max": 3.916997229680419e-06,
          "std": 8.527206773958478e-08,
          "iterations": 5,
          "result_size": 3455
        },
        "ujson": {
          "mean": 2.1141604520380497e-05,
          "min": 2.0000006770715117e-05,
          "max": 2.500001573935151e-05,
          "std": 2.160406240147792e-06,
          "iterations": 5,
          "result_size": 3455
        },
        "pickle": {
          "mean": 7.724802708253265e-06,
          "min": 7.5830030255019665e-06,
          "max": 7.95800588093698e-06,
          "std": 1.4608954544080132e-07,
          "iterations": 5,
          "result_size": 3965
        }
      },
      "mixed_df": {
        "test_name": "pandas_dataframes.mixed_df",
        "datason_standard": {
          "mean": 0.0004297919978853315,
          "min": 0.0003303340054117143,
          "max": 0.0007982499955687672,
          "std": 0.00020614150709089498,
          "iterations": 5,
          "result_size": 11934
        },
        "datason_performance": {
          "mean": 0.0002590499992948025,
          "min": 0.00025637500220909715,
          "max": 0.0002643750049173832,
          "std": 3.402806594744255e-06,
          "iterations": 5,
          "result_size": 5814
        },
        "json_standard": {
          "mean": 4.564179689623415e-05,
          "min": 4.449998959898949e-05,
          "max": 4.791698302142322e-05,
          "std": 1.3963610517012903e-06,
          "iterations": 5,
          "result_size": 6014
        },
        "orjson": {
          "mean": 1.33915978949517e-05,
          "min": 1.3167009456083179e-05,
          "max": 1.3500015484169126e-05,
          "std": 1.4299065167282867e-07,
          "iterations": 5,