{
  "metadata": {
    "timestamp": "2025-06-02T19:37:17.061150+00:00",
    "python_version": "3.12.0 (main, Feb 22 2025, 21:43:18) [Clang 16.0.0 (clang-1600.0.26.6)]",
    "datason_version": "0.4.5",
    "ml_libraries": {
      "numpy": "1.26.3",
      "pandas": "2.2.3"
    },
    "competitive_libs": {
      "orjson": "3.10.18",
      "ujson": "5.10.0"
    }
  },
  "ml_benchmarks": {
    "numpy_arrays": {
      "small_array": {
        "test_name": "numpy_arrays.small_array",
        "datason_standard": {
          "mean": 0.00022430819226428866,
          "min": 0.00022124999668449163,
          "max": 0.00022841600002720952,
          "std": 2.7128815069180803e-06,
          "iterations": 5,
          "result_size": 20840
        },
        "datason_performance": {
          "mean": 0.0002359920006711036,
          "min": 0.0002339589991606772,
          "max": 0.0002391250163782388,
          "std": 1.967715619358799e-06,
          "iterations": 5,
          "result_size": 20840
        },
        "json_standard": {
          "mean": 0.0004899581894278526,
          "min": 0.00037900000461377203,
          "max": 0.000643582985503599,
          "std": 0.00012088449453755155,
          "iterations": 5,
          "result_size": 20840
        },
        "orjson": {
          "mean": 0.00010084999958053232,
          "min": 2.750000567175448e-05,
          "max": 0.00033020798582583666,
          "std": 0.00012889790750787773,
          "iterations": 5,
          "result_size": 19841
        },
        "ujson": {
          "mean": 0.00018318279762752354,
          "min": 9.625000529922545e-05,
          "max": 0.0003146659873891622,
          "std": 8.815878155561132e-05,
          "iterations": 5,
          "result_size": 19841
        },
        "pickle": {
          "mean": 2.6383210206404327e-05,
          "min": 1.1374999303370714e-05,
          "max": 5.2000017603859305e-05,
          "std": 1.8890787765382867e-05,
          "iterations": 5,
          "result_size": 25400
        }
      },
      "medium_array": {
        "test_name": "numpy_arrays.medium_array",
        "datason_standard": {
          "mean": 0.0029020334011875095,
          "min": 0.0023885420232545584,
          "max": 0.0031782919832039624,
          "std": 0.00030792151233353314,
          "iterations": 5,
          "result_size": 207096
        },
        "datason_performance": {
          "mean": 0.00213097520172596,
          "min": 0.0020735420112032443,
          "max": 0.002219374990090728,
          "std": 6.26276151582968e-05,
          "iterations": 5,
          "result_size": 207096
        },
        "json_standard": {
          "mean": 0.0034599417995195836,
          "min": 0.003417125000851229,
          "max": 0.003517917008139193,
          "std": 3.635590358485308e-05,
          "iterations": 5,
          "result_size": 207096
        },
        "orjson": {
          "mean": 0.00029508319566957654,
          "min": 0.00026404098025523126,
          "max": 0.0003320840187370777,
          "std": 2.525743962303755e-05,
          "iterations": 5,
          "result_size": 197099
        },
        "ujson": {
          "mean": 0.0009255665994714945,
          "min": 0.0009043749887496233,
          "max": 0.0009513749973848462,
          "std": 2.3801499146525353e-05,
          "iterations": 5,
          "result_size": 197095
        },
        "pickle": {
          "mean": 0.00012829980114474892,
          "min": 8.687499212101102e-05,
          "max": 0.0001867079990915954,
          "std": 5.022033432155639e-05,
          "iterations": 5,
          "result_size": 250319
        }
      },
      "mixed_types": {
        "test_name": "numpy_arrays.mixed_types",
        "datason_standard": {
          "mean": 0.0002358581987209618,
          "min": 0.00020662500173784792,
          "max": 0.0002694999857340008,
          "std": 2.7235057321776292e-05,
          "iterations": 5,
          "result_size": 13463
        },
        "datason_performance": {
          "mean": 0.00021560859750024974,
          "min": 0.00021508400095626712,
          "max": 0.0002161670126952231,
          "std": 4.746868535296358e-07,
          "iterations": 5,
          "result_size": 13463
        },
        "json_standard": {
          "mean": 0.00020562520367093385,
          "min": 0.00020479198428802192,
          "max": 0.00020683402544818819,
          "std": 8.625618259600671e-07,
          "iterations": 5,
          "result_size": 13463
        },
        "orjson": {
          "mean": 1.3274804223328828e-05,
          "min": 1.1625001206994057e-05,
          "max": 1.6375008272007108e-05,
          "std": 2.049068104345278e-06,
          "iterations": 5,
          "result_size": 12461
        },
        "ujson": {
          "mean": 7.404159405268728e-05,
          "min": 7.262500002980232e-05,
          "max": 7.612499757669866e-05,
          "std": 1.4320982629668429e-06,
          "iterations": 5,
          "result_size": 12461
        },
        "pickle": {
          "mean": 1.752499956637621e-05,
          "min": 1.7000013031065464e-05,
          "max": 1.8749997252598405e-05,
          "std": 7.225851195039167e-07,
          "iterations": 5,
          "result_size": 16217
        }
      }
    },
    "pandas_dataframes": {
      "small_df": {
        "test_name": "pandas_dataframes.small_df",
        "datason_standard": {
          "mean": 3.3549993531778455e-05,
          "min": 3.329099854454398e-05,
          "max": 3.4083990612998605e-05,
          "std": 3.4437953344046054e-07,
          "iterations": 5,
          "result_size": 3868
        },
        "datason_performance": {
          "mean": 5.072499625384808e-05,
          "min": 3.3499993151053786e-05,
          "max": 7.4541982030496e-05,
          "std": 2.1505467466316055e-05,
          "iterations": 5,
          "result_size": 3868
        },
        "json_standard": {
          "mean": 3.7850200897082686e-05,
          "min": 3.554200520738959e-05,
          "max": 4.533299943432212e-05,
          "std": 4.209319112455797e-06,
          "iterations": 5,
          "result_size": 3868
        },
        "orjson": {
          "mean": 3.924599150195718e-06,
          "min": 3.8330035749822855e-06,
          "max": 4.041008651256561e-06,
          "std": 1.0762795104410507e-07,
          "iterations": 5,
          "result_size": 3469
        },
        "ujson": {
          "mean": 2.0791596034541727e-05,
          "min": 2.0624982425943017e-05,
          "max": 2.1249987185001373e-05,
          "std": 2.6512044170712676e-07,
          "iterations": 5,
          "result_size": 3469
        },
        "pickle": {
          "mean": 7.674790685996413e-06,
          "min": 7.374997949227691e-06,
          "max": 8.249975508078933e-06,
          "std": 3.504544215249246e-07,
          "iterations": 5,
          "result_size": 4029
        }
      },
      "mixed_df": {
        "test_name": "pandas_dataframes.mixed_df",
        "datason_standard": {
          "mean": 0.000500866596121341,
          "min": 0.0004966660053469241,
          "max": 0.0005076249944977462,
          "std": 4.591930485012759e-06,
          "iterations": 5,
          "result_size": 11934
        },
        "datason_performance": {
          "mean": 0.00043880859739147126,
          "min": 0.000423833989771083,
          "max": 0.0004952920135110617,
          "std": 3.1587308922353065e-05,
          "iterations": 5,
          "result_size": 5814
        },
        "json_standard": {
          "mean": 4.745000624097884e-05,
          "min": 4.612500197254121e-05,
          "max": 4.862499190494418e-05,
          "std": 1.1353495092587568e-06,
          "iterations": 5,
          "result_size": 6014
        },
        "orjson": {
          "mean": 1.3866397785022854e-05,
          "min": 1.320798764936626e-05,
          "max": 1.5915982658043504e-05,
          "std": 1.1572625772194745e-06,
          "iterations": 5,