{
  "metadata": {
    "timestamp": "2025-06-02T17:26:19.171690+00:00",
    "python_version": "3.12.0 (main, Feb 22 2025, 21:43:18) [Clang 16.0.0 (clang-1600.0.26.6)]",
    "datason_version": "0.4.5",
    "ml_libraries": {
      "numpy": "1.26.3",
      "pandas": "2.2.3"
    },
    "competitive_libs": {
      "orjson": "3.10.18",
      "ujson": "5.10.0"
    }
  },
  "ml_benchmarks": {
    "numpy_arrays": {
      "small_array": {
        "test_name": "numpy_arrays.small_array",
        "datason_standard": {
          "mean": 0.0002220167953055352,
          "min": 0.0002198339789174497,
          "max": 0.00022812499082647264,
          "std": 3.443571077851622e-06,
          "iterations": 5,
          "result_size": 20873
        },
        "datason_performance": {
          "mean": 0.00022654180065728724,
          "min": 0.00021875000675208867,
          "max": 0.0002445839927531779,
          "std": 1.0527645653077434e-05,
          "iterations": 5,
          "result_size": 20873
        },
        "json_standard": {
          "mean": 0.0003444917965680361,
          "min": 0.0003334580105729401,
          "max": 0.00035170800401829183,
          "std": 7.0020906519349214e-06,
          "iterations": 5,
          "result_size": 20873
        },
        "orjson": {
          "mean": 2.0325399236753584e-05,
          "min": 1.7166981706395745e-05,
          "max": 2.833301550708711e-05,
          "std": 4.711144868813344e-06,
          "iterations": 5,
          "result_size": 19874
        },
        "ujson": {
          "mean": 9.752500336617232e-05,
          "min": 9.345798753201962e-05,
          "max": 0.00011141700088046491,
          "std": 7.821769555632868e-06,
          "iterations": 5,
          "result_size": 19874
        },
        "pickle": {
          "mean": 1.1416798224672675e-05,
          "min": 1.1041993275284767e-05,
          "max": 1.2250005966052413e-05,
          "std": 4.867452744109108e-07,
          "iterations": 5,
          "result_size": 25470
        }
      },
      "medium_array": {
        "test_name": "numpy_arrays.medium_array",
        "datason_standard": {
          "mean": 0.0021591586002614347,
          "min": 0.002054750017123297,
          "max": 0.0022834170085843652,
          "std": 9.667398362190393e-05,
          "iterations": 5,
          "result_size": 207262
        },
        "datason_performance": {
          "mean": 0.002125691599212587,
          "min": 0.002023708017077297,
          "max": 0.0022398750006686896,
          "std": 9.507995810208147e-05,
          "iterations": 5,
          "result_size": 207262
        },
        "json_standard": {
          "mean": 0.0034615084005054086,
          "min": 0.0034068340028170496,
          "max": 0.0035381670168135315,
          "std": 6.606919941783193e-05,
          "iterations": 5,
          "result_size": 207262
        },
        "orjson": {
          "mean": 0.00022298340336419643,
          "min": 0.000201625021873042,
          "max": 0.0002655420103110373,
          "std": 2.63369054896152e-05,
          "iterations": 5,
          "result_size": 197263
        },
        "ujson": {
          "mean": 0.0009741581976413727,
          "min": 0.0009150829864665866,
          "max": 0.001068459008820355,
          "std": 5.8031047085557926e-05,
          "iterations": 5,
          "result_size": 197263
        },
        "pickle": {
          "mean": 8.855819469317794e-05,
          "min": 8.45409813337028e-05,
          "max": 9.970800601877272e-05,
          "std": 6.371830526602438e-06,
          "iterations": 5,
          "result_size": 250509
        }
      },
      "mixed_types": {
        "test_name": "numpy_arrays.mixed_types",
        "datason_standard": {
          "mean": 0.00020211678929626942,
          "min": 0.00019820898887701333,
          "max": 0.00020799998310394585,
          "std": 4.159131993215147e-06,
          "iterations": 5,
          "result_size": 13422
        },
        "datason_performance": {
          "mean": 0.00020143300062045456,
          "min": 0.0001994580088648945,
          "max": 0.00020420801592990756,
          "std": 2.3568311748388204e-06,
          "iterations": 5,
          "result_size": 13422
        },
        "json_standard": {
          "mean": 0.00020495839999057353,
          "min": 0.00020149999181739986,
          "max": 0.00020866599516011775,
          "std": 2.797128161443202e-06,
          "iterations": 5,
          "result_size": 13422
        },
        "orjson": {
          "mean": 1.3083190424367785e-05,
          "min": 1.1582975275814533e-05,
          "max": 1.6749982023611665e-05,
          "std": 2.127113115923682e-06,
          "iterations": 5,
          "result_size": 12420
        },
        "ujson": {
          "mean": 8.197500137612224e-05,
          "min": 7.129201549105346e-05,
          "max": 9.970800601877272e-05,
          "std": 1.1590739401989386e-05,
          "iterations": 5,
          "result_size": 12420
        },
        "pickle": {
          "mean": 1.6608601436018942e-05,
          "min": 1.604200224392116e-05,
          "max": 1.7874990589916706e-05,
          "std": 7.443887379877974e-07,
          "iterations": 5,
          "result_size": 16243
        }
      }
    },
    "pandas_dataframes": {
      "small_df": {
        "test_name": "pandas_dataframes.small_df",
        "datason_standard": {
          "mean": 8.924179710447788e-05,
          "min": 3.370898775756359e-05,
          "max": 0.00023116701049730182,
          "std": 8.313622767042219e-05,
          "iterations": 5,
          "result_size": 3854
        },
        "datason_performance": {
          "mean": 3.555819857865572e-05,
          "min": 3.383299917913973e-05,
          "max": 3.924997872672975e-05,
          "std": 2.3084812058805555e-06,
          "iterations": 5,
          "result_size": 3854
        },
        "json_standard": {
          "mean": 4.00414050091058e-05,
          "min": 3.633301821537316e-05,
          "max": 4.362498293630779e-05,
          "std": 3.3675442616749657e-06,
          "iterations": 5,
          "result_size": 3854
        },
        "orjson": {
          "mean": 3.866601036861539e-06,
          "min": 3.7080026231706142e-06,
          "max": 4.04199818149209e-06,
          "std": 1.627822164855174e-07,
          "iterations": 5,
          "result_size": 3455
        },
        "ujson": {
          "mean": 2.0733597921207547e-05,
          "min": 2.0459003280848265e-05,
          "max": 2.129099448211491e-05,
          "std": 3.4392218170608084e-07,
          "iterations": 5,
          "result_size": 3455
        },
        "pickle": {
          "mean": 7.75041407905519e-06,
          "min": 7.459020707756281e-06,
          "max": 8.292001439258456e-06,
          "std": 3.2800271317571203e-07,
          "iterations": 5,
          "result_size": 4073
        }
      },
      "mixed_df": {
        "test_name": "pandas_dataframes.mixed_df",
        "datason_standard": {
          "mean": 0.0006307499890681357,
          "min": 0.0005339159979484975,
          "max": 0.001002666977001354,
          "std": 0.000207963229648095,
          "iterations": 5,
          "result_size": 11934
        },
        "datason_performance": {
          "mean": 0.0005010918073821812,
          "min": 0.00046645902330055833,
          "max": 0.0005601250159088522,
          "std": 4.656230170733786e-05,
          "iterations": 5,
          "result_size": 5814
        },
        "json_standard": {
          "mean": 7.041679928079247e-05,
          "min": 4.520799848251045e-05,
          "max": 0.0001531669986434281,
          "std": 4.657891249112318e-05,
          "iterations": 5,
          "result_size": 6014
        },
        "orjson": {
          "mean": 1.3558199862018228e-05,
          "min": 1.3290991773828864e-05,
          "max": 1.3959011994302273e-05,
          "std": 2.8399518535146606e-07,
          "iterations": 5,