{
  "metadata": {
    "timestamp": "2025-06-02T20:47:43.124276+00:00",
    "python_version": "3.12.0 (main, Feb 22 2025, 21:43:18) [Clang 16.0.0 (clang-1600.0.26.6)]",
    "datason_version": "0.4.5",
    "ml_libraries": {
      "numpy": "1.26.3",
      "pandas": "2.2.3"
    },
    "competitive_libs": {
      "orjson": "3.10.18",
      "ujson": "5.10.0"
    }
  },
  "ml_benchmarks": {
    "numpy_arrays": {
      "small_array": {
        "test_name": "numpy_arrays.small_array",
        "datason_standard": {
          "mean": 0.00021641640341840684,
          "min": 0.0002032499760389328,
          "max": 0.00023320800391957164,
          "std": 1.249851643797033e-05,
          "iterations": 5,
          "result_size": 20811
        },
        "datason_performance": {
          "mean": 0.00021915019606240095,
          "min": 0.00020508398301899433,
          "max": 0.00024145899806171656,
          "std": 1.4691134516613723e-05,
          "iterations": 5,
          "result_size": 20811
        },
        "json_standard": {
          "mean": 0.00034499159664846957,
          "min": 0.000334082986228168,
          "max": 0.0003810419875662774,
          "std": 2.0247427902066358e-05,
          "iterations": 5,
          "result_size": 20811
        },
        "orjson": {
          "mean": 1.9008206436410546e-05,
          "min": 1.6332982340827584e-05,
          "max": 2.529102494008839e-05,
          "std": 3.789284398382644e-06,
          "iterations": 5,
          "result_size": 19812
        },
        "ujson": {
          "mean": 9.629160049371422e-05,
          "min": 9.183297515846789e-05,
          "max": 0.00010216701775789261,
          "std": 4.539233792842122e-06,
          "iterations": 5,
          "result_size": 19812
        },
        "pickle": {
          "mean": 1.0849995305761695e-05,
          "min": 1.0374991688877344e-05,
          "max": 1.1750002158805728e-05,
          "std": 5.34098490461531e-07,
          "iterations": 5,
          "result_size": 25376
        }
      },
      "medium_array": {
        "test_name": "numpy_arrays.medium_array",
        "datason_standard": {
          "mean": 0.0019640335929580035,
          "min": 0.0019242500129621476,
          "max": 0.0020068750018253922,
          "std": 3.823519156765263e-05,
          "iterations": 5,
          "result_size": 207277
        },
        "datason_performance": {
          "mean": 0.0019217830034904183,
          "min": 0.0019012500124517828,
          "max": 0.001943790994118899,
          "std": 1.961005511642156e-05,
          "iterations": 5,
          "result_size": 207277
        },
        "json_standard": {
          "mean": 0.0032907916000112893,
          "min": 0.003237375000026077,
          "max": 0.0033377920044586062,
          "std": 4.972793419620206e-05,
          "iterations": 5,
          "result_size": 207277
        },
        "orjson": {
          "mean": 0.00020039159571751952,
          "min": 0.0001756249985191971,
          "max": 0.00023545799194835126,
          "std": 2.7439573586351507e-05,
          "iterations": 5,
          "result_size": 197278
        },
        "ujson": {
          "mean": 0.0008874999941326678,
          "min": 0.0008734579896554351,
          "max": 0.0008939589897636324,
          "std": 8.305023359502323e-06,
          "iterations": 5,
          "result_size": 197278
        },
        "pickle": {
          "mean": 8.711639093235135e-05,
          "min": 8.574998355470598e-05,
          "max": 9.07079956959933e-05,
          "std": 2.041515283871774e-06,
          "iterations": 5,
          "result_size": 250402
        }
      },
      "mixed_types": {
        "test_name": "numpy_arrays.mixed_types",
        "datason_standard": {
          "mean": 0.00018109980155713856,
          "min": 0.00017845799447968602,
          "max": 0.0001838750031311065,
          "std": 2.376655159406175e-06,
          "iterations": 5,
          "result_size": 13393
        },
        "datason_performance": {
          "mean": 0.00017965840524993836,
          "min": 0.0001785829954314977,
          "max": 0.00018154201097786427,
          "std": 1.1406835042720257e-06,
          "iterations": 5,
          "result_size": 13393
        },
        "json_standard": {
          "mean": 0.00020130820921622218,
          "min": 0.0001982910034712404,
          "max": 0.00020454201148822904,
          "std": 2.4580434354774574e-06,
          "iterations": 5,
          "result_size": 13393
        },
        "orjson": {
          "mean": 1.2425199383869767e-05,
          "min": 1.0957999620586634e-05,
          "max": 1.5083001926541328e-05,
          "std": 1.7431824490433684e-06,
          "iterations": 5,
          "result_size": 12391
        },
        "ujson": {
          "mean": 7.062479853630066e-05,
          "min": 6.975000724196434e-05,
          "max": 7.191600161604583e-05,
          "std": 8.033502613609687e-07,
          "iterations": 5,
          "result_size": 12391
        },
        "pickle": {
          "mean": 1.6341602895408867e-05,
          "min": 1.5958008589223027e-05,
          "max": 1.733301905915141e-05,
          "std": 5.782763104631613e-07,
          "iterations": 5,
          "result_size": 16095
        }
      }
    },
    "pandas_dataframes": {
      "small_df": {
        "test_name": "pandas_dataframes.small_df",
        "datason_standard": {
          "mean": 3.339160466566682e-05,
          "min": 3.241602098569274e-05,
          "max": 3.637498593889177e-05,
          "std": 1.6736400982158267e-06,
          "iterations": 5,
          "result_size": 3864
        },
        "datason_performance": {
          "mean": 3.2333191484212875e-05,
          "min": 3.220798680558801e-05,
          "max": 3.241701051592827e-05,
          "std": 8.363022017140009e-08,
          "iterations": 5,
          "result_size": 3864
        },
        "json_standard": {
          "mean": 3.472539829090238e-05,
          "min": 3.433399251662195e-05,
          "max": 3.558400203473866e-05,
          "std": 4.945324205476133e-07,
          "iterations": 5,
          "result_size": 3864
        },
        "orjson": {
          "mean": 3.741995897144079e-06,
          "min": 3.6249984987080097e-06,
          "max": 3.8339931052178144e-06,
          "std": 8.03200155224988e-08,
          "iterations": 5,
          "result_size": 3465
        },
        "ujson": {
          "mean": 1.950820442289114e-05,
          "min": 1.9333005184307694e-05,
          "max": 1.979200169444084e-05,
          "std": 1.9437117030825408e-07,
          "iterations": 5,
          "result_size": 3465
        },
        "pickle": {
          "mean": 7.53339845687151e-06,
          "min": 7.333990652114153e-06,
          "max": 7.95800588093698e-06,
          "std": 2.5045168479460573e-07,
          "iterations": 5,
          "result_size": 4021
        }
      },
      "mixed_df": {
        "test_name": "pandas_dataframes.mixed_df",
        "datason_standard": {
          "mean": 0.0004282670095562935,
          "min": 0.0003267920110374689,
          "max": 0.000782917020842433,
          "std": 0.0001983966929436533,
          "iterations": 5,
          "result_size": 11934
        },
        "datason_performance": {
          "mean": 0.00028603340033441784,
          "min": 0.000264208996668458,
          "max": 0.0003611670108512044,
          "std": 4.207203540869459e-05,
          "iterations": 5,
          "result_size": 5814
        },
        "json_standard": {
          "mean": 4.4116604840382934e-05,
          "min": 4.270800855010748e-05,
          "max": 4.6083005145192146e-05,
          "std": 1.2704050400705924e-06,
          "iterations": 5,
          "result_size": 6014
        },
        "orjson": {
          "mean": 1.2600194895640016e-05,
          "min": 1.2541975593194366e-05,
          "max": 1.2667005648836493e-05,
          "std": 6.323429435614072e-08,
          "iterations": 5,