{
  "metadata": {
    "timestamp": "2025-06-02T19:07:15.449630+00:00",
    "python_version": "3.12.0 (main, Feb 22 2025, 21:43:18) [Clang 16.0.0 (clang-1600.0.26.6)]",
    "datason_version": "0.4.5",
    "ml_libraries": {
      "numpy": "1.26.3",
      "pandas": "2.2.3"
    },
    "competitive_libs": {
      "orjson": "3.10.18",
      "ujson": "5.10.0"
    }
  },
  "ml_benchmarks": {
    "numpy_arrays": {
      "small_array": {
        "test_name": "numpy_arrays.small_array",
        "datason_standard": {
          "mean": 0.00022377540008164943,
          "min": 0.00022170899319462478,
          "max": 0.00022766701295040548,
          "std": 2.2860264747250635e-06,
          "iterations": 5,
          "result_size": 20782
        },
        "datason_performance": {
          "mean": 0.00023306679795496166,
          "min": 0.00022229200112633407,
          "max": 0.00026404199888929725,
          "std": 1.7569625846914932e-05,
          "iterations": 5,
          "result_size": 20782
        },
        "json_standard": {
          "mean": 0.0003769414033740759,
          "min": 0.00034354100353084505,
          "max": 0.00044583299313671887,
          "std": 4.0522269970261074e-05,
          "iterations": 5,
          "result_size": 20782
        },
        "orjson": {
          "mean": 2.0508194575086235e-05,
          "min": 1.7707992810755968e-05,
          "max": 2.4500011932104826e-05,
          "std": 2.7748541822571553e-06,
          "iterations": 5,
          "result_size": 19783
        },
        "ujson": {
          "mean": 0.00010196680668741464,
          "min": 9.32500115595758e-05,
          "max": 0.00012129099923186004,
          "std": 1.2702086080764942e-05,
          "iterations": 5,
          "result_size": 19783
        },
        "pickle": {
          "mean": 1.1850206647068262e-05,
          "min": 1.0917021427303553e-05,
          "max": 1.3790995581075549e-05,
          "std": 1.1551509111246982e-06,
          "iterations": 5,
          "result_size": 25277
        }
      },
      "medium_array": {
        "test_name": "numpy_arrays.medium_array",
        "datason_standard": {
          "mean": 0.0022575163980945944,
          "min": 0.002151332999346778,
          "max": 0.0025897079904098064,
          "std": 0.00018707451942584963,
          "iterations": 5,
          "result_size": 207339
        },
        "datason_performance": {
          "mean": 0.002112166793085635,
          "min": 0.0020646670018322766,
          "max": 0.002150417014490813,
          "std": 3.295492719930813e-05,
          "iterations": 5,
          "result_size": 207339
        },
        "json_standard": {
          "mean": 0.003440858598332852,
          "min": 0.003397749998839572,
          "max": 0.0035608340112958103,
          "std": 6.75935413829725e-05,
          "iterations": 5,
          "result_size": 207339
        },
        "orjson": {
          "mean": 0.00020439160289242864,
          "min": 0.00018437500693835318,
          "max": 0.00023662499734200537,
          "std": 2.2890614098794012e-05,
          "iterations": 5,
          "result_size": 197342
        },
        "ujson": {
          "mean": 0.0009410165948793292,
          "min": 0.0008985419990494847,
          "max": 0.0009921659948304296,
          "std": 3.5773397917460414e-05,
          "iterations": 5,
          "result_size": 197338
        },
        "pickle": {
          "mean": 0.00015889159403741359,
          "min": 8.583298767916858e-05,
          "max": 0.00033633297425694764,
          "std": 0.00010941359420765796,
          "iterations": 5,
          "result_size": 250643
        }
      },
      "mixed_types": {
        "test_name": "numpy_arrays.mixed_types",
        "datason_standard": {
          "mean": 0.00020137479878030718,
          "min": 0.00019945797976106405,
          "max": 0.00020733301062136889,
          "std": 3.340171274384883e-06,
          "iterations": 5,
          "result_size": 13427
        },
        "datason_performance": {
          "mean": 0.00020004199468530713,
          "min": 0.00019541700021363795,
          "max": 0.00020899999071843922,
          "std": 5.275889974144224e-06,
          "iterations": 5,
          "result_size": 13427
        },
        "json_standard": {
          "mean": 0.00021409179898910225,
          "min": 0.00020433298777788877,
          "max": 0.00023770800908096135,
          "std": 1.3767932890497408e-05,
          "iterations": 5,
          "result_size": 13427
        },
        "orjson": {
          "mean": 1.372500555589795e-05,
          "min": 1.2167001841589808e-05,
          "max": 1.691700890660286e-05,
          "std": 1.929819053055149e-06,
          "iterations": 5,
          "result_size": 12425
        },
        "ujson": {
          "mean": 7.702540606260299e-05,
          "min": 7.641699630767107e-05,
          "max": 7.80420086812228e-05,
          "std": 6.113554038921827e-07,
          "iterations": 5,
          "result_size": 12425
        },
        "pickle": {
          "mean": 1.7749995458871125e-05,
          "min": 1.737498678267002e-05,
          "max": 1.86669931281358e-05,
          "std": 5.613776825784937e-07,
          "iterations": 5,
          "result_size": 16194
        }
      }
    },
    "pandas_dataframes": {
      "small_df": {
        "test_name": "pandas_dataframes.small_df",
        "datason_standard": {
          "mean": 3.496679710224271e-05,
          "min": 3.345898585394025e-05,
          "max": 3.950000973418355e-05,
          "std": 2.5603457885123274e-06,
          "iterations": 5,
          "result_size": 3855
        },
        "datason_performance": {
          "mean": 3.386681200936437e-05,
          "min": 3.366702003404498e-05,
          "max": 3.416600520722568e-05,
          "std": 1.9821908450569336e-07,
          "iterations": 5,
          "result_size": 3855
        },
        "json_standard": {
          "mean": 3.619979834184051e-05,
          "min": 3.5792007111012936e-05,
          "max": 3.6874989746138453e-05,
          "std": 4.128735354832805e-07,
          "iterations": 5,
          "result_size": 3855
        },
        "orjson": {
          "mean": 4.06659091822803e-06,
          "min": 3.875000402331352e-06,
          "max": 4.375004209578037e-06,
          "std": 1.9006334191584672e-07,
          "iterations": 5,
          "result_size": 3456
        },
        "ujson": {
          "mean": 2.0866590784862637e-05,
          "min": 2.0500010577961802e-05,
          "max": 2.1333980839699507e-05,
          "std": 3.48209279153155e-07,
          "iterations": 5,
          "result_size": 3456
        },
        "pickle": {
          "mean": 7.583398837596178e-06,
          "min": 7.374997949227691e-06,
          "max": 8.083006832748652e-06,
          "std": 3.0460996379698764e-07,
          "iterations": 5,
          "result_size": 4055
        }
      },
      "mixed_df": {
        "test_name": "pandas_dataframes.mixed_df",
        "datason_standard": {
          "mean": 0.0006150332046672702,
          "min": 0.0005948749894741923,
          "max": 0.0006325830181594938,
          "std": 1.4993360971401265e-05,
          "iterations": 5,
          "result_size": 11934
        },
        "datason_performance": {
          "mean": 0.0005260499892756343,
          "min": 0.0005169169744476676,
          "max": 0.0005352079751901329,
          "std": 7.633312484961024e-06,
          "iterations": 5,
          "result_size": 5814
        },
        "json_standard": {
          "mean": 4.7824799548834565e-05,
          "min": 4.558300133794546e-05,
          "max": 5.029098247177899e-05,
          "std": 2.279021932967353e-06,
          "iterations": 5,
          "result_size": 6014
        },
        "orjson": {
          "mean": 1.4608795754611493e-05,
          "min": 1.3084005331620574e-05,
          "max": 1.979200169444084e-05,
          "std": 2.9044388096873865e-06,
          "iterations": 5,