{
  "serialization": {
    "api_response_small": {
      "dataset": "api_response_small",
      "standard_datason": {
        "time": 0.0026762089983094484,
        "memory_mb": null,
        "size_chars": 43320
      },
      "performance_config": {
        "time": 0.0020980830013286322,
        "memory_mb": null,
        "size_chars": 37676
      },
      "type_hints": {
        "time": 0.0022305830207187682,
        "memory_mb": null,
        "size_chars": 51625
      },
      "pure_json": {
        "time": 0.0004692089860327542,
        "memory_mb": null,
        "size_chars": 40370
      },
      "pickle": {
        "time": 0.00029329099925234914,
        "memory_mb": null,
        "size_bytes": 20520
      }
    },
    "api_response_large": {
      "dataset": "api_response_large",
      "standard_datason": {
        "time": 0.11315812502289191,
        "memory_mb": null,
        "size_chars": 437556
      },
      "performance_config": {
        "time": 0.02094458299688995,
        "memory_mb": null,
        "size_chars": 381258
      },
      "type_hints": {
        "time": 0.02224287501303479,
        "memory_mb": null,
        "size_chars": 520111
      },
      "pure_json": {
        "time": 0.003271875000791624,
        "memory_mb": null,
        "size_chars": 408056
      },
      "pickle": {
        "time": 0.0015347500157076865,
        "memory_mb": null,
        "size_bytes": 205232
      }
    },
    "iot_data": {
      "dataset": "iot_data",
      "standard_datason": {
        "time": 0.008522541989805177,
        "memory_mb": null,
        "size_chars": 132607
      },
      "performance_config": {
        "time": 0.007911458000307903,
        "memory_mb": null,
        "size_chars": 115459
      },
      "type_hints": {
        "time": 0.009391291998326778,
        "memory_mb": null,
        "size_chars": 187717
      },
      "pure_json": {
        "time": 0.0016389999946113676,
        "memory_mb": null,
        "size_chars": 132607
      },
      "pickle": {
        "time": 0.0005459169915411621,
        "memory_mb": null,
        "size_bytes": 61601
      }
    },
    "ml_dataset": {
      "dataset": "ml_dataset",
      "standard_datason": {
        "time": 0.06007841700920835,
        "memory_mb": null,
        "size_chars": 1130814
      },
      "performance_config": {
        "time": 0.05932191698229872,
        "memory_mb": null,
        "size_chars": 1121797
      },
      "type_hints": {
        "time": 0.05953233301988803,
        "memory_mb": null,
        "size_chars": 1185869
      },
      "pure_json": {
        "time": 0.01837962499121204,
        "memory_mb": null,
        "size_chars": 1130814
      },
      "pickle": {
        "time": 0.00089945801300928,
        "memory_mb": null,
        "size_bytes": 535121
      }
    }
  },
  "deserialization": {
    "api_response_small": {
      "dataset": "api_response_small",
      "standard_deserialize": {
        "time": 0.0024722499947529286,
        "memory_mb": null
      },
      "auto_conservative": {
        "time": 0.0007861249905545264,
        "memory_mb": null
      },
      "auto_aggressive": {
        "time": 0.001279499992961064,
        "memory_mb": null
      },
      "template_deserialize": {
        "time": 0.001299083000048995,
        "memory_mb": null
      }
    },
    "api_response_large": {
      "dataset": "api_response_large",
      "standard_deserialize": {
        "time": 0.026539291022345424,
        "memory_mb": null
      },
      "auto_conservative": {
        "time": 0.009241749998182058,
        "memory_mb": null
      },
      "auto_aggressive": {
        "time": 0.013469208002788946,
        "memory_mb": null
      },
      "template_deserialize": {
        "time": 0.013392209017183632,
        "memory_mb": null
      }
    },
    "iot_data": {
      "dataset": "iot_data",
      "standard_deserialize": {
        "time": 0.0020004999823868275,
        "memory_mb": null
      },
      "auto_conservative": {
        "time": 0.002007750008488074,
        "memory_mb": null
      },
      "auto_aggressive": {
        "time": 0.003037957998458296,
        "memory_mb": null
      },
      "template_deserialize": {
        "time": 0.0032197500113397837,
        "memory_mb": null
      }
    },
    "ml_dataset": {
      "dataset": "ml_dataset",
      "standard_deserialize": {
        "time": 0.03828016700572334,
        "memory_mb": null
      },
      "auto_conservative": {
        "time": 0.021867417002795264,
        "memory_mb": null
      },
      "auto_aggressive": {
        "time": 0.03801483300048858,
        "memory_mb": null
      },
      "template_deserialize": {
        "time": 0.025422667007660493,
        "memory_mb": null
      }
    }
  },
  "type_overhead": {
    "simple_types": {
      "basic_time": 9.970800601877272e-05,
      "full_time": 0.0007428750104736537,
      "overhead_ratio": 7.450505131290936,
      "overhead_ms_per_call": 0.0064316700445488095,
      "basic_memory": null,
      "full_memory": null
    },
    "datetime_heavy": {
      "basic_time": 0.02943854100885801,
      "full_time": 0.03086350002558902,
      "overhead_ratio": 1.0484045393520773,
      "overhead_ms_per_call": 0.014249590167310089,
      "basic_memory": null,
      "full_memory": null
    },
    "uuid_heavy": {
      "basic_time": 0.000571540993405506,
      "full_time": 0.009554542019031942,
      "overhead_ratio": 16.71715962507178,
      "overhead_ms_per_call": 0.08983001025626436,
      "basic_memory": null,
      "full_memory": null
    },
    "mixed_complexity": {
      "basic_time": 0.09069937499589287,
      "full_time": 0.09664549998706207,
      "overhead_ratio": 1.0655586104252477,
      "overhead_ms_per_call": 0.059461249911691993,
      "basic_memory": null,
      "full_memory": null
    }
  },
  "rust_analysis": {
    "python_specific_features": [
      "datetime object introspection",
      "UUID object handling",
      "Decimal type processing",
      "Custom class __dict__ access",
      "Dynamic type checking with isinstance()",
      "Pandas/NumPy integration",
      "Exception handling and warnings"
    ],
    "rust_portable_operations": [
      "JSON string parsing/generation",
      "Basic type conversion (str -> int/float)",
      "String manipulation and validation",
      "Memory-efficient buffer operations",
      "Chunked processing logic",
      "Template matching and structure validation"
    ],
    "performance_bottlenecks": [
      {
        "function": "/Users/danielmeierendler/git/datason/datason/type_handlers.py:339(is_nan_like)",
        "cumulative_time": 0.037,
        "calls": 33090
      },
      {
        "function": "/Users/danielmeierendler/git/datason/datason/type_handlers.py:286(get_type_handler)",
        "cumulative_time": 0.022,
        "calls": 10040
      },
      {
        "function": "/Users/danielmeierendler/git/datason/datason/deserializers.py:358(_looks_like_datetime)",
        "cumulative_time": 0.016,
        "calls": 20030
      },
      {
        "function": "/Users/danielmeierendler/git/datason/datason/deserializers.py:376(_looks_like_uuid)",
        "cumulative_time": 0.006,
        "calls": 17020
      },
      {
        "function": "/Users/danielmeierendler/git/datason/datason/type_handlers.py:36(handle_decimal)",
        "cumulative_time": 0.003,
        "calls": 1000
      },
      {
        "function": "/Users/danielmeierendler/git/datason/datason/type_handlers.py:374(normalize_numpy_types)",
        "cumulative_time": 0.003,
        "calls": 3010
      }
    ],
    "recommendations": [
      "Type detection/conversion could benefit from Rust",
      "Core serialization loop could be Rust-accelerated",
      "Hybrid approach: Rust for performance-critical paths, Python for flexibility",
      "Focus on chunked processing optimization for large datasets",
      "Template-based deserialization already provides significant speedups"
    ]
  }
}
